  0
SECTION
  2
HEADER
  9
$ACADVER
  1
AC1021
  9
$ACADMAINTVER
 70
    50
  9
$DWGCODEPAGE
  3
ANSI_936
  9
$LASTSAVEDBY
  1
ag
  9
$INSBASE
 10
0.0
 20
0.0
 30
0.0
  9
$EXTMIN
 10
140.2595076478175
 20
222.7765980356
 30
0.0
  9
$EXTMAX
 10
331.8707090088
 20
317.7169489337919
 30
0.0
  9
$LIMMIN
 10
0.0
 20
0.0
  9
$LIMMAX
 10
558.8
 20
431.8
  9
$ORTHOMODE
 70
     0
  9
$REGENMODE
 70
     1
  9
$FILLMODE
 70
     1
  9
$QTEXTMODE
 70
     0
  9
$MIRRTEXT
 70
     0
  9
$LTSCALE
 40
30.734
  9
$ATTMODE
 70
     1
  9
$TEXTSIZE
 40
2.5
  9
$TRACEWID
 40
0.05
  9
$TEXTSTYLE
  7
Verdana
  9
$CLAYER
  8
DIM
  9
$CELTYPE
  6
BYLAYER
  9
$CECOLOR
 62
   256
  9
$CELTSCALE
 40
1.0
  9
$DISPSILH
 70
     0
  9
$DIMSCALE
 40
1.0
  9
$DIMASZ
 40
2.0
  9
$DIMEXO
 40
0.625
  9
$DIMDLI
 40
3.75
  9
$DIMRND
 40
0.0
  9
$DIMDLE
 40
0.0
  9
$DIMEXE
 40
1.25
  9
$DIMTP
 40
0.0
  9
$DIMTM
 40
0.0
  9
$DIMTXT
 40
2.5
  9
$DIMCEN
 40
0.0
  9
$DIMTSZ
 40
0.0
  9
$DIMTOL
 70
     0
  9
$DIMLIM
 70
     0
  9
$DIMTIH
 70
     0
  9
$DIMTOH
 70
     0
  9
$DIMSE1
 70
     0
  9
$DIMSE2
 70
     0
  9
$DIMTAD
 70
     1
  9
$DIMZIN
 70
     9
  9
$DIMBLK
  1

  9
$DIMASO
 70
     1
  9
$DIMSHO
 70
     1
  9
$DIMPOST
  1

  9
$DIMAPOST
  1

  9
$DIMALT
 70
     0
  9
$DIMALTD
 70
     3
  9
$DIMALTF
 40
0.03937007874016
  9
$DIMLFAC
 40
1.0
  9
$DIMTOFL
 70
     1
  9
$DIMTVP
 40
0.0
  9
$DIMTIX
 70
     0
  9
$DIMSOXD
 70
     0
  9
$DIMSAH
 70
     0
  9
$DIMBLK1
  1

  9
$DIMBLK2
  1

  9
$DIMSTYLE
  2
aaaaaaaa 3.0
  9
$DIMCLRD
 70
     0
  9
$DIMCLRE
 70
     0
  9
$DIMCLRT
 70
     0
  9
$DIMTFAC
 40
1.0
  9
$DIMGAP
 40
0.625
  9
$DIMJUST
 70
     0
  9
$DIMSD1
 70
     0
  9
$DIMSD2
 70
     0
  9
$DIMTOLJ
 70
     0
  9
$DIMTZIN
 70
     8
  9
$DIMALTZ
 70
     0
  9
$DIMALTTZ
 70
     0
  9
$DIMUPT
 70
     0
  9
$DIMDEC
 70
     2
  9
$DIMTDEC
 70
     2
  9
$DIMALTU
 70
     2
  9
$DIMALTTD
 70
     3
  9
$DIMTXSTY
  7
Verdana
  9
$DIMAUNIT
 70
     0
  9
$DIMADEC
 70
     2
  9
$DIMALTRND
 40
0.0
  9
$DIMAZIN
 70
     0
  9
$DIMDSEP
 70
    46
  9
$DIMATFIT
 70
     3
  9
$DIMFRAC
 70
     0
  9
$DIMLDRBLK
  1

  9
$DIMLUNIT
 70
     2
  9
$DIMLWD
 70
    25
  9
$DIMLWE
 70
    25
  9
$DIMTMOVE
 70
     0
  9
$DIMFXL
 40
1.0
  9
$DIMFXLON
 70
     0
  9
$DIMJOGANG
 40
0.7853981633974483
  9
$DIMTFILL
 70
     0
  9
$DIMTFILLCLR
 70
     0
  9
$DIMARCSYM
 70
     0
  9
$DIMLTYPE
  6

  9
$DIMLTEX1
  6

  9
$DIMLTEX2
  6

  9
$LUNITS
 70
     2
  9
$LUPREC
 70
     4
  9
$SKETCHINC
 40
0.1
  9
$FILLETRAD
 40
0.0
  9
$AUNITS
 70
     0
  9
$AUPREC
 70
     0
  9
$MENU
  1

  9
$ELEVATION
 40
0.0
  9
$PELEVATION
 40
0.0
  9
$THICKNESS
 40
0.0
  9
$LIMCHECK
 70
     0
  9
$CHAMFERA
 40
0.0
  9
$CHAMFERB
 40
0.0
  9
$CHAMFERC
 40
0.0
  9
$CHAMFERD
 40
0.0
  9
$SKPOLY
 70
     0
  9
$TDCREATE
 40
2461109.831764479
  9
$TDUCREATE
 40
2461109.498431146
  9
$TDUPDATE
 40
2461110.438727952
  9
$TDUUPDATE
 40
2461110.105394618
  9
$TDINDWG
 40
0.014850937
  9
$TDUSRTIMER
 40
2461109.513281736
  9
$USRTIMER
 70
     1
  9
$ANGBASE
 50
0.0
  9
$ANGDIR
 70
     0
  9
$PDMODE
 70
     3
  9
$PDSIZE
 40
0.3125
  9
$PLINEWID
 40
0.0
  9
$SPLFRAME
 70
     0
  9
$SPLINETYPE
 70
     6
  9
$SPLINESEGS
 70
     8
  9
$HANDSEED
  5
897
  9
$SURFTAB1
 70
     6
  9
$SURFTAB2
 70
     6
  9
$SURFTYPE
 70
     6
  9
$SURFU
 70
     6
  9
$SURFV
 70
     6
  9
$UCSBASE
  2

  9
$UCSNAME
  2

  9
$UCSORG
 10
0.0
 20
0.0
 30
0.0
  9
$UCSXDIR
 10
1.0
 20
0.0
 30
0.0
  9
$UCSYDIR
 10
0.0
 20
1.0
 30
0.0
  9
$UCSORTHOREF
  2

  9
$UCSORTHOVIEW
 70
     0
  9
$UCSORGTOP
 10
0.0
 20
0.0
 30
0.0
  9
$UCSORGBOTTOM
 10
0.0
 20
0.0
 30
0.0
  9
$UCSORGLEFT
 10
0.0
 20
0.0
 30
0.0
  9
$UCSORGRIGHT
 10
0.0
 20
0.0
 30
0.0
  9
$UCSORGFRONT
 10
0.0
 20
0.0
 30
0.0
  9
$UCSORGBACK
 10
0.0
 20
0.0
 30
0.0
  9
$PUCSBASE
  2

  9
$PUCSNAME
  2

  9
$PUCSORG
 10
0.0
 20
0.0
 30
0.0
  9
$PUCSXDIR
 10
1.0
 20
0.0
 30
0.0
  9
$PUCSYDIR
 10
0.0
 20
1.0
 30
0.0
  9
$PUCSORTHOREF
  2

  9
$PUCSORTHOVIEW
 70
     0
  9
$PUCSORGTOP
 10
0.0
 20
0.0
 30
0.0
  9
$PUCSORGBOTTOM
 10
0.0
 20
0.0
 30
0.0
  9
$PUCSORGLEFT
 10
0.0
 20
0.0
 30
0.0
  9
$PUCSORGRIGHT
 10
0.0
 20
0.0
 30
0.0
  9
$PUCSORGFRONT
 10
0.0
 20
0.0
 30
0.0
  9
$PUCSORGBACK
 10
0.0
 20
0.0
 30
0.0
  9
$USERI1
 70
     0
  9
$USERI2
 70
     0
  9
$USERI3
 70
     0
  9
$USERI4
 70
     0
  9
$USERI5
 70
     0
  9
$USERR1
 40
0.0
  9
$USERR2
 40
0.0
  9
$USERR3
 40
0.0
  9
$USERR4
 40
0.0
  9
$USERR5
 40
0.0
  9
$WORLDVIEW
 70
     1
  9
$SHADEDGE
 70
     3
  9
$SHADEDIF
 70
    70
  9
$TILEMODE
 70
     1
  9
$MAXACTVP
 70
    64
  9
$PINSBASE
 10
0.0
 20
0.0
 30
0.0
  9
$PLIMCHECK
 70
     0
  9
$PEXTMIN
 10
1.000000000000000E+20
 20
1.000000000000000E+20
 30
1.000000000000000E+20
  9
$PEXTMAX
 10
-1.000000000000000E+20
 20
-1.000000000000000E+20
 30
-1.000000000000000E+20
  9
$PLIMMIN
 10
0.0
 20
0.0
  9
$PLIMMAX
 10
12.0
 20
9.0
  9
$UNITMODE
 70
     0
  9
$VISRETAIN
 70
     1
  9
$PLINEGEN
 70
     0
  9
$PSLTSCALE
 70
     1
  9
$TREEDEPTH
 70
  3020
  9
$CMLSTYLE
  2
Standard
  9
$CMLJUST
 70
     0
  9
$CMLSCALE
 40
1.0
  9
$PROXYGRAPHICS
 70
     1
  9
$MEASUREMENT
 70
     1
  9
$CELWEIGHT
370
    -1
  9
$ENDCAPS
280
     0
  9
$JOINSTYLE
280
     0
  9
$LWDISPLAY
290
     0
  9
$INSUNITS
 70
     4
  9
$HYPERLINKBASE
  1

  9
$STYLESHEET
  1

  9
$XEDIT
290
     0
  9
$CEPSNTYPE
380
     0
  9
$PSTYLEMODE
290
     1
  9
$FINGERPRINTGUID
  2
{1B4E830B-A357-443C-BE6D-B946F8696EB0}
  9
$VERSIONGUID
  2
{24E8C69B-A192-4F6A-9A9E-17E241D45E16}
  9
$EXTNAMES
290
     1
  9
$PSVPSCALE
 40
0.0
  9
$OLESTARTUP
290
     0
  9
$SORTENTS
280
   127
  9
$INDEXCTL
280
     0
  9
$HIDETEXT
280
     1
  9
$XCLIPFRAME
290
     1
  9
$HALOGAP
280
     0
  9
$OBSCOLOR
 70
   257
  9
$OBSLTYPE
280
     0
  9
$INTERSECTIONDISPLAY
280
     0
  9
$INTERSECTIONCOLOR
 70
   257
  9
$DIMASSOC
280
     2
  9
$PROJECTNAME
  1

  9
$CAMERADISPLAY
290
     0
  9
$LENSLENGTH
 40
50.0
  9
$CAMERAHEIGHT
 40
0.0
  9
$STEPSPERSEC
 40
2.0
  9
$STEPSIZE
 40
6.0
  9
$3DDWFPREC
 40
2.0
  9
$PSOLWIDTH
 40
0.25
  9
$PSOLHEIGHT
 40
4.0
  9
$LOFTANG1
 40
1.570796326794896
  9
$LOFTANG2
 40
1.570796326794896
  9
$LOFTMAG1
 40
0.0
  9
$LOFTMAG2
 40
0.0
  9
$LOFTPARAM
 70
     7
  9
$LOFTNORMALS
280
     1
  9
$LATITUDE
 40
0.0
  9
$LONGITUDE
 40
0.0
  9
$NORTHDIRECTION
 40
0.0
  9
$TIMEZONE
 70
 -8000
  9
$LIGHTGLYPHDISPLAY
280
     1
  9
$TILEMODELIGHTSYNCH
280
     1
  9
$CMATERIAL
347
50D
  9
$SOLIDHIST
280
     1
  9
$SHOWHIST
280
     1
  9
$DWFFRAME
280
     2
  9
$DGNFRAME
280
     0
  9
$REALWORLDSCALE
290
     1
  9
$INTERFERECOLOR
 62
     1
  9
$CSHADOW
280
     0
  9
$SHADOWPLANELOCATION
 40
0.0
  0
ENDSEC
  0
SECTION
  2
CLASSES
  0
CLASS
  1
ACDBDICTIONARYWDFLT
  2
AcDbDictionaryWithDefault
  3
AutoCAD 2000
 90
        0
 91
        1
280
     0
281
     0
  0
CLASS
  1
ACDBPLACEHOLDER
  2
AcDbPlaceHolder
  3
AutoCAD 2000
 90
        0
 91
        0
280
     0
281
     0
  0
CLASS
  1
LAYOUT
  2
AcDbLayout
  3
AutoCAD 2000
 90
        0
 91
        0
280
     0
281
     0
  0
CLASS
  1
MATERIAL
  2
AcDbMaterial
  3
ObjectDBX Classes
 90
        0
 91
        3
280
     0
281
     0
  0
CLASS
  1
VISUALSTYLE
  2
AcDbVisualStyle
  3
ObjectDBX Classes
 90
     4095
 91
       24
280
     0
281
     0
  0
CLASS
  1
TABLESTYLE
  2
AcDbTableStyle
  3
ObjectDBX Classes
 90
     2047
 91
        1
280
     0
281
     0
  0
CLASS
  1
MLEADERSTYLE
  2
AcDbMLeaderStyle
  3
ACDB_MLEADERSTYLE_CLASS
 90
     4095
 91
        1
280
     0
281
     0
  0
CLASS
  1
SCALE
  2
AcDbScale
  3
ObjectDBX Classes
 90
     1153
 91
       17
280
     0
281
     0
  0
CLASS
  1
SORTENTSTABLE
  2
AcDbSortentsTable
  3
ObjectDBX Classes
 90
        0
 91
        0
280
     0
281
     0
  0
CLASS
  1
DIMASSOC
  2
AcDbDimAssoc
  3
ZcDbDimAssoc ObjectDBX Classes
 90
        0
 91
        4
280
     0
281
     0
  0
CLASS
  1
DICTIONARYVAR
  2
AcDbDictionaryVar
  3
ObjectDBX Classes
 90
        0
 91
        4
280
     0
281
     0
  0
CLASS
  1
CELLSTYLEMAP
  2
AcDbCellStyleMap
  3
ObjectDBX Classes
 90
     1152
 91
        3
280
     0
281
     0
  0
CLASS
  1
RASTERVARIABLES
  2
AcDbRasterVariables
  3
ISM
 90
        0
 91
        1
280
     0
281
     0
  0
ENDSEC
  0
SECTION
  2
TABLES
  0
TABLE
  2
VPORT
  5
8
330
0
100
AcDbSymbolTable
 70
     1
  0
VPORT
  5
1F4
330
8
100
AcDbSymbolTableRecord
100
AcDbViewportTableRecord
  2
*ACTIVE
 70
     0
 10
0.0
 20
0.0
 11
1.0
 21
1.0
 12
248.8008485962615
 22
260.7633379530164
 13
0.0
 23
0.0
 14
1.0
 24
1.0
 15
0.0
 25
0.0
 16
0.0
 26
0.0
 36
1.0
 17
0.0
 27
0.0
 37
0.0
 40
186.0740708820068
 41
1.51931330472103
 42
50.0
 43
0.0
 44
0.0
 50
0.0
 51
0.0
 71
     0
 72
   100
 73
     1
 74
     1
 75
     0
 76
     0
 77
     0
 78
     0
281
     0
 65
     1
110
0.0
120
0.0
130
0.0
111
1.0
121
0.0
131
0.0
112
0.0
122
1.0
132
0.0
 79
     0
146
0.0
348
515
 60
     3
 61
     5
292
     1
282
     1
141
0.0
142
0.0
 63
   256
  0
ENDTAB
  0
TABLE
  2
LTYPE
  5
5
330
0
100
AcDbSymbolTable
 70
     1
  0
LTYPE
  5
14
330
5
100
AcDbSymbolTableRecord
100
AcDbLinetypeTableRecord
  2
BYBLOCK
 70
     0
  3

 72
    65
 73
     0
 40
0.0
  0
LTYPE
  5
15
330
5
100
AcDbSymbolTableRecord
100
AcDbLinetypeTableRecord
  2
BYLAYER
 70
     0
  3

 72
    65
 73
     0
 40
0.0
  0
LTYPE
  5
16
330
5
100
AcDbSymbolTableRecord
100
AcDbLinetypeTableRecord
  2
CONTINUOUS
 70
     0
  3
Solid line
 72
    65
 73
     0
 40
0.0
  0
ENDTAB
  0
TABLE
  2
LAYER
  5
2
102
{ACAD_XDICTIONARY
360
5D2
102
}
330
0
100
AcDbSymbolTable
 70
     4
  0
LAYER
  5
10
330
2
100
AcDbSymbolTableRecord
100
AcDbLayerTableRecord
  2
0
 70
     0
 62
     7
  6
CONTINUOUS
370
    -3
390
F
347
50F
1071
 33554687
  0
LAYER
  5
216
330
2
100
AcDbSymbolTableRecord
100
AcDbLayerTableRecord
  2
DIM
 70
     0
 62
     6
  6
CONTINUOUS
370
    -3
390
F
347
50F
1071
 33554687
  0
LAYER
  5
544
330
2
100
AcDbSymbolTableRecord
100
AcDbLayerTableRecord
  2
Defpoints
 70
     0
 62
     7
  6
CONTINUOUS
290
     0
370
    -3
390
F
347
50F
1071
 33554687
  0
LAYER
  5
54B
102
{ACAD_XDICTIONARY
360
54C
102
}
330
2
100
AcDbSymbolTableRecord
100
AcDbLayerTableRecord
  2
盖板
 70
     0
 62
     6
  6
CONTINUOUS
370
    -3
390
F
347
50F
1071
 33554687
1001
AcAecLayerStandard
1000

1000

  0
ENDTAB
  0
TABLE
  2
STYLE
  5
3
330
0
100
AcDbSymbolTable
 70
     4
  0
STYLE
  5
11
330
3
100
AcDbSymbolTableRecord
100
AcDbTextStyleTableRecord
  2
STANDARD
 70
     0
 40
0.0
 41
0.8
 50
0.0
 71
     0
 42
0.2
  3
txt
  4

  0
STYLE
  5
55E
330
3
100
AcDbSymbolTableRecord
100
AcDbTextStyleTableRecord
  2
宋体
 70
     0
 40
0.0
 41
1.0
 50
0.0
 71
     0
 42
2.5
  3

  4

1001
ACAD
1000
SimSun
1071
    34306
  0
STYLE
  5
559
330
3
100
AcDbSymbolTableRecord
100
AcDbTextStyleTableRecord
  2
NOTE
 70
     0
 40
0.0
 41
0.8
 50
0.0
 71
     0
 42
3.487162467040206
  3
ROMANS.shx
  4
EXTFONT.shx
  0
STYLE
  5
677
330
3
100
AcDbSymbolTableRecord
100
AcDbTextStyleTableRecord
  2
Verdana
 70
     0
 40
2.0
 41
1.0
 50
0.0
 71
     0
 42
2.5
  3
verdana.ttf
  4

1001
ACAD
1000
Verdana
1071
       34
  0
ENDTAB
  0
TABLE
  2
VIEW
  5
6
330
0
100
AcDbSymbolTable
 70
     0
  0
ENDTAB
  0
TABLE
  2
UCS
  5
7
330
0
100
AcDbSymbolTable
 70
     0
  0
ENDTAB
  0
TABLE
  2
APPID
  5
9
330
0
100
AcDbSymbolTable
 70
     9
  0
APPID
  5
229
330
9
100
AcDbSymbolTableRecord
100
AcDbRegAppTableRecord
  2
ACAD
 70
     0
  0
APPID
  5
55B
330
9
100
AcDbSymbolTableRecord
100
AcDbRegAppTableRecord
  2
ACAD_PSEXT
 70
     0
  0
APPID
  5
55C
330
9
100
AcDbSymbolTableRecord
100
AcDbRegAppTableRecord
  2
AcLayerTools
 70
     0
  0
APPID
  5
55D
330
9
100
AcDbSymbolTableRecord
100
AcDbRegAppTableRecord
  2
ACAD_NAV_VCDISPLAY
 70
     0
  0
APPID
  5
54E
330
9
100
AcDbSymbolTableRecord
100
AcDbRegAppTableRecord
  2
AcAecLayerStandard
 70
     0
  0
APPID
  5
653
330
9
100
AcDbSymbolTableRecord
100
AcDbRegAppTableRecord
  2
ACAD_DSTYLE_DIMRADIAL_EXTENSION
 70
     0
  0
APPID
  5
678
330
9
100
AcDbSymbolTableRecord
100
AcDbRegAppTableRecord
  2
AcadAnnotative
 70
     0
  0
APPID
  5
6CA
330
9
100
AcDbSymbolTableRecord
100
AcDbRegAppTableRecord
  2
ACAD_DSTYLE_DIMINSPECT
 70
     0
  0
APPID
  5
7E0
330
9
100
AcDbSymbolTableRecord
100
AcDbRegAppTableRecord
  2
ACAD_MLEADERVER
 70
     0
  0
ENDTAB
  0
TABLE
  2
DIMSTYLE
  5
A
330
0
100
AcDbSymbolTable
 70
     4
100
AcDbDimStyleTable
 71
     0
  0
DIMSTYLE
105
22D
102
{ACAD_REACTORS
330
5DE
330
5DB
330
782
330
81A
330
83D
102
}
330
A
100
AcDbSymbolTableRecord
100
AcDbDimStyleTableRecord
  2
STANDARD
 70
     0
 41
0.1875
 44
0.125
 47
0.01
 48
0.01
 78
     8
 79
     2
140
0.15625
147
0.625
171
     1
179
     2
271
     2
272
     2
284
     8
340
11
341
22C
342
22C
343
22C
344
22C
  0
DIMSTYLE
105
55A
330
A
100
AcDbSymbolTableRecord
100
AcDbDimStyleTableRecord
  2
STANDARD$0
 70
     0
 41
1.199999999999999
 42
0.5
 43
0.8
 44
0.8
 47
0.2
 48
0.2
 73
     0
 74
     0
 78
     1
 79
     2
140
1.6
141
0.0
146
0.5
147
0.6
172
     1
176
     3
177
     3
271
     2
178
     3
179
     1
271
     2
272
     2
283
     0
284
     8
340
11
371
    13
372
    13
  0
DIMSTYLE
105
558
330
A
100
AcDbSymbolTableRecord
100
AcDbDimStyleTableRecord
  2
STANDARD$7
 70
     0
 41
1.25
 42
0.25
 43
4.0
 44
0.25
 73
     0
 74
     0
140
1.5
141
0.5
147
0.25
172
     1
176
   256
177
     5
271
     2
178
   256
179
     2
271
     2
272
     2
289
     1
340
559
  0
DIMSTYLE
105
676
102
{ACAD_REACTORS
330
7A9
102
}
330
A
100
AcDbSymbolTableRecord
100
AcDbDimStyleTableRecord
  2
aaaaaaaa 3.0
 70
     0
 41
2.0
 42
0.625
 43
3.75
 44
1.25
 73
     0
 74
     0
 77
     1
 78
     9
140
2.5
141
0.0
143
0.03937007874016
147
0.625
171
     3
172
     1
179
     2
271
     2
272
     2
274
     3
283
     0
284
     8
340
677
371
    25
372
    25
1001
AcadAnnotative
1000
AnnotativeData
1002
{
1070
     1
1070
     0
1002
}
  0
ENDTAB
  0
TABLE
  2
BLOCK_RECORD
  5
1
330
0
100
AcDbSymbolTable
 70
    16
  0
BLOCK_RECORD
  5
22A
330
1
100
AcDbSymbolTableRecord
100
AcDbBlockTableRecord
  2
*MODEL_SPACE
340
50A
 70
     0
280
     1
281
     0
  0
BLOCK_RECORD
  5
22B
330
1
100
AcDbSymbolTableRecord
100
AcDbBlockTableRecord
  2
*PAPER_SPACE
340
50B
 70
     0
280
     1
281
     0
  0
BLOCK_RECORD
  5
22C
330
1
100
AcDbSymbolTableRecord
100
AcDbBlockTableRecord
  2
_FILLED
340
0
102
{BLKREFS
331
65B
331
669
102
}
 70
     0
280
     1
281
     0
  0
BLOCK_RECORD
  5
5ED
330
1
100
AcDbSymbolTableRecord
100
AcDbBlockTableRecord
  2
*D1
340
0
 70
     0
280
     1
281
     0
  0
BLOCK_RECORD
  5
5F5
330
1
100
AcDbSymbolTableRecord
100
AcDbBlockTableRecord
  2
*D2
340
0
 70
     0
280
     1
281
     0
  0
BLOCK_RECORD
  5
5FD
330
1
100
AcDbSymbolTableRecord
100
AcDbBlockTableRecord
  2
*D3
340
0
 70
     0
280
     1
281
     0
  0
BLOCK_RECORD
  5
605
330
1
100
AcDbSymbolTableRecord
100
AcDbBlockTableRecord
  2
*D4
340
0
 70
     0
280
     1
281
     0
  0
BLOCK_RECORD
  5
611
330
1
100
AcDbSymbolTableRecord
100
AcDbBlockTableRecord
  2
*D5
340
0
 70
     0
280
     1
281
     0
  0
BLOCK_RECORD
  5
61D
330
1
100
AcDbSymbolTableRecord
100
AcDbBlockTableRecord
  2
*D6
340
0
 70
     0
280
     1
281
     0
  0
BLOCK_RECORD
  5
665
330
1
100
AcDbSymbolTableRecord
100
AcDbBlockTableRecord
  2
*D7
340
0
 70
     0
280
     1
281
     0
  0
BLOCK_RECORD
  5
699
330
1
100
AcDbSymbolTableRecord
100
AcDbBlockTableRecord
  2
*D8
340
0
 70
     0
280
     1
281
     0
  0
BLOCK_RECORD
  5
6A7
330
1
100
AcDbSymbolTableRecord
100
AcDbBlockTableRecord
  2
*D9
340
0
 70
     0
280
     1
281
     0
  0
BLOCK_RECORD
  5
6BF
330
1
100
AcDbSymbolTableRecord
100
AcDbBlockTableRecord
  2
*D10
340
0
 70
     0
280
     1
281
     0
  0
BLOCK_RECORD
  5
74E
330
1
100
AcDbSymbolTableRecord
100
AcDbBlockTableRecord
  2
*D11
340
0
 70
     0
280
     1
281
     0
  0
BLOCK_RECORD
  5
785
330
1
100
AcDbSymbolTableRecord
100
AcDbBlockTableRecord
  2
*D12
340
0
 70
     0
280
     1
281
     0
  0
BLOCK_RECORD
  5
7AC
330
1
100
AcDbSymbolTableRecord
100
AcDbBlockTableRecord
  2
*D13
340
0
 70
     0
280
     1
281
     0
  0
BLOCK_RECORD
  5
81D
330
1
100
AcDbSymbolTableRecord
100
AcDbBlockTableRecord
  2
*D14
340
0
 70
     0
280
     1
281
     0
  0
BLOCK_RECORD
  5
840
330
1
100
AcDbSymbolTableRecord
100
AcDbBlockTableRecord
  2
*D15
340
0
 70
     0
280
     1
281
     0
  0
ENDTAB
  0
ENDSEC
  0
SECTION
  2
BLOCKS
  0
BLOCK
  5
20
330
22A
100
AcDbEntity
  8
0
100
AcDbBlockBegin
  2
*MODEL_SPACE
 70
     0
 10
0.0
 20
0.0
 30
0.0
  3
*MODEL_SPACE
  1

  0
ENDBLK
  5
21
330
22A
100
AcDbEntity
  8
0
100
AcDbBlockEnd
  0
BLOCK
  5
1C
330
22B
100
AcDbEntity
 67
     1
  8
0
100
AcDbBlockBegin
  2
*PAPER_SPACE
 70
     0
 10
0.0
 20
0.0
 30
0.0
  3
*PAPER_SPACE
  1

  0
ENDBLK
  5
1D
330
22B
100
AcDbEntity
 67
     1
  8
0
100
AcDbBlockEnd
  0
BLOCK
  5
22E
330
22C
100
AcDbEntity
  8
0
100
AcDbBlockBegin
  2
_FILLED
 70
     0
 10
0.0
 20
0.0
 30
0.0
  3
_FILLED
  1

  0
SOLID
  5
22F
330
22C
100
AcDbEntity
  8
0
  6
ByBlock
 62
     0
100
AcDbTrace
 10
0.0
 20
0.0
 30
0.0
 11
-1.0
 21
0.1666666667
 31
0.0
 12
-1.0
 22
-0.1666666667
 32
0.0
 13
-1.0
 23
-0.1666666667
 33
0.0
  0
ENDBLK
  5
230
330
22C
100
AcDbEntity
  8
0
  6
ByBlock
 62
     0
100
AcDbBlockEnd
  0
BLOCK
  5
5F3
330
5ED
100
AcDbEntity
  8
0
100
AcDbBlockBegin
  2
*D1
 70
     1
 10
0.0
 20
0.0
 30
0.0
  3
*D1
  1

  0
LINE
  5
838
330
5ED
100
AcDbEntity
  8
DIM
370
     5
100
AcDbLine
 10
143.8925573441862
 20
294.8737687664209
 30
0.0
 11
171.4499647377396
 21
288.1697076141717
 31
0.0
  0
MTEXT
  5
839
330
5ED
100
AcDbEntity
  8
DIM
370
     5
100
AcDbMText
 10
151.5013259381674
 20
294.1651111222425
 30
0.0
 40
2.0
 41
0.0
 46
0.0
 71
     5
 72
     1
  1
\Ftxt.shx,gbcbig;∅36.55\fSimSun|b0|i0|c134|p2; VA
  7
宋体
 11
0.971660250118885
 21
-0.2363818062772725
 31
0.0
 73
     1
 44
1.0
1001
ACAD
1000
MTEXTBEGIN
1070
    73
1070
     1
1070
    44
1040
1.0
1070
    74
1070
     0
1000
MTEXTEND
  0
SOLID
  5
83A
330
5ED
100
AcDbEntity
  8
DIM
100
AcDbTrace
 10
171.3711708023138
 20
287.8458208641321
 30
0.0
 11
171.5287586731654
 21
288.4935943642113
 31
0.0
 12
173.3932852379774
 22
287.6969440016171
 32
0.0
 13
173.3932852379774
 23
287.6969440016171
 33
0.0
  0
POINT
  5
83B
330
5ED
100
AcDbEntity
  8
Defpoints
 62
     0
100
AcDbPoint
 10
173.3932852379774
 20
287.6969440016171
 30
0.0
  0
POINT
  5
83C
330
5ED
100
AcDbEntity
  8
Defpoints
 62
     0
100
AcDbPoint
 10
208.9074673798226
 20
279.0571889821828
 30
0.0
  0
ENDBLK
  5
5F4
330
5ED
100
AcDbEntity
  8
0
100
AcDbBlockEnd
  0
BLOCK
  5
5FB
330
5F5
100
AcDbEntity
  8
0
100
AcDbBlockBegin
  2
*D2
 70
     1
 10
0.0
 20
0.0
 30
0.0
  3
*D2
  1

  0
LINE
  5
7DA
330
5F5
100
AcDbEntity
  8
DIM
370
     5
100
AcDbLine
 10
225.2230157703685
 20
310.7945501858166
 30
0.0
 11
209.0694009212171
 21
297.7961010276507
 31
0.0
  0
MTEXT
  5
7DB
330
5F5
100
AcDbEntity
  8
DIM
370
     5
100
AcDbMText
 10
217.6478516161972
 20
306.5324581992857
 30
0.0
 40
2.0
 41
0.0
 46
0.0
 71
     5
 72
     1
  1
{\Ftxt,gbcbig|c134;∅42.00} 弧宽
  7
宋体
 11
0.7790880266224847
 21
0.6269145450326407
 31
0.0
 73
     1
 44
1.0
1001
ACAD
1000
MTEXTBEGIN
1070
    73
1070
     1
1070
    44
1040
1.0
1070
    74
1070
     0
1000
MTEXTEND
  0
SOLID
  5
7DC
330
5F5
100
AcDbEntity
  8
DIM
100
AcDbTrace
 10
208.8604294062063
 20
298.0557970365249
 30
0.0
 11
209.278372436228
 21
297.5364050187765
 31
0.0
 12
207.5112248679722
 22
296.5422719375855
 32
0.0
 13
207.5112248679722
 23
296.5422719375855
 33
0.0
  0
POINT
  5
7DD
330
5F5
100
AcDbEntity
  8
Defpoints
 62
     0
100
AcDbPoint
 10
207.5112248679722
 20
296.5422719375855
 30
0.0
  0
POINT
  5
7DE
330
5F5
100
AcDbEntity
  8
Defpoints
 62
     0
100
AcDbPoint
 10
174.7895277498278
 20
270.2118610462146
 30
0.0
  0
ENDBLK
  5
5FC
330
5F5
100
AcDbEntity
  8
0
100
AcDbBlockEnd
  0
BLOCK
  5
603
330
5FD
100
AcDbEntity
  8
0
100
AcDbBlockBegin
  2
*D3
 70
     1
 10
0.0
 20
0.0
 30
0.0
  3
*D3
  1

  0
LINE
  5
85D
330
5FD
100
AcDbEntity
  8
DIM
370
     5
100
AcDbLine
 10
147.8200513235572
 20
308.5373026681885
 30
0.0
 11
168.6660197706124
 21
296.4328587336281
 31
0.0
  0
MTEXT
  5
85E
330
5FD
100
AcDbEntity
  8
DIM
370
     5
100
AcDbMText
 10
154.2925840939685
 20
306.0366730140058
 30
0.0
 40
2.0
 41
0.0
 46
0.0
 71
     5
 72
     1
  1
\fSimSun|b0|i0|c134|p0;∅48.00\fSimSun|b0|i0|c134|p2; OD
  7
宋体
 11
0.8647829437802915
 21
-0.502145855451076
 31
0.0
 73
     1
 44
1.0
1001
ACAD
1000
MTEXTBEGIN
1070
    73
1070
     1
1070
    44
1040
1.0
1070
    74
1070
     0
1000
MTEXTEND
  0
SOLID
  5
85F
330
5FD
100
AcDbEntity
  8
DIM
100
AcDbTrace
 10
168.4986378187954
 20
296.1445977523679
 30
0.0
 11
168.8334017224294
 21
296.7211197148882
 31
0.0
 12
170.395585658173
 22
295.4285670227259
 32
0.0
 13
170.395585658173
 23
295.4285670227259
 33
0.0
  0
POINT
  5
860
330
5FD
100
AcDbEntity
  8
Defpoints
 62
     0
100
AcDbPoint
 10
170.395585658173
 20
295.4285670227259
 30
0.0
  0
POINT
  5
861
330
5FD
100
AcDbEntity
  8
Defpoints
 62
     0
100
AcDbPoint
 10
211.905166959627
 20
271.3255659610742
 30
0.0
  0
ENDBLK
  5
604
330
5FD
100
AcDbEntity
  8
0
100
AcDbBlockEnd
  0
BLOCK
  5
60F
330
605
100
AcDbEntity
  8
0
100
AcDbBlockBegin
  2
*D4
 70
     1
 10
0.0
 20
0.0
 30
0.0
  3
*D4
  1

  0
LINE
  5
638
330
605
100
AcDbEntity
  8
DIM
 62
     4
370
     5
100
AcDbLine
 10
183.5056263665893
 20
391.7112420642638
 30
0.0
 11
180.1153187978876
 21
391.7112420642638
 31
0.0
  0
LINE
  5
639
330
605
100
AcDbEntity
  8
DIM
 62
     4
370
     5
100
AcDbLine
 10
183.5056263665893
 20
397.4362420642639
 30
0.0
 11
180.1153187978876
 21
397.4362420642639
 31
0.0
  0
LINE
  5
63A
330
605
100
AcDbEntity
  8
DIM
 62
     4
370
     5
100
AcDbLine
 10
180.1153187978876
 20
392.5112420642637
 30
0.0
 11
180.1153187978876
 21
396.6362420642637
 31
0.0
  0
SOLID
  5
63B
330
605
100
AcDbEntity
  8
DIM
 62
     4
100
AcDbTrace
 10
179.9819854645543
 20
392.5112420642637
 30
0.0
 11
180.2486521312209
 21
392.5112420642637
 31
0.0
 12
180.1153187978876
 22
391.7112420642638
 32
0.0
 13
180.1153187978876
 23
391.7112420642638
 33
0.0
  0
SOLID
  5
63C
330
605
100
AcDbEntity
  8
DIM
 62
     4
100
AcDbTrace
 10
180.2486521312209
 20
396.6362420642637
 30
0.0
 11
179.9819854645543
 21
396.6362420642637
 31
0.0
 12
180.1153187978876
 22
397.4362420642639
 32
0.0
 13
180.1153187978876
 23
397.4362420642639
 33
0.0
  0
MTEXT
  5
63D
330
605
100
AcDbEntity
  8
DIM
 62
     4
370
     5
100
AcDbMText
 10
179.0276651666026
 20
394.5737420642637
 30
0.0
 40
2.0
 41
0.0
 46
0.0
 71
     5
 72
     1
  1
5.73
  7
宋体
 11
0.0
 21
1.0
 31
0.0
 73
     1
 44
1.0
1001
ACAD
1000
MTEXTBEGIN
1070
    73
1070
     1
1070
    44
1040
1.0
1070
    74
1070
     0
1000
MTEXTEND
  0
POINT
  5
63E
330
605
100
AcDbEntity
  8
Defpoints
 62
     0
100
AcDbPoint
 10
184.0056263665893
 20
391.7112420642638
 30
0.0
  0
POINT
  5
63F
330
605
100
AcDbEntity
  8
Defpoints
 62
     0
100
AcDbPoint
 10
184.0056263665893
 20
397.4362420642639
 30
0.0
  0
POINT
  5
640
330
605
100
AcDbEntity
  8
Defpoints
 62
     0
100
AcDbPoint
 10
180.1153187978876
 20
397.4362420642639
 30
0.0
  0
ENDBLK
  5
610
330
605
100
AcDbEntity
  8
0
100
AcDbBlockEnd
  0
BLOCK
  5
61B
330
611
100
AcDbEntity
  8
0
100
AcDbBlockBegin
  2
*D5
 70
     1
 10
0.0
 20
0.0
 30
0.0
  3
*D5
  1

  0
LINE
  5
641
330
611
100
AcDbEntity
  8
DIM
 62
     4
370
     5
100
AcDbLine
 10
165.7306263665893
 20
373.9362420642637
 30
0.0
 11
165.7306263665893
 21
377.8558602661864
 31
0.0
  0
LINE
  5
642
330
611
100
AcDbEntity
  8
DIM
 62
     4
370
     5
100
AcDbLine
 10
160.0056263665893
 20
373.9362420642637
 30
0.0
 11
160.0056263665893
 21
377.8558602661864
 31
0.0
  0
LINE
  5
643
330
611
100
AcDbEntity
  8
DIM
 62
     4
370
     5
100
AcDbLine
 10
164.9306263665893
 20
377.8558602661864
 30
0.0
 11
160.8056263665893
 21
377.8558602661864
 31
0.0
  0
SOLID
  5
644
330
611
100
AcDbEntity
  8
DIM
 62
     4
100
AcDbTrace
 10
164.9306263665893
 20
377.7225269328531
 30
0.0
 11
164.9306263665893
 21
377.9891935995197
 31
0.0
 12
165.7306263665893
 22
377.8558602661864
 32
0.0
 13
165.7306263665893
 23
377.8558602661864
 33
0.0
  0
SOLID
  5
645
330
611
100
AcDbEntity
  8
DIM
 62
     4
100
AcDbTrace
 10
160.8056263665893
 20
377.9891935995197
 30
0.0
 11
160.8056263665893
 21
377.7225269328531
 31
0.0
 12
160.0056263665893
 22
377.8558602661864
 32
0.0
 13
160.0056263665893
 23
377.8558602661864
 33
0.0
  0
MTEXT
  5
646
330
611
100
AcDbEntity
  8
DIM
 62
     4
370
     5
100
AcDbMText
 10
162.8681263665893
 20
378.9435138974713
 30
0.0
 40
2.0
 41
0.0
 46
0.0
 71
     5
 72
     1
  1
5.73
  7
宋体
 73
     1
 44
1.0
1001
ACAD
1000
MTEXTBEGIN
1070
    73
1070
     1
1070
    44
1040
1.0
1070
    74
1070
     0
1000
MTEXTEND
  0
POINT
  5
647
330
611
100
AcDbEntity
  8
Defpoints
 62
     0
100
AcDbPoint
 10
165.7306263665893
 20
373.4362420642639
 30
0.0
  0
POINT
  5
648
330
611
100
AcDbEntity
  8
Defpoints
 62
     0
100
AcDbPoint
 10
160.0056263665893
 20
373.4362420642639
 30
0.0
  0
POINT
  5
649
330
611
100
AcDbEntity
  8
Defpoints
 62
     0
100
AcDbPoint
 10
160.0056263665893
 20
377.8558602661864
 30
0.0
  0
ENDBLK
  5
61C
330
611
100
AcDbEntity
  8
0
100
AcDbBlockEnd
  0
BLOCK
  5
627
330
61D
100
AcDbEntity
  8
0
100
AcDbBlockBegin
  2
*D6
 70
     1
 10
0.0
 20
0.0
 30
0.0
  3
*D6
  1

  0
LINE
  5
64A
330
61D
100
AcDbEntity
  8
DIM
 62
     4
370
     5
100
AcDbLine
 10
202.2806263665893
 20
373.9362420642637
 30
0.0
 11
202.2806263665893
 21
377.0232865491518
 31
0.0
  0
LINE
  5
64B
330
61D
100
AcDbEntity
  8
DIM
 62
     4
370
     5
100
AcDbLine
 10
208.0056263665893
 20
373.9362420642637
 30
0.0
 11
208.0056263665893
 21
377.0232865491518
 31
0.0
  0
LINE
  5
64C
330
61D
100
AcDbEntity
  8
DIM
 62
     4
370
     5
100
AcDbLine
 10
203.0806263665894
 20
377.0232865491518
 30
0.0
 11
207.2056263665893
 21
377.0232865491518
 31
0.0
  0
SOLID
  5
64D
330
61D
100
AcDbEntity
  8
DIM
 62
     4
100
AcDbTrace
 10
203.0806263665894
 20
377.1566198824851
 30
0.0
 11
203.0806263665894
 21
376.8899532158184
 31
0.0
 12
202.2806263665893
 22
377.0232865491518
 32
0.0
 13
202.2806263665893
 23
377.0232865491518
 33
0.0
  0
SOLID
  5
64E
330
61D
100
AcDbEntity
  8
DIM
 62
     4
100
AcDbTrace
 10
207.2056263665893
 20
376.8899532158184
 30
0.0
 11
207.2056263665893
 21
377.1566198824851
 31
0.0
 12
208.0056263665893
 22
377.0232865491518
 32
0.0
 13
208.0056263665893
 23
377.0232865491518
 33
0.0
  0
MTEXT
  5
64F
330
61D
100
AcDbEntity
  8
DIM
 62
     4
370
     5
100
AcDbMText
 10
205.1431263665894
 20
378.1109401804367
 30
0.0
 40
2.0
 41
0.0
 46
0.0
 71
     5
 72
     1
  1
5.73
  7
宋体
 73
     1
 44
1.0
1001
ACAD
1000
MTEXTBEGIN
1070
    73
1070
     1
1070
    44
1040
1.0
1070
    74
1070
     0
1000
MTEXTEND
  0
POINT
  5
650
330
61D
100
AcDbEntity
  8
Defpoints
 62
     0
100
AcDbPoint
 10
202.2806263665893
 20
373.4362420642639
 30
0.0
  0
POINT
  5
651
330
61D
100
AcDbEntity
  8
Defpoints
 62
     0
100
AcDbPoint
 10
208.0056263665893
 20
373.4362420642639
 30
0.0
  0
POINT
  5
652
330
61D
100
AcDbEntity
  8
Defpoints
 62
     0
100
AcDbPoint
 10
208.0056263665893
 20
377.0232865491518
 30
0.0
  0
ENDBLK
  5
628
330
61D
100
AcDbEntity
  8
0
100
AcDbBlockEnd
  0
BLOCK
  5
66E
330
665
100
AcDbEntity
  8
DIM
100
AcDbBlockBegin
  2
*D7
 70
     1
 10
0.0
 20
0.0
 30
0.0
  3
*D7
  1

  0
LINE
  5
666
330
665
100
AcDbEntity
  8
DIM
 62
     0
370
    -2
100
AcDbLine
 10
204.1386360994808
 20
314.8010517252659
 30
0.0
 11
203.9511360994808
 21
314.8010517252659
 31
0.0
  0
LINE
  5
667
330
665
100
AcDbEntity
  8
DIM
 62
     0
370
    -2
100
AcDbLine
 10
203.9511360994808
 20
314.8010517252659
 30
0.0
 11
200.6902457512677
 21
306.7960448486212
 31
0.0
  0
MTEXT
  5
668
330
665
100
AcDbEntity
  8
DIM
 62
     0
100
AcDbMText
 10
205.1490527661475
 20
314.8010517252659
 30
0.0
 40
0.15625
 41
0.0
 46
0.0
 71
     5
 72
     1
  1
\A1;R25.1000
  7
Verdana
 73
     1
 44
1.0
1001
ACAD
1000
MTEXTBEGIN
1070
    73
1070
     1
1070
    44
1040
1.0
1070
    74
1070
     0
1000
MTEXTEND
  0
INSERT
  5
669
330
665
100
AcDbEntity
  8
DIM
 62
     0
370
    -2
100
AcDbBlockReference
  2
_FILLED
 10
200.6195101894113
 20
306.6223994332229
 30
0.0
 41
0.1875
 42
0.1875
 43
0.1875
 50
247.8361633745655
  0
LINE
  5
66A
330
665
100
AcDbEntity
  8
DIM
 62
     0
370
    -2
100
AcDbLine
 10
186.1211763089
 20
283.3770664919
 30
0.0
 11
196.1795763089
 21
283.3770664919
 31
0.0
  0
LINE
  5
66B
330
665
100
AcDbEntity
  8
DIM
 62
     0
370
    -2
100
AcDbLine
 10
191.1503763089
 20
278.3478664919
 30
0.0
 11
191.1503763089
 21
288.4062664919
 31
0.0
  0
POINT
  5
66C
330
665
100
AcDbEntity
  8
Defpoints
 62
     0
100
AcDbPoint
 10
200.6195101894113
 20
306.6223994332229
 30
0.0
  0
POINT
  5
66D
330
665
100
AcDbEntity
  8
Defpoints
 62
     0
100
AcDbPoint
 10
191.1503763089
 20
283.3770664919
 30
0.0
  0
ENDBLK
  5
66F
330
665
100
AcDbEntity
  8
DIM
100
AcDbBlockEnd
  0
BLOCK
  5
69A
330
699
100
AcDbEntity
  8
DIM
100
AcDbBlockBegin
  2
*D8
 70
     1
 10
0.0
 20
0.0
 30
0.0
  3
*D8
  1

  0
LINE
  5
69B
330
699
100
AcDbEntity
  8
DIM
 62
     0
370
    25
100
AcDbLine
 10
357.9797338241406
 20
314.4679510198094
 30
0.0
 11
357.9797338241406
 21
330.1455618573251
 31
0.0
  0
LINE
  5
69C
330
699
100
AcDbEntity
  8
DIM
 62
     0
370
    25
100
AcDbLine
 10
484.8797338241404
 20
314.4679510198094
 30
0.0
 11
484.8797338241404
 21
330.1455618573251
 31
0.0
  0
LINE
  5
69D
330
699
100
AcDbEntity
  8
DIM
 62
     0
370
    25
100
AcDbLine
 10
359.9797338241406
 20
328.8955618573252
 30
0.0
 11
482.8797338241406
 21
328.8955618573252
 31
0.0
  0
SOLID
  5
69E
330
699
100
AcDbEntity
  8
DIM
 62
     0
100
AcDbTrace
 10
359.9797338241406
 20
329.2288951906585
 30
0.0
 11
359.9797338241406
 21
328.5622285239919
 31
0.0
 12
357.9797338241406
 22
328.8955618573252
 32
0.0
 13
357.9797338241406
 23
328.8955618573252
 33
0.0
  0
SOLID
  5
69F
330
699
100
AcDbEntity
  8
DIM
 62
     0
100
AcDbTrace
 10
482.8797338241406
 20
328.5622285239919
 30
0.0
 11
482.8797338241406
 21
329.2288951906585
 31
0.0
 12
484.8797338241404
 22
328.8955618573252
 32
0.0
 13
484.8797338241404
 23
328.8955618573252
 33
0.0
  0
MTEXT
  5
6A0
330
699
100
AcDbEntity
  8
DIM
 62
     0
100
AcDbMText
 10
421.4297338241905
 20
330.8226102119256
 30
0.0
 40
2.5
 41
0.0
 46
0.0
 71
     5
 72
     1
  1
126.9
  7
Verdana
 73
     1
 44
2.5
1001
ACAD
1000
MTEXTBEGIN
1070
    73
1070
     1
1070
    44
1040
2.5
1070
    74
1070
     0
1000
MTEXTEND
  0
POINT
  5
6A1
330
699
100
AcDbEntity
  8
Defpoints
 62
     0
100
AcDbPoint
 10
357.9797338241406
 20
313.8429510198094
 30
0.0
  0
POINT
  5
6A2
330
699
100
AcDbEntity
  8
Defpoints
 62
     0
100
AcDbPoint
 10
484.8797338241404
 20
313.8429510198094
 30
0.0
  0
POINT
  5
6A3
330
699
100
AcDbEntity
  8
Defpoints
 62
     0
100
AcDbPoint
 10
484.8797338241404
 20
328.8955618573252
 30
0.0
  0
ENDBLK
  5
6A4
330
699
100
AcDbEntity
  8
DIM
100
AcDbBlockEnd
  0
BLOCK
  5
6B1
330
6A7
100
AcDbEntity
  8
DIM
100
AcDbBlockBegin
  2
*D9
 70
     1
 10
0.0
 20
0.0
 30
0.0
  3
*D9
  1

  0
LINE
  5
775
330
6A7
100
AcDbEntity
  8
DIM
 62
     0
370
    25
100
AcDbLine
 10
128.5072052362787
 20
324.4239722635969
 30
0.0
 11
128.5072052362787
 21
340.1015831011127
 31
0.0
  0
LINE
  5
776
330
6A7
100
AcDbEntity
  8
DIM
 62
     0
370
    25
100
AcDbLine
 10
255.4072052362787
 20
324.4239722635969
 30
0.0
 11
255.4072052362787
 21
340.1015831011127
 31
0.0
  0
LINE
  5
777
330
6A7
100
AcDbEntity
  8
DIM
 62
     0
370
    25
100
AcDbLine
 10
130.5072052362787
 20
338.8515831011127
 30
0.0
 11
253.4072052362787
 21
338.8515831011127
 31
0.0
  0
SOLID
  5
778
330
6A7
100
AcDbEntity
  8
DIM
 62
     0
100
AcDbTrace
 10
130.5072052362787
 20
339.184916434446
 30
0.0
 11
130.5072052362787
 21
338.5182497677794
 31
0.0
 12
128.5072052362787
 22
338.8515831011127
 32
0.0
 13
128.5072052362787
 23
338.8515831011127
 33
0.0
  0
SOLID
  5
779
330
6A7
100
AcDbEntity
  8
DIM
 62
     0
100
AcDbTrace
 10
253.4072052362787
 20
338.5182497677794
 30
0.0
 11
253.4072052362787
 21
339.184916434446
 31
0.0
 12
255.4072052362787
 22
338.8515831011127
 32
0.0
 13
255.4072052362787
 23
338.8515831011127
 33
0.0
  0
MTEXT
  5
77A
330
6A7
100
AcDbEntity
  8
DIM
 62
     0
100
AcDbMText
 10
191.9572052363287
 20
340.518221784793
 30
0.0
 40
2.0
 41
0.0
 46
0.0
 71
     5
 72
     1
  1
126.9
  7
Verdana
 73
     1
 44
2.5
1001
ACAD
1000
MTEXTBEGIN
1070
    73
1070
     1
1070
    44
1040
2.5
1070
    74
1070
     0
1000
MTEXTEND
  0
POINT
  5
77B
330
6A7
100
AcDbEntity
  8
Defpoints
 62
     0
100
AcDbPoint
 10
128.5072052362787
 20
323.7989722635969
 30
0.0
  0
POINT
  5
77C
330
6A7
100
AcDbEntity
  8
Defpoints
 62
     0
100
AcDbPoint
 10
255.4072052362787
 20
323.7989722635969
 30
0.0
  0
POINT
  5
77D
330
6A7
100
AcDbEntity
  8
Defpoints
 62
     0
100
AcDbPoint
 10
255.4072052362787
 20
338.8515831011127
 30
0.0
  0
ENDBLK
  5
6B2
330
6A7
100
AcDbEntity
  8
DIM
100
AcDbBlockEnd
  0
BLOCK
  5
6C8
330
6BF
100
AcDbEntity
  8
DIM
100
AcDbBlockBegin
  2
*D10
 70
     1
 10
0.0
 20
0.0
 30
0.0
  3
*D10
  1

  0
LINE
  5
6D1
330
6BF
100
AcDbEntity
  8
DIM
 62
     4
370
     5
100
AcDbLine
 10
225.4032868681203
 20
305.785529013525
 30
0.0
 11
207.1129396043733
 21
293.8198725342437
 31
0.0
  0
MTEXT
  5
6D2
330
6BF
100
AcDbEntity
  8
DIM
370
     5
100
AcDbMText
 10
221.0692592792463
 20
304.2499099514557
 30
0.0
 40
2.0
 41
0.0
 46
0.0
 71
     5
 72
     1
  1
∅36.55
  7
宋体
 11
0.8368316275477491
 21
0.5474603429800056
 31
0.0
 73
     1
 44
1.0
1001
ACAD
1000
MTEXTBEGIN
1070
    73
1070
     1
1070
    44
1040
1.0
1070
    74
1070
     0
1000
MTEXTEND
  0
SOLID
  5
6D3
330
6BF
100
AcDbEntity
  8
DIM
 62
     4
100
AcDbTrace
 10
207.039944891976
 20
293.9314500845833
 30
0.0
 11
207.1859343167707
 21
293.7082949839039
 31
0.0
 12
206.4434743023351
 22
293.3819042598596
 32
0.0
 13
206.4434743023351
 23
293.3819042598596
 33
0.0
  0
POINT
  5
6D4
330
6BF
100
AcDbEntity
  8
Defpoints
 62
     0
100
AcDbPoint
 10
206.4434743023351
 20
293.3819042598596
 30
0.0
  0
POINT
  5
6D5
330
6BF
100
AcDbEntity
  8
Defpoints
 62
     0
100
AcDbPoint
 10
175.8572783154649
 20
273.3722287239404
 30
0.0
  0
ENDBLK
  5
6C9
330
6BF
100
AcDbEntity
  8
DIM
100
AcDbBlockEnd
  0
BLOCK
  5
754
330
74E
100
AcDbEntity
  8
DIM
100
AcDbBlockBegin
  2
*D11
 70
     1
 10
0.0
 20
0.0
 30
0.0
  3
*D11
  1

  0
LINE
  5
758
330
74E
100
AcDbEntity
  8
DIM
 62
     0
370
    25
100
AcDbLine
 10
187.9893119010545
 20
282.8014500609254
 30
0.0
 11
175.1386763364043
 21
280.4614037900805
 31
0.0
  0
MTEXT
  5
759
330
74E
100
AcDbEntity
  8
DIM
 62
     0
100
AcDbMText
 10
182.2244529794609
 20
283.5863618616435
 30
0.0
 40
2.0
 41
0.0
 46
0.0
 71
     5
 72
     1
  1
∅36.55
  7
Verdana
 11
0.9838218109060342
 21
0.1791497819858338
 31
0.0
 73
     1
 44
1.0
1001
ACAD
1000
MTEXTBEGIN
1070
    73
1070
     1
1070
    44
1040
1.0
1070
    74
1070
     0
1000
MTEXTEND
  0
SOLID
  5
75A
330
74E
100
AcDbEntity
  8
DIM
 62
     0
100
AcDbTrace
 10
175.078959742409
 20
280.7893443937159
 30
0.0
 11
175.1983929303996
 21
280.1334631864452
 31
0.0
 12
173.1710327145921
 22
280.1031042261089
 32
0.0
 13
173.1710327145921
 23
280.1031042261089
 33
0.0
  0
POINT
  5
75B
330
74E
100
AcDbEntity
  8
Defpoints
 62
     0
100
AcDbPoint
 10
173.1710327145921
 20
280.1031042261089
 30
0.0
  0
POINT
  5
75C
330
74E
100
AcDbEntity
  8
Defpoints
 62
     0
100
AcDbPoint
 10
209.1297199032078
 20
286.6510287576911
 30
0.0
  0
ENDBLK
  5
755
330
74E
100
AcDbEntity
  8
DIM
100
AcDbBlockEnd
  0
BLOCK
  5
78E
330
785
100
AcDbEntity
  8
DIM
100
AcDbBlockBegin
  2
*D12
 70
     1
 10
0.0
 20
0.0
 30
0.0
  3
*D12
  1

  0
LINE
  5
7D5
330
785
100
AcDbEntity
  8
DIM
370
     5
100
AcDbLine
 10
142.1485512878831
 20
282.2313485994794
 30
0.0
 11
164.0577807478415
 21
282.7436110752271
 31
0.0
  0
MTEXT
  5
7D6
330
785
100
AcDbEntity
  8
DIM
370
     5
100
AcDbMText
 10
146.6062041143348
 20
283.4235244345186
 30
0.0
 40
2.0
 41
0.0
 46
0.0
 71
     5
 72
     1
  1
∅50.20
  7
宋体
 11
0.9997267734707939
 21
0.0233747386226154
 31
0.0
 73
     1
 44
1.0
1001
ACAD
1000
MTEXTBEGIN
1070
    73
1070
     1
1070
    44
1040
1.0
1070
    74
1070
     0
1000
MTEXTEND
  0
SOLID
  5
7D7
330
785
100
AcDbEntity
  8
DIM
100
AcDbTrace
 10
164.0655723273823
 20
282.4103688174036
 30
0.0
 11
164.0499891683005
 21
283.0768533330507
 31
0.0
 12
166.0572342947831
 22
282.7903605524724
 32
0.0
 13
166.0572342947831
 23
282.7903605524724
 33
0.0
  0
POINT
  5
7D8
330
785
100
AcDbEntity
  8
Defpoints
 62
     0
100
AcDbPoint
 10
166.0572342947831
 20
282.7903605524724
 30
0.0
  0
POINT
  5
7D9
330
785
100
AcDbEntity
  8
Defpoints
 62
     0
100
AcDbPoint
 10
216.2435183230169
 20
283.9637724313277
 30
0.0
  0
ENDBLK
  5
78F
330
785
100
AcDbEntity
  8
DIM
100
AcDbBlockEnd
  0
BLOCK
  5
7B6
330
7AC
100
AcDbEntity
  8
DIM
100
AcDbBlockBegin
  2
*D13
 70
     1
 10
0.0
 20
0.0
 30
0.0
  3
*D13
  1

  0
LINE
  5
7B8
330
7AC
100
AcDbEntity
  8
DIM
 62
     0
370
    25
100
AcDbLine
 10
242.8348283478
 20
305.5020664919
 30
0.0
 11
242.8348283478
 21
316.2935942371569
 31
0.0
  0
LINE
  5
7B9
330
7AC
100
AcDbEntity
  8
DIM
 62
     0
370
    25
100
AcDbLine
 10
257.3348283478
 20
307.1520664919
 30
0.0
 11
257.3348283478
 21
316.2935942371569
 31
0.0
  0
LINE
  5
7BA
330
7AC
100
AcDbEntity
  8
DIM
 62
     0
370
    25
100
AcDbLine
 10
244.8348283478
 20
315.0435942371569
 30
0.0
 11
255.3348283478
 21
315.0435942371569
 31
0.0
  0
SOLID
  5
7BB
330
7AC
100
AcDbEntity
  8
DIM
 62
     0
100
AcDbTrace
 10
244.8348283478
 20
315.3769275704902
 30
0.0
 11
244.8348283478
 21
314.7102609038236
 31
0.0
 12
242.8348283478
 22
315.0435942371569
 32
0.0
 13
242.8348283478
 23
315.0435942371569
 33
0.0
  0
SOLID
  5
7BC
330
7AC
100
AcDbEntity
  8
DIM
 62
     0
100
AcDbTrace
 10
255.3348283478
 20
314.7102609038236
 30
0.0
 11
255.3348283478
 21
315.3769275704902
 31
0.0
 12
257.3348283478
 22
315.0435942371569
 32
0.0
 13
257.3348283478
 23
315.0435942371569
 33
0.0
  0
MTEXT
  5
7BD
330
7AC
100
AcDbEntity
  8
DIM
 62
     0
100
AcDbMText
 10
250.0848283478
 20
316.6927715373583
 30
0.0
 40
2.0
 41
0.0
 46
0.0
 71
     5
 72
     1
  1
14.5
  7
Verdana
 73
     1
 44
1.0
1001
ACAD
1000
MTEXTBEGIN
1070
    73
1070
     1
1070
    44
1040
1.0
1070
    74
1070
     0
1000
MTEXTEND
  0
POINT
  5
7BE
330
7AC
100
AcDbEntity
  8
Defpoints
 62
     0
100
AcDbPoint
 10
242.8348283478
 20
304.8770664919
 30
0.0
  0
POINT
  5
7BF
330
7AC
100
AcDbEntity
  8
Defpoints
 62
     0
100
AcDbPoint
 10
257.3348283478
 20
306.5270664919
 30
0.0
  0
POINT
  5
7C0
330
7AC
100
AcDbEntity
  8
Defpoints
 62
     0
100
AcDbPoint
 10
257.3348283478
 20
315.0435942371569
 30
0.0
  0
ENDBLK
  5
7B7
330
7AC
100
AcDbEntity
  8
DIM
100
AcDbBlockEnd
  0
BLOCK
  5
826
330
81D
100
AcDbEntity
  8
DIM
100
AcDbBlockBegin
  2
*D14
 70
     1
 10
0.0
 20
0.0
 30
0.0
  3
*D14
  1

  0
LINE
  5
82D
330
81D
100
AcDbEntity
  8
DIM
370
     5
100
AcDbLine
 10
143.629098783123
 20
302.6438089658656
 30
0.0
 11
172.453597840146
 21
290.957376504712
 31
0.0
  0
MTEXT
  5
82E
330
81D
100
AcDbEntity
  8
DIM
370
     5
100
AcDbMText
 10
150.2229846353324
 20
301.1440700143382
 30
0.0
 40
2.0
 41
0.0
 46
0.0
 71
     5
 72
     1
  1
∅36.35 AA
  7
宋体
 11
0.9267300356259704
 21
-0.3757278816759377
 31
0.0
 73
     1
 44
1.0
1001
ACAD
1000
MTEXTBEGIN
1070
    73
1070
     1
1070
    44
1040
1.0
1070
    74
1070
     0
1000
MTEXTEND
  0
SOLID
  5
82F
330
81D
100
AcDbEntity
  8
DIM
100
AcDbTrace
 10
172.3283552129208
 20
290.6484664928367
 30
0.0
 11
172.5788404673713
 21
291.2662865165874
 31
0.0
 12
174.307057911398
 22
290.2059207413602
 32
0.0
 13
174.307057911398
 23
290.2059207413602
 33
0.0
  0
POINT
  5
830
330
81D
100
AcDbEntity
  8
Defpoints
 62
     0
100
AcDbPoint
 10
174.307057911398
 20
290.2059207413602
 30
0.0
  0
POINT
  5
831
330
81D
100
AcDbEntity
  8
Defpoints
 62
     0
100
AcDbPoint
 10
207.993694706402
 20
276.5482122424398
 30
0.0
  0
ENDBLK
  5
827
330
81D
100
AcDbEntity
  8
DIM
100
AcDbBlockEnd
  0
BLOCK
  5
849
330
840
100
AcDbEntity
  8
DIM
100
AcDbBlockBegin
  2
*D15
 70
     1
 10
0.0
 20
0.0
 30
0.0
  3
*D15
  1

  0
LINE
  5
853
330
840
100
AcDbEntity
  8
DIM
370
     5
100
AcDbLine
 10
141.5287700357017
 20
294.4811283284941
 30
0.0
 11
171.3647101956526
 21
287.8045987001504
 31
0.0
  0
MTEXT
  5
854
330
840
100
AcDbEntity
  8
DIM
370
     5
100
AcDbMText
 10
148.2794492287691
 20
294.0850500698338
 30
0.0
 40
2.0
 41
0.0
 46
0.0
 71
     5
 72
     1
  1
∅36.55 AA
  7
宋体
 11
0.97586515971627
 21
-0.2183739683477373
 31
0.0
 73
     1
 44
1.0
1001
ACAD
1000
MTEXTBEGIN
1070
    73
1070
     1
1070
    44
1040
1.0
1070
    74
1070
     0
1000
MTEXTEND
  0
SOLID
  5
855
330
840
100
AcDbEntity
  8
DIM
100
AcDbTrace
 10
171.29191887287
 20
287.4793103135783
 30
0.0
 11
171.4375015184352
 21
288.1298870867225
 31
0.0
 12
173.3164405150851
 22
287.3678507634549
 32
0.0
 13
173.3164405150851
 23
287.3678507634549
 33
0.0
  0
POINT
  5
856
330
840
100
AcDbEntity
  8
Defpoints
 62
     0
100
AcDbPoint
 10
173.3164405150851
 20
287.3678507634549
 30
0.0
  0
POINT
  5
857
330
840
100
AcDbEntity
  8
Defpoints
 62
     0
100
AcDbPoint
 10
208.9843121027148
 20
279.3862822203451
 30
0.0
  0
ENDBLK
  5
84A
330
840
100
AcDbEntity
  8
DIM
100
AcDbBlockEnd
  0
ENDSEC
  0
SECTION
  2
ENTITIES
  0
LINE
  5
235
330
22A
100
AcDbEntity
  8
0
  6
Continuous
100
AcDbLine
 10
213.5385783176
 20
294.7182389392
 30
0.0
 11
213.9591602833
 21
294.8713182558
 31
0.0
  0
LWPOLYLINE
  5
236
330
22A
100
AcDbEntity
  8
0
  6
Continuous
100
AcDbPolyline
 90
        6
 70
     0
 43
0.0
 10
213.9591609964
 20
271.8828166977
 10
213.9781067493
 20
271.876966988
 10
214.0463110411
 20
271.8716356702
 10
214.1123212934
 20
271.8896022651
 10
214.1684115469
 20
271.9287613009
 10
214.2080207734
 20
271.9845246402
  0
LINE
  5
237
330
22A
100
AcDbEntity
  8
0
  6
Continuous
100
AcDbLine
 10
213.5385783176
 20
272.0358940445
 30
0.0
 11
213.9591602833
 21
271.8828147279
 31
0.0
  0
LINE
  5
238
330
22A
100
AcDbEntity
  8
0
  6
Continuous
100
AcDbLine
 10
214.8445016028
 20
293.3404189877
 30
0.0
 11
214.6596861954
 21
293.2639777343
 31
0.0
  0
LINE
  5
239
330
22A
100
AcDbEntity
  8
0
  6
Continuous
100
AcDbLine
 10
214.2739255711
 20
293.1235723495
 30
0.0
 11
214.6596861954
 21
293.2639777343
 31
0.0
  0
LINE
  5
23A
330
22A
100
AcDbEntity
  8
0
  6
Continuous
100
AcDbLine
 10
215.7054488601
 20
290.9749858388
 30
0.0
 11
215.5147365538
 21
290.9147461823
 31
0.0
  0
LINE
  5
23B
330
22A
100
AcDbEntity
  8
0
  6
Continuous
100
AcDbLine
 10
215.7054488601
 20
275.7791471449
 30
0.0
 11
215.5147365538
 21
275.8393868014
 31
0.0
  0
LINE
  5
23C
330
22A
100
AcDbEntity
  8
0
  6
Continuous
100
AcDbLine
 10
214.2739255711
 20
273.6305606343
 30
0.0
 11
214.6596861954
 21
273.4901552494
 31
0.0
  0
LINE
  5
23D
330
22A
100
AcDbEntity
  8
0
  6
Continuous
100
AcDbLine
 10
214.8445016028
 20
273.413713996
 30
0.0
 11
214.6596861954
 21
273.4901552494
 31
0.0
  0
LINE
  5
23E
330
22A
100
AcDbEntity
  8
0
  6
Continuous
100
AcDbLine
 10
215.1301034006
 20
290.7747511635
 30
0.0
 11
215.5147365538
 21
290.9147461823
 31
0.0
  0
LINE
  5
23F
330
22A
100
AcDbEntity
  8
0
  6
Continuous
100
AcDbLine
 10
215.1301034006
 20
275.9793818203
 30
0.0
 11
215.5147365538
 21
275.8393868014
 31
0.0
  0
LWPOLYLINE
  5
240
330
22A
100
AcDbEntity
  8
0
  6
Continuous
100
AcDbPolyline
 90
        6
 70
     0
 43
0.0
 10
216.0112804234
 20
289.2331644983
 10
216.029553833
 20
289.240861456
 10
216.0852282568
 20
289.2806183033
 10
216.1242463391999
 20
289.3368120858
 10
216.1420430231
 20
289.4028637675
 10
216.1365414674
 20
289.4710412838
  0
LINE
  5
241
330
22A
100
AcDbEntity
  8
0
  6
Continuous
100
AcDbLine
 10
215.5858451659
 20
289.0783164986999
 30
0.0
 11
216.0112811432
 21
289.2331625311
 31
0.0
  0
LINE
  5
242
330
22A
100
AcDbEntity
  8
0
  6
Continuous
100
AcDbLine
 10
215.5858451659
 20
277.675816485
 30
0.0
 11
216.0112811432
 21
277.5209704527
 31
0.0
  0
LWPOLYLINE
  5
243
330
22A
100
AcDbEntity
  8
0
  6
Continuous
100
AcDbPolyline
 90
        6
 70
     0
 43
0.0
 10
216.1365414674
 20
277.2830916999
 10
216.1420430231
 20
277.3512692162
 10
216.1242463391999
 20
277.4173208979
 10
216.0852282568
 20
277.4735146804
 10
216.029553833
 20
277.5132715277
 10
216.0112804234
 20
277.5209684854
  0
LWPOLYLINE
  5
244
330
22A
100
AcDbEntity
  8
0
  6
Continuous
100
AcDbPolyline
 90
        6
 70
     0
 43
0.0
 10
214.2080207734
 20
294.7696083435
 10
214.1684115469
 20
294.8253716828
 10
214.1123212934
 20
294.8645307186
 10
214.0463110411
 20
294.8824973135
 10
213.9781067493
 20
294.8771659957
 10
213.9591609964
 20
294.8713162861
  0
LINE
  5
245
330
22A
100
AcDbEntity
  8
0
  6
Continuous
100
AcDbLine
 10
255.5848283478
 20
258.2770664919
 30
0.0
 11
251.4848283478
 21
258.2770664919
 31
0.0
  0
LINE
  5
246
330
22A
100
AcDbEntity
  8
0
  6
Continuous
100
AcDbLine
 10
246.8848283478
 20
258.2770664919
 30
0.0
 11
244.2848283478
 21
258.2770664919
 31
0.0
  0
LINE
  5
247
330
22A
100
AcDbEntity
  8
0
  6
Continuous
100
AcDbLine
 10
248.8848283478
 20
258.84423864
 30
0.0
 11
249.4848283478
 21
258.84423864
 31
0.0
  0
LINE
  5
248
330
22A
100
AcDbEntity
  8
0
  6
Continuous
100
AcDbLine
 10
243.3848283478
 20
259.3770664919
 30
0.0
 11
243.4848283478
 21
259.3770664919
 31
0.0
  0
LINE
  5
249
330
22A
100
AcDbEntity
  8
0
  6
Continuous
100
AcDbLine
 10
256.3848283478
 20
259.4270664919
 30
0.0
 11
256.5348283478
 21
259.4270664919
 31
0.0
  0
LINE
  5
24A
330
22A
100
AcDbEntity
  8
0
  6
Continuous
100
AcDbLine
 10
251.4848283478
 20
258.4903328864
 30
0.0
 11
251.4004604811
 21
258.5739839072
 31
0.0
  0
LINE
  5
24B
330
22A
100
AcDbEntity
  8
0
  6
Continuous
100
AcDbLine
 10
251.0787771383
 20
258.6831177014
 30
0.0
 11
251.4848283478
 21
258.2770664919
 31
0.0
  0
LINE
  5
24C
330
22A
100
AcDbEntity
  8
0
  6
Continuous
100
AcDbLine
 10
242.8348283478
 20
304.8769940254
 30
0.0
 11
242.8348283478
 21
261.8771389583
 31
0.0
  0
LINE
  5
24D
330
22A
100
AcDbEntity
  8
0
  6
Continuous
100
AcDbLine
 10
243.3848283478
 20
259.3770664919
 30
0.0
 11
243.3848283478
 21
307.3770664919
 31
0.0
  0
LINE
  5
24E
330
22A
100
AcDbEntity
  8
0
  6
Continuous
100
AcDbLine
 10
243.4848283478
 20
259.0770664919
 30
0.0
 11
243.4848283478
 21
307.6770664919
 31
0.0
  0
LINE
  5
24F
330
22A
100
AcDbEntity
  8
0
  6
Continuous
100
AcDbLine
 10
244.2848283478
 20
258.2770664919
 30
0.0
 11
244.2848283478
 21
308.4770664919
 31
0.0
  0
LINE
  5
250
330
22A
100
AcDbEntity
  8
0
  6
Continuous
100
AcDbLine
 10
246.8848283478
 20
258.2770664919
 30
0.0
 11
246.8848283478
 21
258.4903328864
 31
0.0
  0
LINE
  5
251
330
22A
100
AcDbEntity
  8
0
  6
Continuous
100
AcDbLine
 10
247.8848283478
 20
293.1257357093
 30
0.0
 11
247.8848283478
 21
290.7765041573
 31
0.0
  0
LINE
  5
252
330
22A
100
AcDbEntity
  8
0
  6
Continuous
100
AcDbLine
 10
247.8848283478
 20
275.9776288264
 30
0.0
 11
247.8848283478
 21
273.6283972744
 31
0.0
  0
LINE
  5
253
330
22A
100
AcDbEntity
  8
0
  6
Continuous
100
AcDbLine
 10
248.0348283478
 20
276.5655119212
 30
0.0
 11
248.0348283478
 21
273.4901552494
 31
0.0
  0
LINE
  5
254
330
22A
100
AcDbEntity
  8
0
  6
Continuous
100
AcDbLine
 10
248.0348283478
 20
290.1886210625
 30
0.0
 11
248.0348283478
 21
293.2639777343
 31
0.0
  0
LINE
  5
255
330
22A
100
AcDbEntity
  8
0
  6
Continuous
100
AcDbLine
 10
248.2348283478
 20
293.3404189877
 30
0.0
 11
248.2348283478
 21
290.9749858388
 31
0.0
  0
LINE
  5
256
330
22A
100
AcDbEntity
  8
0
  6
Continuous
100
AcDbLine
 10
248.2348283478
 20
275.7791471449
 30
0.0
 11
248.2348283478
 21
273.413713996
 31
0.0
  0
LWPOLYLINE
  5
257
330
22A
100
AcDbEntity
  8
0
  6
Continuous
100
AcDbPolyline
 90
       15
 70
     0
 43
0.0
 10
248.0348283496
 20
273.4901450428
 10
248.071727591
 20
273.1569556191
 10
248.1954920007
 20
272.8086511908
 10
248.4012707528
 20
272.4948965878
 10
248.6787313625
 20
272.2325237192
 10
249.0133749321
 20
272.0351489469
 10
249.3877694061
 20
271.912585721
 10
249.7826859395
 20
271.8707562758
 10
250.1778138545
 20
271.9117231312
 10
250.552707211
 20
272.033545578
 10
250.8879068831
 20
272.2302671379
 10
251.1660028862
 20
272.4920648315
 10
251.372573647
 20
272.8054632701
 10
251.4972286091
 20
273.1538136919
 10
251.5348283458
 20
273.4901444623
  0
LINE
  5
258
330
22A
100
AcDbEntity
  8
0
  6
Continuous
100
AcDbLine
 10
251.3348283478
 20
273.413713996
 30
0.0
 11
251.3348283478
 21
275.7791471449
 31
0.0
  0
LINE
  5
259
330
22A
100
AcDbEntity
  8
0
  6
Continuous
100
AcDbLine
 10
251.3348283478
 20
290.9749858388
 30
0.0
 11
251.3348283478
 21
293.3404189877
 31
0.0
  0
LINE
  5
25A
330
22A
100
AcDbEntity
  8
0
  6
Continuous
100
AcDbLine
 10
251.4848283478
 20
258.4903328864
 30
0.0
 11
251.4848283478
 21
258.2770664919
 31
0.0
  0
LINE
  5
25B
330
22A
100
AcDbEntity
  8
0
  6
Continuous
100
AcDbLine
 10
251.5348283478
 20
273.4901552494
 30
0.0
 11
251.5348283478
 21
276.5655119212
 31
0.0
  0
LINE
  5
25C
330
22A
100
AcDbEntity
  8
0
  6
Continuous
100
AcDbLine
 10
251.5348283478
 20
290.1886210625
 30
0.0
 11
251.5348283478
 21
293.2639777343
 31
0.0
  0
LINE
  5
25D
330
22A
100
AcDbEntity
  8
0
  6
Continuous
100
AcDbLine
 10
251.6848283478
 20
293.1257357093
 30
0.0
 11
251.6848283478
 21
290.7765041573
 31
0.0
  0
LINE
  5
25E
330
22A
100
AcDbEntity
  8
0
  6
Continuous
100
AcDbLine
 10
251.6848283478
 20
275.9776288264
 30
0.0
 11
251.6848283478
 21
273.6283972744
 31
0.0
  0
LWPOLYLINE
  5
25F
330
22A
100
AcDbEntity
  8
0
  6
Continuous
100
AcDbPolyline
 90
       15
 70
     0
 43
0.0
 10
251.534828346
 20
293.2639879409
 10
251.4979291047
 20
293.5971773646
 10
251.3741646949
 20
293.9454817929
 10
251.1683859429
 20
294.2592363959
 10
250.8909253331
 20
294.5216092645
 10
250.5562817635
 20
294.7189840368
 10
250.1818872896
 20
294.8415472627999
 10
249.7869707561
 20
294.8833767079
 10
249.3918428412
 20
294.8424098526
 10
249.0169494847
 20
294.7205874057
 10
248.6817498126
 20
294.5238658458
 10
248.4036538094
 20
294.2620681522
 10
248.1970830487
 20
293.9486697136
 10
248.0724280866
 20
293.6003192918
 10
248.0348283498
 20
293.2639885214
  0
LINE
  5
260
330
22A
100
AcDbEntity
  8
0
  6
Continuous
100
AcDbLine
 10
255.5848283478
 20
308.4770664919
 30
0.0
 11
255.5848283478
 21
258.2770664919
 31
0.0
  0
LINE
  5
261
330
22A
100
AcDbEntity
  8
0
  6
Continuous
100
AcDbLine
 10
256.3848283478
 20
307.6770664919
 30
0.0
 11
256.3848283478
 21
259.0770664919
 31
0.0
  0
LINE
  5
262
330
22A
100
AcDbEntity
  8
0
  6
Continuous
100
AcDbLine
 10
256.5348283478
 20
307.3270664919
 30
0.0
 11
256.5348283478
 21
259.4270664919
 31
0.0
  0
LINE
  5
263
330
22A
100
AcDbEntity
  8
0
  6
Continuous
100
AcDbLine
 10
257.3348283478
 20
306.5270664919
 30
0.0
 11
257.3348283478
 21
260.2270664919
 31
0.0
  0
LINE
  5
264
330
22A
100
AcDbEntity
  8
0
  6
Continuous
100
AcDbLine
 10
247.2908702158
 20
258.6831083598
 30
0.0
 11
246.8848283478
 21
258.2770664919
 31
0.0
  0
LINE
  5
265
330
22A
100
AcDbEntity
  8
0
  6
Continuous
100
AcDbLine
 10
246.8848283478
 20
258.4903328864
 30
0.0
 11
246.9692155442
 21
258.5740030726
 31
0.0
  0
LINE
  5
266
330
22A
100
AcDbEntity
  8
0
  6
Continuous
100
AcDbLine
 10
257.3348283478
 20
260.2270664919
 30
0.0
 11
256.5348283478
 21
259.4270664919
 31
0.0
  0
LINE
  5
267
330
22A
100
AcDbEntity
  8
0
  6
Continuous
100
AcDbLine
 10
256.3848283478
 20
259.0770664919
 30
0.0
 11
255.5848283478
 21
258.2770664919
 31
0.0
  0
LINE
  5
268
102
{ACAD_REACTORS
330
7AB
102
}
330
22A
100
AcDbEntity
  8
0
  6
Continuous
100
AcDbLine
 10
257.3348283478
 20
306.5270664919
 30
0.0
 11
256.5348283478
 21
307.3270664919
 31
0.0
  0
LINE
  5
269
330
22A
100
AcDbEntity
  8
0
  6
Continuous
100
AcDbLine
 10
256.3848283478
 20
307.6770664919
 30
0.0
 11
255.5848283478
 21
308.4770664919
 31
0.0
  0
LINE
  5
26A
330
22A
100
AcDbEntity
  8
0
  6
Continuous
100
AcDbLine
 10
256.3848283478
 20
307.3270664919
 30
0.0
 11
256.5348283478
 21
307.3270664919
 31
0.0
  0
LINE
  5
26B
330
22A
100
AcDbEntity
  8
0
  6
Continuous
100
AcDbLine
 10
243.3848283478
 20
307.3770664919
 30
0.0
 11
243.4848283478
 21
307.3770664919
 31
0.0
  0
LINE
  5
26C
330
22A
100
AcDbEntity
  8
0
  6
Continuous
100
AcDbLine
 10
255.5848283478
 20
308.4770664919
 30
0.0
 11
244.2848283478
 21
308.4770664919
 31
0.0
  0
LINE
  5
26D
330
22A
100
AcDbEntity
  8
0
  6
Continuous
100
AcDbLine
 10
166.0503763089
 20
235.8265980356
 30
0.0
 11
166.0503763089
 21
224.5265980356
 31
0.0
  0
LINE
  5
26E
330
22A
100
AcDbEntity
  8
0
  6
Continuous
100
AcDbLine
 10
166.0665169567
 20
229.3265980356
 30
0.0
 11
166.0665169567
 21
230.6265980356
 31
0.0
  0
LINE
  5
26F
330
22A
100
AcDbEntity
  8
0
  6
Continuous
100
AcDbLine
 10
166.1383791875
 20
229.3265980356
 30
0.0
 11
166.1383791875
 21
230.6265980356
 31
0.0
  0
LINE
  5
270
330
22A
100
AcDbEntity
  8
0
  6
Continuous
100
AcDbLine
 10
166.3552154907
 20
229.3265980356
 30
0.0
 11
166.3552154907
 21
230.6265980356
 31
0.0
  0
LINE
  5
271
330
22A
100
AcDbEntity
  8
0
  6
Continuous
100
AcDbLine
 10
166.573964854
 20
229.3265980356
 30
0.0
 11
166.573964854
 21
230.6265980356
 31
0.0
  0
LINE
  5
272
330
22A
100
AcDbEntity
  8
0
  6
Continuous
100
AcDbLine
 10
167.1503763089
 20
236.7265980356
 30
0.0
 11
167.1503763089
 21
236.6265980356
 31
0.0
  0
LINE
  5
273
330
22A
100
AcDbEntity
  8
0
  6
Continuous
100
AcDbLine
 10
167.2003763089
 20
223.5765980356
 30
0.0
 11
167.2003763089
 21
223.7265980356
 31
0.0
  0
LINE
  5
274
330
22A
100
AcDbEntity
  8
0
  6
Continuous
100
AcDbLine
 10
166.8503763089
 20
223.7265980356
 30
0.0
 11
166.0503763089
 21
224.5265980356
 31
0.0
  0
LINE
  5
275
330
22A
100
AcDbEntity
  8
0
  6
Continuous
100
AcDbLine
 10
168.0003763089
 20
222.7765980356
 30
0.0
 11
167.2003763089
 21
223.5765980356
 31
0.0
  0
LINE
  5
276
330
22A
100
AcDbEntity
  8
0
  6
Continuous
100
AcDbLine
 10
214.3003763089
 20
222.7765980356
 30
0.0
 11
168.0003763089
 21
222.7765980356
 31
0.0
  0
LINE
  5
277
330
22A
100
AcDbEntity
  8
0
  6
Continuous
100
AcDbLine
 10
185.844685252
 20
230.6265980356
 30
0.0
 11
185.844685252
 21
231.2265980356
 31
0.0
  0
LWPOLYLINE
  5
278
330
22A
100
AcDbEntity
  8
0
  6
Continuous
100
AcDbPolyline
 90
       16
 70
     0
 43
0.0
 10
215.5158681155
 20
228.576601556
 10
215.6510923694
 20
228.6048559059
 10
215.787275521
 20
228.7005700963
 10
215.8957306047
 20
228.8522034595
 10
215.9882310672
 20
229.0745348998
 10
216.0657129743
 20
229.3891443038
 10
216.1161705699
 20
229.7541872251
 10
216.139931419
 20
230.1332155654
 10
216.1400510069
 20
230.5160430862
 10
216.1165251035
 20
230.8953522798
 10
216.0663210775
 20
231.2607830481
 10
215.9890577515
 20
231.5760918606
 10
215.8967001764
 20
231.7992054317
 10
215.7884965177
 20
231.9513650701
 10
215.652708817
 20
232.047668557
 10
215.5157947597
 20
232.0765949567
  0
LINE
  5
279
330
22A
100
AcDbEntity
  8
0
  6
Continuous
100
AcDbLine
 10
215.1003763089
 20
223.5765980356
 30
0.0
 11
167.2003763089
 21
223.5765980356
 31
0.0
  0
LINE
  5
27A
330
22A
100
AcDbEntity
  8
0
  6
Continuous
100
AcDbLine
 10
215.4503763089
 20
223.7265980356
 30
0.0
 11
166.8503763089
 21
223.7265980356
 31
0.0
  0
LINE
  5
27B
330
22A
100
AcDbEntity
  8
0
  6
Continuous
100
AcDbLine
 10
216.2503763089
 20
224.5265980356
 30
0.0
 11
166.0503763089
 21
224.5265980356
 31
0.0
  0
LINE
  5
27C
330
22A
100
AcDbEntity
  8
0
  6
Continuous
100
AcDbLine
 10
186.4503763089
 20
230.6265980356
 30
0.0
 11
186.4503763089
 21
231.2265980356
 31
0.0
  0
LINE
  5
27D
330
22A
100
AcDbEntity
  8
0
  6
Continuous
100
AcDbLine
 10
186.5503763089
 20
231.764096189
 30
0.0
 11
186.5503763089
 21
230.9265980356
 31
0.0
  0
LINE
  5
27E
330
22A
100
AcDbEntity
  8
0
  6
Continuous
100
AcDbLine
 10
186.6903763089
 20
231.2465980356
 30
0.0
 11
186.6903763089
 21
230.6465980356
 31
0.0
  0
LINE
  5
27F
330
22A
100
AcDbEntity
  8
0
  6
Continuous
100
AcDbLine
 10
186.8403762658
 20
231.2465993576
 30
0.0
 11
186.8403762658
 21
230.6465974876
 31
0.0
  0
LINE
  5
280
330
22A
100
AcDbEntity
  8
0
  6
Continuous
100
AcDbLine
 10
186.9503763089
 20
232.3105980356
 30
0.0
 11
186.9503763089
 21
232.1265980356
 31
0.0
  0
LINE
  5
281
330
22A
100
AcDbEntity
  8
0
  6
Continuous
100
AcDbLine
 10
186.9903763089
 20
230.6465980356
 30
0.0
 11
186.9903763089
 21
231.2465980356
 31
0.0
  0
LINE
  5
282
330
22A
100
AcDbEntity
  8
0
  6
Continuous
100
AcDbLine
 10
187.0153763271
 20
231.086598035
 30
0.0
 11
187.0153763271
 21
230.7965980357
 31
0.0
  0
LINE
  5
283
330
22A
100
AcDbEntity
  8
0
  6
Continuous
100
AcDbLine
 10
187.1503763089
 20
232.2290575804
 30
0.0
 11
187.1503763089
 21
232.3105980356
 31
0.0
  0
LINE
  5
284
330
22A
100
AcDbEntity
  8
0
  6
Continuous
100
AcDbLine
 10
187.2153763558
 20
230.7965992638
 30
0.0
 11
187.2153763558
 21
231.0865968065
 31
0.0
  0
LINE
  5
285
330
22A
100
AcDbEntity
  8
0
  6
Continuous
100
AcDbLine
 10
187.3974161117
 20
231.9199845937
 30
0.0
 11
187.3974161117
 21
232.0416556514
 31
0.0
  0
LINE
  5
286
330
22A
100
AcDbEntity
  8
0
  6
Continuous
100
AcDbLine
 10
187.5603763089
 20
232.5465980356
 30
0.0
 11
187.5603763089
 21
232.4568171557
 31
0.0
  0
LINE
  5
287
330
22A
100
AcDbEntity
  8
0
  6
Continuous
100
AcDbLine
 10
187.8153763089
 20
231.1415980356
 30
0.0
 11
187.8153763089
 21
230.7415980356
 31
0.0
  0
LINE
  5
288
330
22A
100
AcDbEntity
  8
0
  6
Continuous
100
AcDbLine
 10
187.8208529173
 20
230.8665980356
 30
0.0
 11
187.8208529172
 21
231.0165980356
 31
0.0
  0
LINE
  5
289
330
22A
100
AcDbEntity
  8
0
  6
Continuous
100
AcDbLine
 10
187.8708693877
 20
231.0165980356
 30
0.0
 11
187.8708693877
 21
230.8665980356
 31
0.0
  0
LINE
  5
28A
330
22A
100
AcDbEntity
  8
0
  6
Continuous
100
AcDbLine
 10
187.9153763089
 20
231.2665980355
 30
0.0
 11
187.9153763089
 21
231.0165980355
 31
0.0
  0
LINE
  5
28B
330
22A
100
AcDbEntity
  8
0
  6
Continuous
100
AcDbLine
 10
187.9153763089
 20
230.8665980355
 30
0.0
 11
187.9153763089
 21
230.6165980356
 31
0.0
  0
LINE
  5
28C
330
22A
100
AcDbEntity
  8
0
  6
Continuous
100
AcDbLine
 10
187.9403763089
 20
231.2915980356
 30
0.0
 11
187.9403763089
 21
231.2665980355
 31
0.0
  0
LINE
  5
28D
330
22A
100
AcDbEntity
  8
0
  6
Continuous
100
AcDbLine
 10
187.9403763089
 20
230.6165980356
 30
0.0
 11
187.9403763113
 21
230.5915980418
 31
0.0
  0
LINE
  5
28E
330
22A
100
AcDbEntity
  8
0
  6
Continuous
100
AcDbLine
 10
187.970376315
 20
229.6665980297
 30
0.0
 11
187.9703760554
 21
229.5165980332
 31
0.0
  0
LINE
  5
28F
330
22A
100
AcDbEntity
  8
0
  6
Continuous
100
AcDbLine
 10
187.9703759285
 20
232.3765980358
 30
0.0
 11
187.9703763089
 21
232.2265980402
 31
0.0
  0
LINE
  5
290
330
22A
100
AcDbEntity
  8
0
  6
Continuous
100
AcDbLine
 10
188.0158728544
 20
230.8665980356
 30
0.0
 11
188.0158722921
 21
231.0165980356
 31
0.0
  0
LINE
  5
291
330
22A
100
AcDbEntity
  8
0
  6
Continuous
100
AcDbLine
 10
188.0451827914
 20
231.0165980355
 30
0.0
 11
188.0451827914
 21
230.8665980355
 31
0.0
  0
LINE
  5
292
330
22A
100
AcDbEntity
  8
0
  6
Continuous
100
AcDbLine
 10
188.1153765242
 20
229.8965980401
 30
0.0
 11
188.1153763090999
 21
229.6965980537
 31
0.0
  0
LINE
  5
293
330
22A
100
AcDbEntity
  8
0
  6
Continuous
100
AcDbLine
 10
188.1153766453
 20
231.9865980371
 30
0.0
 11
188.115376308
 21
232.1865980174
 31
0.0
  0
LINE
  5
294
330
22A
100
AcDbEntity
  8
0
  6
Continuous
100
AcDbLine
 10
188.1282922293
 20
230.7665980356
 30
0.0
 11
188.1282922293
 21
231.1165980356
 31
0.0
  0
LINE
  5
295
330
22A
100
AcDbEntity
  8
0
  6
Continuous
100
AcDbLine
 10
188.1603763089
 20
229.6965980356
 30
0.0
 11
188.1603763089
 21
229.6665980356
 31
0.0
  0
LINE
  5
296
330
22A
100
AcDbEntity
  8
0
  6
Continuous
100
AcDbLine
 10
188.2753769261999
 20
230.5915980841
 30
0.0
 11
188.2753769259
 21
230.6165980357
 31
0.0
  0
LINE
  5
297
330
22A
100
AcDbEntity
  8
0
  6
Continuous
100
AcDbLine
 10
188.2753769288
 20
231.2665980352
 30
0.0
 11
188.2753769288
 21
231.2915986899
 31
0.0
  0
LINE
  5
298
330
22A
100
AcDbEntity
  8
0
  6
Continuous
100
AcDbLine
 10
188.310376526
 20
230.6107997431
 30
0.0
 11
188.310376526
 21
230.6165981384
 31
0.0
  0
LINE
  5
299
330
22A
100
AcDbEntity
  8
0
  6
Continuous
100
AcDbLine
 10
188.3103769499
 20
231.2724009678
 30
0.0
 11
188.3103769499
 21
231.2665981407
 31
0.0
  0
LINE
  5
29A
330
22A
100
AcDbEntity
  8
0
  6
Continuous
100
AcDbLine
 10
188.4603763089
 20
229.6665980356
 30
0.0
 11
188.4603763089
 21
229.6965980356
 31
0.0
  0
LINE
  5
29B
330
22A
100
AcDbEntity
  8
0
  6
Continuous
100
AcDbLine
 10
188.510376526
 20
230.6165981375
 30
0.0
 11
188.510376526
 21
230.6107997265
 31
0.0
  0
LINE
  5
29C
330
22A
100
AcDbEntity
  8
0
  6
Continuous
100
AcDbLine
 10
188.5103769499
 20
231.266598141
 30
0.0
 11
188.5103769499
 21
231.2724009507
 31
0.0
  0
LINE
  5
29D
330
22A
100
AcDbEntity
  8
0
  6
Continuous
100
AcDbLine
 10
188.5453761631
 20
230.6165980357
 30
0.0
 11
188.545376163
 21
230.5915980699
 31
0.0
  0
LINE
  5
29E
330
22A
100
AcDbEntity
  8
0
  6
Continuous
100
AcDbLine
 10
188.545376589
 20
231.2915990642
 30
0.0
 11
188.545376588
 21
231.2665980312
 31
0.0
  0
LINE
  5
29F
330
22A
100
AcDbEntity
  8
0
  6
Continuous
100
AcDbLine
 10
188.7603763089
 20
229.8965980446
 30
0.0
 11
188.7603763089
 21
230.3415980356
 31
0.0
  0
LINE
  5
2A0
330
22A
100
AcDbEntity
  8
0
  6
Continuous
100
AcDbLine
 10
188.7603763089
 20
231.5415980355
 30
0.0
 11
188.7603763089
 21
232.0365980356
 31
0.0
  0
LINE
  5
2A1
330
22A
100
AcDbEntity
  8
0
  6
Continuous
100
AcDbLine
 10
187.8853356585
 20
228.6265980356
 30
0.0
 11
187.9503763089
 21
229.1265980356
 31
0.0
  0
LINE
  5
2A2
330
22A
100
AcDbEntity
  8
0
  6
Continuous
100
AcDbLine
 10
188.1282922293
 20
230.7665980356
 30
0.0
 11
188.0709431521
 21
230.6165980356
 31
0.0
  0
LINE
  5
2A3
330
22A
100
AcDbEntity
  8
0
  6
Continuous
100
AcDbLine
 10
189.5695860059
 20
232.0859841889
 30
0.0
 11
189.6320810488
 21
232.2265980356
 31
0.0
  0
LINE
  5
2A4
330
22A
100
AcDbEntity
  8
0
  6
Continuous
100
AcDbLine
 10
188.8235732318
 20
229.6962911122
 30
0.0
 11
188.9270231473
 21
229.929053422
 31
0.0
  0
LINE
  5
2A5
330
22A
100
AcDbEntity
  8
0
  6
Continuous
100
AcDbLine
 10
189.9471793859
 20
232.1969049589
 30
0.0
 11
189.8437294705
 21
231.9641426491
 31
0.0
  0
LINE
  5
2A6
330
22A
100
AcDbEntity
  8
0
  6
Continuous
100
AcDbLine
 10
189.2011666119
 20
229.8072118822
 30
0.0
 11
189.138671569
 21
229.6665980356
 31
0.0
  0
LINE
  5
2A7
330
22A
100
AcDbEntity
  8
0
  6
Continuous
100
AcDbLine
 10
187.8770253528
 20
230.5282470794
 30
0.0
 11
187.9403763113
 21
230.5915980403
 31
0.0
  0
LINE
  5
2A8
330
22A
100
AcDbEntity
  8
0
  6
Continuous
100
AcDbLine
 10
190.0603763089
 20
232.0365980356
 30
0.0
 11
190.2103763089
 21
232.1865980356
 31
0.0
  0
LINE
  5
2A9
330
22A
100
AcDbEntity
  8
0
  6
Continuous
100
AcDbLine
 10
188.5603763089
 20
229.6965980401
 30
0.0
 11
188.7603763089
 21
229.8965980401
 31
0.0
  0
LINE
  5
2AA
330
22A
100
AcDbEntity
  8
0
  6
Continuous
100
AcDbLine
 10
215.5158680664
 20
228.5766015557
 30
0.0
 11
215.5147365538
 21
228.5765980356
 31
0.0
  0
LINE
  5
2AB
330
22A
100
AcDbEntity
  8
0
  6
Continuous
100
AcDbLine
 10
215.1349197116
 20
228.4265980356
 30
0.0
 11
214.2798693533
 21
228.4265980356
 31
0.0
  0
LINE
  5
2AC
330
22A
100
AcDbEntity
  8
0
  6
Continuous
100
AcDbLine
 10
189.6320810488
 20
229.6665980356
 30
0.0
 11
189.5695860059
 21
229.8072118822
 31
0.0
  0
LINE
  5
2AD
330
22A
100
AcDbEntity
  8
0
  6
Continuous
100
AcDbLine
 10
188.0709431521
 20
231.2665980355
 30
0.0
 11
188.1282922293
 21
231.1165980356
 31
0.0
  0
LINE
  5
2AE
330
22A
100
AcDbEntity
  8
0
  6
Continuous
100
AcDbLine
 10
187.8853356585
 20
233.2265980356
 30
0.0
 11
187.9503763089
 21
232.7265980356
 31
0.0
  0
LINE
  5
2AF
330
22A
100
AcDbEntity
  8
0
  6
Continuous
100
AcDbLine
 10
189.7753763991
 20
231.2915981086
 30
0.0
 11
189.7753763991
 21
231.2665980842
 31
0.0
  0
LINE
  5
2B0
330
22A
100
AcDbEntity
  8
0
  6
Continuous
100
AcDbLine
 10
189.775376452
 20
230.6165980356
 30
0.0
 11
189.775376452
 21
230.5915980356
 31
0.0
  0
LINE
  5
2B1
330
22A
100
AcDbEntity
  8
0
  6
Continuous
100
AcDbLine
 10
189.8103764944
 20
231.2723969741
 30
0.0
 11
189.8103764944
 21
231.2665980355
 31
0.0
  0
LINE
  5
2B2
330
22A
100
AcDbEntity
  8
0
  6
Continuous
100
AcDbLine
 10
189.8103765473
 20
230.6165980356
 30
0.0
 11
189.8103765473
 21
230.6107993115
 31
0.0
  0
LINE
  5
2B3
330
22A
100
AcDbEntity
  8
0
  6
Continuous
100
AcDbLine
 10
189.9503741818
 20
229.6917271641
 30
0.0
 11
189.9503742904
 21
229.6965980356
 31
0.0
  0
LINE
  5
2B4
330
22A
100
AcDbEntity
  8
0
  6
Continuous
100
AcDbLine
 10
190.0103765473
 20
230.6107993115
 30
0.0
 11
190.0103765473
 21
230.6165980356
 31
0.0
  0
LINE
  5
2B5
330
22A
100
AcDbEntity
  8
0
  6
Continuous
100
AcDbLine
 10
190.0103764944
 20
231.2665980355
 30
0.0
 11
190.0103764944
 21
231.2723969741
 31
0.0
  0
LINE
  5
2B6
330
22A
100
AcDbEntity
  8
0
  6
Continuous
100
AcDbLine
 10
190.0453765901
 20
231.2915980234
 30
0.0
 11
190.0453765899
 21
231.2665980355
 31
0.0
  0
LINE
  5
2B7
330
22A
100
AcDbEntity
  8
0
  6
Continuous
100
AcDbLine
 10
190.0453766427
 20
230.5915980356
 30
0.0
 11
190.0453766427
 21
230.6165980356
 31
0.0
  0
LINE
  5
2B8
330
22A
100
AcDbEntity
  8
0
  6
Continuous
100
AcDbLine
 10
190.0603763089
 20
232.0365980356
 30
0.0
 11
190.0603763089
 21
231.5415980355
 31
0.0
  0
LINE
  5
2B9
330
22A
100
AcDbEntity
  8
0
  6
Continuous
100
AcDbLine
 10
190.0603763089
 20
229.8965980356
 30
0.0
 11
190.0603763089
 21
230.3415980356
 31
0.0
  0
LINE
  5
2BA
330
22A
100
AcDbEntity
  8
0
  6
Continuous
100
AcDbLine
 10
190.2753763991
 20
231.2915989505
 30
0.0
 11
190.2753763991
 21
231.2665980726
 31
0.0
  0
LINE
  5
2BB
330
22A
100
AcDbEntity
  8
0
  6
Continuous
100
AcDbLine
 10
190.275376452
 20
230.6165980357
 30
0.0
 11
190.275376452
 21
230.5915980502
 31
0.0
  0
LINE
  5
2BC
330
22A
100
AcDbEntity
  8
0
  6
Continuous
100
AcDbLine
 10
190.3103763089
 20
232.2265980356
 30
0.0
 11
190.3103763089
 21
232.1865980356
 31
0.0
  0
LINE
  5
2BD
330
22A
100
AcDbEntity
  8
0
  6
Continuous
100
AcDbLine
 10
190.310376526
 20
230.61659789
 30
0.0
 11
190.310376526
 21
230.6107985575
 31
0.0
  0
LINE
  5
2BE
330
22A
100
AcDbEntity
  8
0
  6
Continuous
100
AcDbLine
 10
190.3103769499
 20
231.2724008297
 30
0.0
 11
190.3103769499
 21
231.2665981676
 31
0.0
  0
LINE
  5
2BF
330
22A
100
AcDbEntity
  8
0
  6
Continuous
100
AcDbLine
 10
190.5103765687
 20
230.610798542
 30
0.0
 11
190.5103765687
 21
230.6165978891
 31
0.0
  0
LINE
  5
2C0
330
22A
100
AcDbEntity
  8
0
  6
Continuous
100
AcDbLine
 10
190.5103769926
 20
231.2665981649
 30
0.0
 11
190.5103769926
 21
231.2724008127
 31
0.0
  0
LINE
  5
2C1
330
22A
100
AcDbEntity
  8
0
  6
Continuous
100
AcDbLine
 10
190.5453765891
 20
231.2915986064
 30
0.0
 11
190.545376588
 21
231.2665980312
 31
0.0
  0
LINE
  5
2C2
330
22A
100
AcDbEntity
  8
0
  6
Continuous
100
AcDbLine
 10
190.5453766399
 20
230.6165980357
 30
0.0
 11
190.5453766398
 21
230.5915980436
 31
0.0
  0
LINE
  5
2C3
330
22A
100
AcDbEntity
  8
0
  6
Continuous
100
AcDbLine
 10
190.6103763089
 20
232.1865980356
 30
0.0
 11
190.6103763089
 21
232.2265980356
 31
0.0
  0
LINE
  5
2C4
330
22A
100
AcDbEntity
  8
0
  6
Continuous
100
AcDbLine
 10
190.7753763991
 20
231.2915989357
 30
0.0
 11
190.7753763991
 21
231.2665980717
 31
0.0
  0
LINE
  5
2C5
330
22A
100
AcDbEntity
  8
0
  6
Continuous
100
AcDbLine
 10
190.7753764493
 20
230.5915980417
 30
0.0
 11
190.7753764491
 21
230.6165980357
 31
0.0
  0
LINE
  5
2C6
330
22A
100
AcDbEntity
  8
0
  6
Continuous
100
AcDbLine
 10
190.810376526
 20
230.6037217967
 30
0.0
 11
190.810376526
 21
230.616597896
 31
0.0
  0
LINE
  5
2C7
330
22A
100
AcDbEntity
  8
0
  6
Continuous
100
AcDbLine
 10
190.8103769499
 20
231.2794778747
 30
0.0
 11
190.8103769499
 21
231.2665981737
 31
0.0
  0
LINE
  5
2C8
330
22A
100
AcDbEntity
  8
0
  6
Continuous
100
AcDbLine
 10
191.0103765687
 20
230.6037214863
 30
0.0
 11
191.0103765687
 21
230.6165978951
 31
0.0
  0
LINE
  5
2C9
330
22A
100
AcDbEntity
  8
0
  6
Continuous
100
AcDbLine
 10
191.0103769926
 20
231.2665981694
 30
0.0
 11
191.0103769926
 21
231.2794778608
 31
0.0
  0
LINE
  5
2CA
330
22A
100
AcDbEntity
  8
0
  6
Continuous
100
AcDbLine
 10
191.0453765891
 20
231.2915985974
 30
0.0
 11
191.0453765879999
 21
231.2665980312
 31
0.0
  0
LINE
  5
2CB
330
22A
100
AcDbEntity
  8
0
  6
Continuous
100
AcDbLine
 10
191.0453766399
 20
230.6165980357
 30
0.0
 11
191.0453766398
 21
230.591598037
 31
0.0
  0
LINE
  5
2CC
330
22A
100
AcDbEntity
  8
0
  6
Continuous
100
AcDbLine
 10
191.2753759751
 20
230.6165980354
 30
0.0
 11
191.2753759751
 21
230.5915980379
 31
0.0
  0
LINE
  5
2CD
330
22A
100
AcDbEntity
  8
0
  6
Continuous
100
AcDbLine
 10
191.275376028
 20
231.2915989296
 30
0.0
 11
191.275376028
 21
231.2665980717
 31
0.0
  0
LINE
  5
2CE
330
22A
100
AcDbEntity
  8
0
  6
Continuous
100
AcDbLine
 10
191.3103756252
 20
231.2794778597
 30
0.0
 11
191.3103756252
 21
231.2665981688
 31
0.0
  0
LINE
  5
2CF
330
22A
100
AcDbEntity
  8
0
  6
Continuous
100
AcDbLine
 10
191.3103760491
 20
230.6165978956
 30
0.0
 11
191.3103760491
 21
230.6037217851
 31
0.0
  0
LINE
  5
2D0
330
22A
100
AcDbEntity
  8
0
  6
Continuous
100
AcDbLine
 10
213.9830945805
 20
228.5765980356
 30
0.0
 11
215.5147365538
 21
228.5765980356
 31
0.0
  0
LINE
  5
2D1
330
22A
100
AcDbEntity
  8
0
  6
Continuous
100
AcDbLine
 10
194.4154169593
 20
228.6265980356
 30
0.0
 11
187.8853356585
 21
228.6265980356
 31
0.0
  0
LINE
  5
2D2
330
22A
100
AcDbEntity
  8
0
  6
Continuous
100
AcDbLine
 10
214.8445016028
 20
228.7765980356
 30
0.0
 11
215.7054488601
 21
228.7765980356
 31
0.0
  0
LINE
  5
2D3
330
22A
100
AcDbEntity
  8
0
  6
Continuous
100
AcDbLine
 10
194.3503763089
 20
229.1265980356
 30
0.0
 11
187.9503763089
 21
229.1265980356
 31
0.0
  0
LINE
  5
2D4
330
22A
100
AcDbEntity
  8
0
  6
Continuous
100
AcDbLine
 10
166.573964854
 20
229.3265980356
 30
0.0
 11
166.3552154907
 21
229.3265980356
 31
0.0
  0
LINE
  5
2D5
330
22A
100
AcDbEntity
  8
0
  6
Continuous
100
AcDbLine
 10
166.1383791875
 20
229.3265980356
 30
0.0
 11
166.0665169567
 21
229.3265980356
 31
0.0
  0
LINE
  5
2D6
330
22A
100
AcDbEntity
  8
0
  6
Continuous
100
AcDbLine
 10
187.9703763089
 20
229.3665980356
 30
0.0
 11
194.3503763089
 21
229.3665980356
 31
0.0
  0
LINE
  5
2D7
330
22A
100
AcDbEntity
  8
0
  6
Continuous
100
AcDbLine
 10
187.9703749869
 20
229.5165979924
 30
0.0
 11
194.3503760829
 21
229.5165979924
 31
0.0
  0
LINE
  5
2D8
330
22A
100
AcDbEntity
  8
0
  6
Continuous
100
AcDbLine
 10
194.3503763089
 20
229.6665980356
 30
0.0
 11
187.970376315
 21
229.6665980356
 31
0.0
  0
LINE
  5
2D9
330
22A
100
AcDbEntity
  8
0
  6
Continuous
100
AcDbLine
 10
194.2053763095
 20
229.6965980503
 30
0.0
 11
193.4981793859
 21
229.6965980356
 31
0.0
  0
LINE
  5
2DA
330
22A
100
AcDbEntity
  8
0
  6
Continuous
100
AcDbLine
 10
193.1697477155
 20
229.6965980356
 30
0.0
 11
192.7030049023
 21
229.6965980356
 31
0.0
  0
LINE
  5
2DB
330
22A
100
AcDbEntity
  8
0
  6
Continuous
100
AcDbLine
 10
192.3745732319
 20
229.6965980356
 30
0.0
 11
189.9471793859
 21
229.6965980356
 31
0.0
  0
LINE
  5
2DC
330
22A
100
AcDbEntity
  8
0
  6
Continuous
100
AcDbLine
 10
189.6187477155
 20
229.6965980356
 30
0.0
 11
189.1520049023
 21
229.6965980356
 31
0.0
  0
LINE
  5
2DD
330
22A
100
AcDbEntity
  8
0
  6
Continuous
100
AcDbLine
 10
188.8235732318
 20
229.6965980356
 30
0.0
 11
188.1153763090999
 21
229.6965980537
 31
0.0
  0
LINE
  5
2DE
330
22A
100
AcDbEntity
  8
0
  6
Continuous
100
AcDbLine
 10
193.0292048511
 20
229.8665980356
 30
0.0
 11
192.8435477666999
 21
229.8665980356
 31
0.0
  0
LINE
  5
2DF
330
22A
100
AcDbEntity
  8
0
  6
Continuous
100
AcDbLine
 10
189.2925477668
 20
229.8665980356
 30
0.0
 11
189.478204851
 21
229.8665980356
 31
0.0
  0
LINE
  5
2E0
330
22A
100
AcDbEntity
  8
0
  6
Continuous
100
AcDbLine
 10
192.2603763089
 20
229.8965980356
 30
0.0
 11
190.0603763089
 21
229.8965980356
 31
0.0
  0
LINE
  5
2E1
330
22A
100
AcDbEntity
  8
0
  6
Continuous
100
AcDbLine
 10
188.7603763089
 20
229.8965980401
 30
0.0
 11
188.1153765242
 21
229.8965980401
 31
0.0
  0
LINE
  5
2E2
330
22A
100
AcDbEntity
  8
0
  6
Continuous
100
AcDbLine
 10
193.5603763089
 20
229.8965980356
 30
0.0
 11
194.205375972
 21
229.8965980341
 31
0.0
  0
LINE
  5
2E3
330
22A
100
AcDbEntity
  8
0
  6
Continuous
100
AcDbLine
 10
189.478204851
 20
230.1665980356
 30
0.0
 11
189.2925477667
 21
230.1665980356
 31
0.0
  0
LINE
  5
2E4
330
22A
100
AcDbEntity
  8
0
  6
Continuous
100
AcDbLine
 10
192.8435477666999
 20
230.1665980356
 30
0.0
 11
193.0292048511
 21
230.1665980356
 31
0.0
  0
LINE
  5
2E5
330
22A
100
AcDbEntity
  8
0
  6
Continuous
100
AcDbLine
 10
187.8770253528
 20
231.3549489917
 30
0.0
 11
187.9403763089
 21
231.2915980356
 31
0.0
  0
LINE
  5
2E6
330
22A
100
AcDbEntity
  8
0
  6
Continuous
100
AcDbLine
 10
190.2603763089
 20
229.6965980356
 30
0.0
 11
190.0603763089
 21
229.8965980356
 31
0.0
  0
LINE
  5
2E7
330
22A
100
AcDbEntity
  8
0
  6
Continuous
100
AcDbLine
 10
188.6103763089
 20
232.186598031
 30
0.0
 11
188.7603763089
 21
232.0365980356
 31
0.0
  0
LINE
  5
2E8
330
22A
100
AcDbEntity
  8
0
  6
Continuous
100
AcDbLine
 10
189.56333369
 20
229.6965980356
 30
0.0
 11
189.5885206145
 21
229.6665980356
 31
0.0
  0
LINE
  5
2E9
330
22A
100
AcDbEntity
  8
0
  6
Continuous
100
AcDbLine
 10
188.9270231473
 20
231.9641426491
 30
0.0
 11
188.8235732319
 21
232.1969049589
 31
0.0
  0
LINE
  5
2EA
330
22A
100
AcDbEntity
  8
0
  6
Continuous
100
AcDbLine
 10
189.8437294705
 20
229.9290534221
 30
0.0
 11
189.9471793859
 21
229.6962911123
 31
0.0
  0
LINE
  5
2EB
330
22A
100
AcDbEntity
  8
0
  6
Continuous
100
AcDbLine
 10
189.138671569
 20
232.2265980356
 30
0.0
 11
189.2011666119
 21
232.085984189
 31
0.0
  0
LINE
  5
2EC
330
22A
100
AcDbEntity
  8
0
  6
Continuous
100
AcDbLine
 10
192.7713377332
 20
232.5465980356
 30
0.0
 11
192.7524189709
 21
232.7265980356
 31
0.0
  0
LINE
  5
2ED
330
22A
100
AcDbEntity
  8
0
  6
Continuous
100
AcDbLine
 10
192.7815478428
 20
232.7265980356
 30
0.0
 11
192.8004666051
 21
232.5465980356
 31
0.0
  0
LINE
  5
2EE
330
22A
100
AcDbEntity
  8
0
  6
Continuous
100
AcDbLine
 10
192.2470872308
 20
232.5465980356
 30
0.0
 11
192.2392508228
 21
232.7265980356
 31
0.0
  0
LINE
  5
2EF
330
22A
100
AcDbEntity
  8
0
  6
Continuous
100
AcDbLine
 10
192.3095741404
 20
232.7265980356
 30
0.0
 11
192.3174105484
 21
232.5465980356
 31
0.0
  0
LINE
  5
2F0
330
22A
100
AcDbEntity
  8
0
  6
Continuous
100
AcDbLine
 10
191.4053763089
 20
232.2265980356
 30
0.0
 11
191.4053763089
 21
232.3765980356
 31
0.0
  0
LINE
  5
2F1
330
22A
100
AcDbEntity
  8
0
  6
Continuous
100
AcDbLine
 10
191.4153763089
 20
232.3765980356
 30
0.0
 11
191.4153763089
 21
232.2265980356
 31
0.0
  0
LINE
  5
2F2
330
22A
100
AcDbEntity
  8
0
  6
Continuous
100
AcDbLine
 10
191.5103756679
 20
231.2665981731
 30
0.0
 11
191.5103756679
 21
231.2794778769
 31
0.0
  0
LINE
  5
2F3
330
22A
100
AcDbEntity
  8
0
  6
Continuous
100
AcDbLine
 10
191.5103760918
 20
230.6037214994
 30
0.0
 11
191.5103760918
 21
230.6165978965
 31
0.0
  0
LINE
  5
2F4
330
22A
100
AcDbEntity
  8
0
  6
Continuous
100
AcDbLine
 10
191.5453761658
 20
230.5915980407
 30
0.0
 11
191.5453761658
 21
230.6165980354
 31
0.0
  0
LINE
  5
2F5
330
22A
100
AcDbEntity
  8
0
  6
Continuous
100
AcDbLine
 10
191.5453762194
 20
231.2915986016
 30
0.0
 11
191.5453762194
 21
231.2665980308
 31
0.0
  0
LINE
  5
2F6
330
22A
100
AcDbEntity
  8
0
  6
Continuous
100
AcDbLine
 10
191.7103763088999
 20
232.2265980356
 30
0.0
 11
191.7103763088999
 21
232.1865980356
 31
0.0
  0
LINE
  5
2F7
330
22A
100
AcDbEntity
  8
0
  6
Continuous
100
AcDbLine
 10
191.7753759751
 20
230.6165980354
 30
0.0
 11
191.7753759751
 21
230.5915980463
 31
0.0
  0
LINE
  5
2F8
330
22A
100
AcDbEntity
  8
0
  6
Continuous
100
AcDbLine
 10
191.775376028
 20
231.2915989443
 30
0.0
 11
191.775376028
 21
231.2665980726
 31
0.0
  0
LINE
  5
2F9
330
22A
100
AcDbEntity
  8
0
  6
Continuous
100
AcDbLine
 10
191.8103756252
 20
231.2724008123
 30
0.0
 11
191.8103756252
 21
231.2665981643
 31
0.0
  0
LINE
  5
2FA
330
22A
100
AcDbEntity
  8
0
  6
Continuous
100
AcDbLine
 10
191.8103760491
 20
230.6165978897
 30
0.0
 11
191.8103760491
 21
230.6107985412
 31
0.0
  0
LINE
  5
2FB
330
22A
100
AcDbEntity
  8
0
  6
Continuous
100
AcDbLine
 10
192.0103756679
 20
231.2665981671
 30
0.0
 11
192.0103756679
 21
231.2724008305
 31
0.0
  0
LINE
  5
2FC
330
22A
100
AcDbEntity
  8
0
  6
Continuous
100
AcDbLine
 10
192.0103760918
 20
230.6107985581
 30
0.0
 11
192.0103760918
 21
230.6165978906
 31
0.0
  0
LINE
  5
2FD
330
22A
100
AcDbEntity
  8
0
  6
Continuous
100
AcDbLine
 10
192.0103763089
 20
232.1865980356
 30
0.0
 11
192.0103763089
 21
232.2265980356
 31
0.0
  0
LINE
  5
2FE
330
22A
100
AcDbEntity
  8
0
  6
Continuous
100
AcDbLine
 10
192.0453762194
 20
231.2915986107
 30
0.0
 11
192.0453762194
 21
231.2665980308
 31
0.0
  0
LINE
  5
2FF
330
22A
100
AcDbEntity
  8
0
  6
Continuous
100
AcDbLine
 10
192.0453761686
 20
230.6165980354
 30
0.0
 11
192.0453761687
 21
230.5915980473
 31
0.0
  0
LINE
  5
300
330
22A
100
AcDbEntity
  8
0
  6
Continuous
100
AcDbLine
 10
192.2603763089
 20
229.8965980356
 30
0.0
 11
192.2603763089
 21
230.3415980356
 31
0.0
  0
LINE
  5
301
330
22A
100
AcDbEntity
  8
0
  6
Continuous
100
AcDbLine
 10
192.2603763089
 20
231.5415980356
 30
0.0
 11
192.2603763089
 21
232.0365980356
 31
0.0
  0
LINE
  5
302
330
22A
100
AcDbEntity
  8
0
  6
Continuous
100
AcDbLine
 10
192.2753759751
 20
230.5915980356
 30
0.0
 11
192.2753759751
 21
230.6165980356
 31
0.0
  0
LINE
  5
303
330
22A
100
AcDbEntity
  8
0
  6
Continuous
100
AcDbLine
 10
192.275376028
 20
231.2915981086
 30
0.0
 11
192.275376028
 21
231.2665980842
 31
0.0
  0
LINE
  5
304
330
22A
100
AcDbEntity
  8
0
  6
Continuous
100
AcDbLine
 10
192.3103761234
 20
231.2723969741
 30
0.0
 11
192.3103761234
 21
231.2665980355
 31
0.0
  0
LINE
  5
305
330
22A
100
AcDbEntity
  8
0
  6
Continuous
100
AcDbLine
 10
192.3103760705
 20
230.6165980356
 30
0.0
 11
192.3103760705
 21
230.6107993115
 31
0.0
  0
LINE
  5
306
330
22A
100
AcDbEntity
  8
0
  6
Continuous
100
AcDbLine
 10
192.370379923
 20
229.6965980356
 30
0.0
 11
192.3703801627
 21
229.6903015892
 31
0.0
  0
LINE
  5
307
330
22A
100
AcDbEntity
  8
0
  6
Continuous
100
AcDbLine
 10
192.5103760705
 20
230.6107993115
 30
0.0
 11
192.5103760705
 21
230.6165980356
 31
0.0
  0
LINE
  5
308
330
22A
100
AcDbEntity
  8
0
  6
Continuous
100
AcDbLine
 10
192.5103761234
 20
231.2665980355
 30
0.0
 11
192.5103761234
 21
231.2723969741
 31
0.0
  0
LINE
  5
309
330
22A
100
AcDbEntity
  8
0
  6
Continuous
100
AcDbLine
 10
192.545376219
 20
231.2915980234
 30
0.0
 11
192.5453762188
 21
231.2665980355
 31
0.0
  0
LINE
  5
30A
330
22A
100
AcDbEntity
  8
0
  6
Continuous
100
AcDbLine
 10
192.5453761658
 20
230.6165980356
 30
0.0
 11
192.5453761658
 21
230.5915980356
 31
0.0
  0
LINE
  5
30B
330
22A
100
AcDbEntity
  8
0
  6
Continuous
100
AcDbLine
 10
193.1185860059
 20
232.0859841889
 30
0.0
 11
193.1810810488
 21
232.2265980356
 31
0.0
  0
LINE
  5
30C
330
22A
100
AcDbEntity
  8
0
  6
Continuous
100
AcDbLine
 10
192.3745732319
 20
229.6962911122
 30
0.0
 11
192.4780231473
 21
229.929053422
 31
0.0
  0
LINE
  5
30D
330
22A
100
AcDbEntity
  8
0
  6
Continuous
100
AcDbLine
 10
193.496179386
 20
232.1969049589
 30
0.0
 11
193.3927294705
 21
231.9641426492
 31
0.0
  0
LINE
  5
30E
330
22A
100
AcDbEntity
  8
0
  6
Continuous
100
AcDbLine
 10
192.7521666119
 20
229.8072118822
 30
0.0
 11
192.689671569
 21
229.6665980356
 31
0.0
  0
LINE
  5
30F
330
22A
100
AcDbEntity
  8
0
  6
Continuous
100
AcDbLine
 10
192.7574564157
 20
229.6965980356
 30
0.0
 11
192.7322675603
 21
229.6665980356
 31
0.0
  0
LINE
  5
310
330
22A
100
AcDbEntity
  8
0
  6
Continuous
100
AcDbLine
 10
193.7103763089
 20
232.1865980356
 30
0.0
 11
193.5603763089
 21
232.0365980356
 31
0.0
  0
LINE
  5
311
330
22A
100
AcDbEntity
  8
0
  6
Continuous
100
AcDbLine
 10
192.2603763089
 20
229.8965980356
 30
0.0
 11
192.0603763089
 21
229.6965980356
 31
0.0
  0
LINE
  5
312
330
22A
100
AcDbEntity
  8
0
  6
Continuous
100
AcDbLine
 10
194.3803763716
 20
231.291598201
 30
0.0
 11
194.443727265
 21
231.3549489917
 31
0.0
  0
LINE
  5
313
330
22A
100
AcDbEntity
  8
0
  6
Continuous
100
AcDbLine
 10
194.1053763089
 20
230.3415980356
 30
0.0
 11
188.2153763089
 21
230.3415980356
 31
0.0
  0
LINE
  5
314
330
22A
100
AcDbEntity
  8
0
  6
Continuous
100
AcDbLine
 10
186.4653029663
 20
230.4265980356
 30
0.0
 11
186.7096557652
 21
230.4265980356
 31
0.0
  0
LINE
  5
315
330
22A
100
AcDbEntity
  8
0
  6
Continuous
100
AcDbLine
 10
187.0179466023
 20
230.4265980356
 30
0.0
 11
187.083652771
 21
230.4265980356
 31
0.0
  0
LINE
  5
316
330
22A
100
AcDbEntity
  8
0
  6
Continuous
100
AcDbLine
 10
195.2370998468
 20
230.4265980356
 30
0.0
 11
195.3053632198
 21
230.4265980356
 31
0.0
  0
LINE
  5
317
330
22A
100
AcDbEntity
  8
0
  6
Continuous
100
AcDbLine
 10
195.6110973512
 20
230.4265980356
 30
0.0
 11
195.8354473385
 21
230.4265980356
 31
0.0
  0
LINE
  5
318
330
22A
100
AcDbEntity
  8
0
  6
Continuous
100
AcDbLine
 10
200.695834124
 20
230.4265990356
 30
0.0
 11
201.2414883299
 21
230.4265980356
 31
0.0
  0
LINE
  5
319
330
22A
100
AcDbEntity
  8
0
  6
Continuous
100
AcDbLine
 10
194.3803763089
 20
230.5915980356
 30
0.0
 11
187.9403763113
 21
230.5915980418
 31
0.0
  0
LINE
  5
31A
330
22A
100
AcDbEntity
  8
0
  6
Continuous
100
AcDbLine
 10
187.9153763089
 20
230.6165980356
 30
0.0
 11
194.4053763089
 21
230.6165980356
 31
0.0
  0
LINE
  5
31B
330
22A
100
AcDbEntity
  8
0
  6
Continuous
100
AcDbLine
 10
196.4560673658
 20
230.6265980356
 30
0.0
 11
195.6302200494
 21
230.6265980356
 31
0.0
  0
LINE
  5
31C
330
22A
100
AcDbEntity
  8
0
  6
Continuous
100
AcDbLine
 10
166.573964854
 20
230.6265980356
 30
0.0
 11
166.3552154907
 21
230.6265980356
 31
0.0
  0
LINE
  5
31D
330
22A
100
AcDbEntity
  8
0
  6
Continuous
100
AcDbLine
 10
166.1383791875
 20
230.6265980356
 30
0.0
 11
166.0665169567
 21
230.6265980356
 31
0.0
  0
LINE
  5
31E
330
22A
100
AcDbEntity
  8
0
  6
Continuous
100
AcDbLine
 10
185.844685252
 20
230.6265980356
 30
0.0
 11
186.6905325683999
 21
230.6265980356
 31
0.0
  0
LINE
  5
31F
330
22A
100
AcDbEntity
  8
0
  6
Continuous
100
AcDbLine
 10
186.8403763065
 20
230.6465977776
 30
0.0
 11
186.990376303
 21
230.6465980356
 31
0.0
  0
LINE
  5
320
330
22A
100
AcDbEntity
  8
0
  6
Continuous
100
AcDbLine
 10
195.3303763148
 20
230.6465980356
 30
0.0
 11
195.4803763113
 21
230.6465977775
 31
0.0
  0
LINE
  5
321
330
22A
100
AcDbEntity
  8
0
  6
Continuous
100
AcDbLine
 10
188.1282922293
 20
230.7665980356
 30
0.0
 11
194.1924603885
 21
230.7665980356
 31
0.0
  0
LINE
  5
322
330
22A
100
AcDbEntity
  8
0
  6
Continuous
100
AcDbLine
 10
187.0153763271
 20
230.7965980357
 30
0.0
 11
187.2153763134999
 21
230.7965982506
 31
0.0
  0
LINE
  5
323
330
22A
100
AcDbEntity
  8
0
  6
Continuous
100
AcDbLine
 10
195.1053763044
 20
230.7965982515
 30
0.0
 11
195.3053762908
 21
230.7965980364
 31
0.0
  0
LINE
  5
324
330
22A
100
AcDbEntity
  8
0
  6
Continuous
100
AcDbLine
 10
188.0451827914
 20
230.8665980355
 30
0.0
 11
188.0158728544
 21
230.8665980356
 31
0.0
  0
LINE
  5
325
330
22A
100
AcDbEntity
  8
0
  6
Continuous
100
AcDbLine
 10
188.0157755265
 20
230.8665980355
 30
0.0
 11
187.8153657747
 21
230.8665980355
 31
0.0
  0
LINE
  5
326
330
22A
100
AcDbEntity
  8
0
  6
Continuous
100
AcDbLine
 10
194.2755698264
 20
230.8665980355
 30
0.0
 11
194.5053656738
 21
230.8665980355
 31
0.0
  0
LINE
  5
327
330
22A
100
AcDbEntity
  8
0
  6
Continuous
100
AcDbLine
 10
201.2091698847
 20
230.9265980356
 30
0.0
 11
200.7290174264
 21
230.9265980356
 31
0.0
  0
LINE
  5
328
330
22A
100
AcDbEntity
  8
0
  6
Continuous
100
AcDbLine
 10
195.3303763089
 20
230.9265980356
 30
0.0
 11
195.3053762908
 21
230.9265980356
 31
0.0
  0
LINE
  5
329
330
22A
100
AcDbEntity
  8
0
  6
Continuous
100
AcDbLine
 10
187.0153763271
 20
230.9265980356
 30
0.0
 11
186.9903763089
 21
230.9265980356
 31
0.0
  0
LINE
  5
32A
330
22A
100
AcDbEntity
  8
0
  6
Continuous
100
AcDbLine
 10
186.4503763089
 20
230.9265980356
 30
0.0
 11
186.6905325683999
 21
230.9265980356
 31
0.0
  0
LINE
  5
32B
330
22A
100
AcDbEntity
  8
0
  6
Continuous
100
AcDbLine
 10
195.6302200494
 20
230.9265980356
 30
0.0
 11
195.8503763089
 21
230.9265980356
 31
0.0
  0
LINE
  5
32C
330
22A
100
AcDbEntity
  8
0
  6
Continuous
100
AcDbLine
 10
194.5053656738
 20
231.0165980356
 30
0.0
 11
194.3049588335
 21
231.0165980356
 31
0.0
  0
LINE
  5
32D
330
22A
100
AcDbEntity
  8
0
  6
Continuous
100
AcDbLine
 10
187.8153657747
 20
231.0165980356
 30
0.0
 11
188.0451827914
 21
231.0165980355
 31
0.0
  0
LINE
  5
32E
330
22A
100
AcDbEntity
  8
0
  6
Continuous
100
AcDbLine
 10
194.2755698264
 20
231.0165980356
 30
0.0
 11
194.304860609
 21
231.0165980356
 31
0.0
  0
LINE
  5
32F
330
22A
100
AcDbEntity
  8
0
  6
Continuous
100
AcDbLine
 10
195.3053762908
 20
231.0865980352
 30
0.0
 11
195.1053763044
 21
231.0865978198
 31
0.0
  0
LINE
  5
330
330
22A
100
AcDbEntity
  8
0
  6
Continuous
100
AcDbLine
 10
187.2153763134999
 20
231.0865978198
 30
0.0
 11
187.0153763271
 21
231.086598035
 31
0.0
  0
LINE
  5
331
330
22A
100
AcDbEntity
  8
0
  6
Continuous
100
AcDbLine
 10
188.1282922293
 20
231.1165980356
 30
0.0
 11
194.1924603885
 21
231.1165980356
 31
0.0
  0
LINE
  5
332
330
22A
100
AcDbEntity
  8
0
  6
Continuous
100
AcDbLine
 10
196.4560673658
 20
231.2265980356
 30
0.0
 11
195.8503763089
 21
231.2265980356
 31
0.0
  0
LINE
  5
333
330
22A
100
AcDbEntity
  8
0
  6
Continuous
100
AcDbLine
 10
185.844685252
 20
231.2265980356
 30
0.0
 11
186.4503763089
 21
231.2265980356
 31
0.0
  0
LINE
  5
334
330
22A
100
AcDbEntity
  8
0
  6
Continuous
100
AcDbLine
 10
195.4803763113
 20
231.2465982936
 30
0.0
 11
195.3303763148
 21
231.2465980356
 31
0.0
  0
LINE
  5
335
330
22A
100
AcDbEntity
  8
0
  6
Continuous
100
AcDbLine
 10
186.990376303
 20
231.2465980356
 30
0.0
 11
186.8403763065
 21
231.2465982936
 31
0.0
  0
LINE
  5
336
330
22A
100
AcDbEntity
  8
0
  6
Continuous
100
AcDbLine
 10
187.9153763089
 20
231.2665980355
 30
0.0
 11
194.4053763089
 21
231.2665980355
 31
0.0
  0
LINE
  5
337
330
22A
100
AcDbEntity
  8
0
  6
Continuous
100
AcDbLine
 10
187.9403763089
 20
231.2915980356
 30
0.0
 11
194.3803763716
 21
231.2915981609
 31
0.0
  0
LINE
  5
338
330
22A
100
AcDbEntity
  8
0
  6
Continuous
100
AcDbLine
 10
194.1053763092
 20
231.5415980356
 30
0.0
 11
188.2153763086
 21
231.5415980356
 31
0.0
  0
LINE
  5
339
330
22A
100
AcDbEntity
  8
0
  6
Continuous
100
AcDbLine
 10
193.5603763089
 20
231.5865980356
 30
0.0
 11
192.2603763089
 21
231.5865980356
 31
0.0
  0
LINE
  5
33A
330
22A
100
AcDbEntity
  8
0
  6
Continuous
100
AcDbLine
 10
190.0603763089
 20
231.5865980356
 30
0.0
 11
188.7603763089
 21
231.5865980356
 31
0.0
  0
LINE
  5
33B
330
22A
100
AcDbEntity
  8
0
  6
Continuous
100
AcDbLine
 10
193.0272048511
 20
231.7265980356
 30
0.0
 11
192.8415477667
 21
231.7265980356
 31
0.0
  0
LINE
  5
33C
330
22A
100
AcDbEntity
  8
0
  6
Continuous
100
AcDbLine
 10
189.4782048511
 20
231.7265980356
 30
0.0
 11
189.2925477667
 21
231.7265980356
 31
0.0
  0
LINE
  5
33D
330
22A
100
AcDbEntity
  8
0
  6
Continuous
100
AcDbLine
 10
215.7054488601
 20
231.8765980356
 30
0.0
 11
214.8445016028
 21
231.8765980356
 31
0.0
  0
LINE
  5
33E
330
22A
100
AcDbEntity
  8
0
  6
Continuous
100
AcDbLine
 10
188.7603763089
 20
231.9865980356
 30
0.0
 11
188.1153766453
 21
231.9865980371
 31
0.0
  0
LINE
  5
33F
330
22A
100
AcDbEntity
  8
0
  6
Continuous
100
AcDbLine
 10
190.0603763089
 20
231.9865980356
 30
0.0
 11
192.2603763089
 21
231.9865980356
 31
0.0
  0
LINE
  5
340
330
22A
100
AcDbEntity
  8
0
  6
Continuous
100
AcDbLine
 10
193.5603763089
 20
231.9865980235
 30
0.0
 11
194.2053750776
 21
231.9865979886
 31
0.0
  0
LINE
  5
341
330
22A
100
AcDbEntity
  8
0
  6
Continuous
100
AcDbLine
 10
193.7603763089
 20
229.6965980356
 30
0.0
 11
193.5603763089
 21
229.8965980356
 31
0.0
  0
LINE
  5
342
330
22A
100
AcDbEntity
  8
0
  6
Continuous
100
AcDbLine
 10
191.0969446444
 20
232.2265980356
 30
0.0
 11
191.1305086297
 21
232.1865980356
 31
0.0
  0
LINE
  5
343
330
22A
100
AcDbEntity
  8
0
  6
Continuous
100
AcDbLine
 10
193.1830810488
 20
229.6665980356
 30
0.0
 11
193.1205860059
 21
229.8072118822
 31
0.0
  0
LINE
  5
344
330
22A
100
AcDbEntity
  8
0
  6
Continuous
100
AcDbLine
 10
193.5603763089
 20
232.0365980356
 30
0.0
 11
193.5603763089
 21
231.5415980356
 31
0.0
  0
LINE
  5
345
330
22A
100
AcDbEntity
  8
0
  6
Continuous
100
AcDbLine
 10
193.5603763089
 20
229.8965980356
 30
0.0
 11
193.5603763089
 21
230.3415980356
 31
0.0
  0
LINE
  5
346
330
22A
100
AcDbEntity
  8
0
  6
Continuous
100
AcDbLine
 10
193.775376028
 20
231.2915990642
 30
0.0
 11
193.775376028
 21
231.2665980839
 31
0.0
  0
LINE
  5
347
330
22A
100
AcDbEntity
  8
0
  6
Continuous
100
AcDbLine
 10
193.775376452
 20
230.6165980354
 30
0.0
 11
193.775376452
 21
230.5915980802
 31
0.0
  0
LINE
  5
348
330
22A
100
AcDbEntity
  8
0
  6
Continuous
100
AcDbLine
 10
193.8103756679
 20
231.2724009504
 30
0.0
 11
193.8103756679
 21
231.2665981405
 31
0.0
  0
LINE
  5
349
330
22A
100
AcDbEntity
  8
0
  6
Continuous
100
AcDbLine
 10
193.8103760918
 20
230.616598138
 30
0.0
 11
193.8103760918
 21
230.6107997266
 31
0.0
  0
LINE
  5
34A
330
22A
100
AcDbEntity
  8
0
  6
Continuous
100
AcDbLine
 10
193.8603763089
 20
229.6965980356
 30
0.0
 11
193.8603763089
 21
229.6665980356
 31
0.0
  0
LINE
  5
34B
330
22A
100
AcDbEntity
  8
0
  6
Continuous
100
AcDbLine
 10
194.0103756679
 20
231.2665981402
 30
0.0
 11
194.0103756679
 21
231.2724009685
 31
0.0
  0
LINE
  5
34C
330
22A
100
AcDbEntity
  8
0
  6
Continuous
100
AcDbLine
 10
194.0103760918
 20
230.6107997422
 30
0.0
 11
194.0103760918
 21
230.6165981389
 31
0.0
  0
LINE
  5
34D
330
22A
100
AcDbEntity
  8
0
  6
Continuous
100
AcDbLine
 10
194.045375689
 20
230.5915980737
 30
0.0
 11
194.045375689
 21
230.6165980354
 31
0.0
  0
LINE
  5
34E
330
22A
100
AcDbEntity
  8
0
  6
Continuous
100
AcDbLine
 10
194.045375689
 20
231.2665980308
 30
0.0
 11
194.045375689
 21
231.2915986899
 31
0.0
  0
LINE
  5
34F
330
22A
100
AcDbEntity
  8
0
  6
Continuous
100
AcDbLine
 10
194.1603763089
 20
229.6665980356
 30
0.0
 11
194.1603763089
 21
229.6965980356
 31
0.0
  0
LINE
  5
350
330
22A
100
AcDbEntity
  8
0
  6
Continuous
100
AcDbLine
 10
194.1924603885
 20
230.7665980356
 30
0.0
 11
194.1924603885
 21
231.1165980356
 31
0.0
  0
LINE
  5
351
330
22A
100
AcDbEntity
  8
0
  6
Continuous
100
AcDbLine
 10
194.2053760928
 20
231.986598031
 30
0.0
 11
194.2053763084
 21
232.1865980208
 31
0.0
  0
LINE
  5
352
330
22A
100
AcDbEntity
  8
0
  6
Continuous
100
AcDbLine
 10
194.205375972
 20
229.8965980341
 30
0.0
 11
194.2053763095
 21
229.6965980503
 31
0.0
  0
LINE
  5
353
330
22A
100
AcDbEntity
  8
0
  6
Continuous
100
AcDbLine
 10
194.2755698264
 20
231.0165980356
 30
0.0
 11
194.2755698264
 21
230.8665980355
 31
0.0
  0
LINE
  5
354
330
22A
100
AcDbEntity
  8
0
  6
Continuous
100
AcDbLine
 10
194.304860609
 20
231.0165980356
 30
0.0
 11
194.3048604079
 21
230.8665980356
 31
0.0
  0
LINE
  5
355
330
22A
100
AcDbEntity
  8
0
  6
Continuous
100
AcDbLine
 10
194.3503763089
 20
232.2265980402
 30
0.0
 11
194.3503766893
 21
232.3765980358
 31
0.0
  0
LINE
  5
356
330
22A
100
AcDbEntity
  8
0
  6
Continuous
100
AcDbLine
 10
194.3503765669
 20
229.5165980332
 30
0.0
 11
194.3503763089
 21
229.6665980297
 31
0.0
  0
LINE
  5
357
330
22A
100
AcDbEntity
  8
0
  6
Continuous
100
AcDbLine
 10
194.3803763716
 20
231.291598201
 30
0.0
 11
194.3803763089
 21
231.2665980355
 31
0.0
  0
LINE
  5
358
330
22A
100
AcDbEntity
  8
0
  6
Continuous
100
AcDbLine
 10
194.3803763089
 20
230.6165980356
 30
0.0
 11
194.3803763089
 21
230.5915980356
 31
0.0
  0
LINE
  5
359
330
22A
100
AcDbEntity
  8
0
  6
Continuous
100
AcDbLine
 10
194.4053763089
 20
230.6165980356
 30
0.0
 11
194.4053763089
 21
230.8665980355
 31
0.0
  0
LINE
  5
35A
330
22A
100
AcDbEntity
  8
0
  6
Continuous
100
AcDbLine
 10
194.4053763089
 20
231.0165980356
 30
0.0
 11
194.4053763089
 21
231.2665980355
 31
0.0
  0
LINE
  5
35B
330
22A
100
AcDbEntity
  8
0
  6
Continuous
100
AcDbLine
 10
194.4498620634
 20
230.8665980356
 30
0.0
 11
194.4498620634
 21
231.0165980356
 31
0.0
  0
LINE
  5
35C
330
22A
100
AcDbEntity
  8
0
  6
Continuous
100
AcDbLine
 10
194.4998785313
 20
231.0165980357
 30
0.0
 11
194.4998785313
 21
230.8665980356
 31
0.0
  0
LINE
  5
35D
330
22A
100
AcDbEntity
  8
0
  6
Continuous
100
AcDbLine
 10
194.5053763089
 20
231.1415980356
 30
0.0
 11
194.5053763089
 21
230.7415980356
 31
0.0
  0
LINE
  5
35E
330
22A
100
AcDbEntity
  8
0
  6
Continuous
100
AcDbLine
 10
194.7603763089
 20
232.4568178788
 30
0.0
 11
194.7603763089
 21
232.5465980356
 31
0.0
  0
LINE
  5
35F
330
22A
100
AcDbEntity
  8
0
  6
Continuous
100
AcDbLine
 10
194.4154169593
 20
233.2265980356
 30
0.0
 11
194.3503763089
 21
232.7265980356
 31
0.0
  0
LINE
  5
360
330
22A
100
AcDbEntity
  8
0
  6
Continuous
100
AcDbLine
 10
194.1924603885
 20
231.1165980356
 30
0.0
 11
194.2498094657
 21
231.2665980355
 31
0.0
  0
LINE
  5
361
330
22A
100
AcDbEntity
  8
0
  6
Continuous
100
AcDbLine
 10
189.2925477667
 20
232.0265980356
 30
0.0
 11
189.4782048511
 21
232.0265980356
 31
0.0
  0
LINE
  5
362
330
22A
100
AcDbEntity
  8
0
  6
Continuous
100
AcDbLine
 10
192.8415477667
 20
232.0265980356
 30
0.0
 11
193.0272048511
 21
232.0265980356
 31
0.0
  0
LINE
  5
363
330
22A
100
AcDbEntity
  8
0
  6
Continuous
100
AcDbLine
 10
195.5496715891
 20
232.1265980356
 30
0.0
 11
195.2736958862
 21
232.1265980356
 31
0.0
  0
LINE
  5
364
330
22A
100
AcDbEntity
  8
0
  6
Continuous
100
AcDbLine
 10
187.0470572189
 20
232.1265980356
 30
0.0
 11
186.7510542837
 21
232.1265980356
 31
0.0
  0
LINE
  5
365
330
22A
100
AcDbEntity
  8
0
  6
Continuous
100
AcDbLine
 10
193.1633032711
 20
232.1865980356
 30
0.0
 11
192.7054493467
 21
232.1865980356
 31
0.0
  0
LINE
  5
366
330
22A
100
AcDbEntity
  8
0
  6
Continuous
100
AcDbLine
 10
192.3771540867
 20
232.1865980356
 30
0.0
 11
189.9425985311
 21
232.1865980356
 31
0.0
  0
LINE
  5
367
330
22A
100
AcDbEntity
  8
0
  6
Continuous
100
AcDbLine
 10
189.6143032711
 20
232.1865980356
 30
0.0
 11
189.1564493467
 21
232.1865980356
 31
0.0
  0
LINE
  5
368
330
22A
100
AcDbEntity
  8
0
  6
Continuous
100
AcDbLine
 10
194.6275044381
 20
232.1865980356
 30
0.0
 11
193.4915985311
 21
232.1865980356
 31
0.0
  0
LINE
  5
369
330
22A
100
AcDbEntity
  8
0
  6
Continuous
100
AcDbLine
 10
187.6932481797
 20
232.1865980356
 30
0.0
 11
188.8281540867
 21
232.1865980356
 31
0.0
  0
LINE
  5
36A
330
22A
100
AcDbEntity
  8
0
  6
Continuous
100
AcDbLine
 10
215.1349197116
 20
232.2265980356
 30
0.0
 11
214.2798693533
 21
232.2265980356
 31
0.0
  0
LINE
  5
36B
330
22A
100
AcDbEntity
  8
0
  6
Continuous
100
AcDbLine
 10
191.4053763089
 20
232.2265980356
 30
0.0
 11
187.9703763089
 21
232.2265980402
 31
0.0
  0
LINE
  5
36C
330
22A
100
AcDbEntity
  8
0
  6
Continuous
100
AcDbLine
 10
191.4081445086
 20
232.2265980356
 30
0.0
 11
194.3503763089
 21
232.2265980356
 31
0.0
  0
LINE
  5
36D
330
22A
100
AcDbEntity
  8
0
  6
Continuous
100
AcDbLine
 10
187.1503763089
 20
232.3095980356
 30
0.0
 11
186.9503763089
 21
232.3095980356
 31
0.0
  0
LINE
  5
36E
330
22A
100
AcDbEntity
  8
0
  6
Continuous
100
AcDbLine
 10
187.2667792759
 20
232.3105980356
 30
0.0
 11
187.1503763089
 21
232.3105980356
 31
0.0
  0
LINE
  5
36F
330
22A
100
AcDbEntity
  8
0
  6
Continuous
100
AcDbLine
 10
186.9503763089
 20
232.3105980356
 30
0.0
 11
186.9146407117
 21
232.3105980356
 31
0.0
  0
LINE
  5
370
330
22A
100
AcDbEntity
  8
0
  6
Continuous
100
AcDbLine
 10
194.3503766893
 20
232.3765980358
 30
0.0
 11
187.9703764263
 21
232.376598068
 31
0.0
  0
LINE
  5
371
330
22A
100
AcDbEntity
  8
0
  6
Continuous
100
AcDbLine
 10
187.9703763089
 20
232.5265980356
 30
0.0
 11
194.3503763089
 21
232.5265980356
 31
0.0
  0
LINE
  5
372
330
22A
100
AcDbEntity
  8
0
  6
Continuous
100
AcDbLine
 10
187.5603763089
 20
232.5465980356
 30
0.0
 11
194.7603763089
 21
232.5465980356
 31
0.0
  0
LINE
  5
373
330
22A
100
AcDbEntity
  8
0
  6
Continuous
100
AcDbLine
 10
187.9503763089
 20
232.7265980356
 30
0.0
 11
194.3503763089
 21
232.7265980356
 31
0.0
  0
LINE
  5
374
330
22A
100
AcDbEntity
  8
0
  6
Continuous
100
AcDbLine
 10
187.8853356585
 20
233.2265980356
 30
0.0
 11
194.4154169593
 21
233.2265980356
 31
0.0
  0
LINE
  5
375
330
22A
100
AcDbEntity
  8
0
  6
Continuous
100
AcDbLine
 10
215.51579476
 20
232.0765949567
 30
0.0
 11
213.9830905747
 21
232.0765980356
 31
0.0
  0
LINE
  5
376
330
22A
100
AcDbEntity
  8
0
  6
Continuous
100
AcDbLine
 10
192.1103763089
 20
232.1865980356
 30
0.0
 11
192.2603763089
 21
232.0365980356
 31
0.0
  0
LINE
  5
377
330
22A
100
AcDbEntity
  8
0
  6
Continuous
100
AcDbLine
 10
194.443727265
 20
230.5282470794
 30
0.0
 11
194.3803763089
 21
230.5915980356
 31
0.0
  0
LINE
  5
378
330
22A
100
AcDbEntity
  8
0
  6
Continuous
100
AcDbLine
 10
192.4760231474
 20
231.9641426491
 30
0.0
 11
192.3725732319
 21
232.1969049588
 31
0.0
  0
LINE
  5
379
330
22A
100
AcDbEntity
  8
0
  6
Continuous
100
AcDbLine
 10
193.3947294704999
 20
229.929053422
 30
0.0
 11
193.4981793859
 21
229.6962911122
 31
0.0
  0
LINE
  5
37A
330
22A
100
AcDbEntity
  8
0
  6
Continuous
100
AcDbLine
 10
192.687671569
 20
232.2265980356
 30
0.0
 11
192.7501666119
 21
232.0859841889
 31
0.0
  0
LINE
  5
37B
330
22A
100
AcDbEntity
  8
0
  6
Continuous
100
AcDbLine
 10
194.2498094657
 20
230.6165980356
 30
0.0
 11
194.1924603885
 21
230.7665980356
 31
0.0
  0
LINE
  5
37C
330
22A
100
AcDbEntity
  8
0
  6
Continuous
100
AcDbLine
 10
194.4154169593
 20
228.6265980356
 30
0.0
 11
194.3503763089
 21
229.1265980356
 31
0.0
  0
LINE
  5
37D
330
22A
100
AcDbEntity
  8
0
  6
Continuous
100
AcDbLine
 10
194.9233365061
 20
231.9199845937
 30
0.0
 11
194.9233365061
 21
232.0416556514
 31
0.0
  0
LINE
  5
37E
330
22A
100
AcDbEntity
  8
0
  6
Continuous
100
AcDbLine
 10
195.105376262
 20
231.0865968049
 30
0.0
 11
195.105376262
 21
230.7965992648
 31
0.0
  0
LINE
  5
37F
330
22A
100
AcDbEntity
  8
0
  6
Continuous
100
AcDbLine
 10
195.3053762908
 20
230.7965980364
 30
0.0
 11
195.3053762908
 21
231.0865980352
 31
0.0
  0
LINE
  5
380
330
22A
100
AcDbEntity
  8
0
  6
Continuous
100
AcDbLine
 10
195.3303763089
 20
231.2465980356
 30
0.0
 11
195.3303763089
 21
230.6465980356
 31
0.0
  0
LINE
  5
381
330
22A
100
AcDbEntity
  8
0
  6
Continuous
100
AcDbLine
 10
195.4803763113
 20
231.2465982936
 30
0.0
 11
195.4803763113
 21
230.6465977775
 31
0.0
  0
LINE
  5
382
330
22A
100
AcDbEntity
  8
0
  6
Continuous
100
AcDbLine
 10
195.6303763089
 20
230.6465980356
 30
0.0
 11
195.6303763089
 21
231.2465980356
 31
0.0
  0
LINE
  5
383
330
22A
100
AcDbEntity
  8
0
  6
Continuous
100
AcDbLine
 10
195.7503763089
 20
231.7640366896
 30
0.0
 11
195.7503763089
 21
230.9265980356
 31
0.0
  0
LINE
  5
384
330
22A
100
AcDbEntity
  8
0
  6
Continuous
100
AcDbLine
 10
195.8503763089
 20
231.2265980356
 30
0.0
 11
195.8503763089
 21
230.6265980356
 31
0.0
  0
LINE
  5
385
330
22A
100
AcDbEntity
  8
0
  6
Continuous
100
AcDbLine
 10
196.4560673658
 20
231.2265980356
 30
0.0
 11
196.4560673658
 21
230.6265980356
 31
0.0
  0
LINE
  5
386
330
22A
100
AcDbEntity
  8
0
  6
Continuous
100
AcDbLine
 10
166.0503763089
 20
235.8265980356
 30
0.0
 11
216.2503763089
 21
235.8265980356
 31
0.0
  0
LINE
  5
387
330
22A
100
AcDbEntity
  8
0
  6
Continuous
100
AcDbLine
 10
166.8503763089
 20
236.6265980356
 30
0.0
 11
215.4503763089
 21
236.6265980356
 31
0.0
  0
LINE
  5
388
330
22A
100
AcDbEntity
  8
0
  6
Continuous
100
AcDbLine
 10
167.1503763089
 20
236.7265980356
 30
0.0
 11
215.1503763089
 21
236.7265980356
 31
0.0
  0
LINE
  5
389
330
22A
100
AcDbEntity
  8
0
  6
Continuous
100
AcDbLine
 10
169.6503763089
 20
237.2765980356
 30
0.0
 11
212.6503763089
 21
237.2765980356
 31
0.0
  0
LINE
  5
38A
330
22A
100
AcDbEntity
  8
0
  6
Continuous
100
AcDbLine
 10
200.7868746484
 20
230.4265990356
 30
0.0
 11
200.7868746484
 21
230.9265980356
 31
0.0
  0
LINE
  5
38B
330
22A
100
AcDbEntity
  8
0
  6
Continuous
100
AcDbLine
 10
214.3003763089
 20
222.7765980356
 30
0.0
 11
215.1003763089
 21
223.5765980356
 31
0.0
  0
LINE
  5
38C
330
22A
100
AcDbEntity
  8
0
  6
Continuous
100
AcDbLine
 10
215.4503763089
 20
223.7265980356
 30
0.0
 11
216.2503763089
 21
224.5265980356
 31
0.0
  0
LINE
  5
38D
330
22A
100
AcDbEntity
  8
0
  6
Continuous
100
AcDbLine
 10
215.1003763089
 20
223.5765980356
 30
0.0
 11
215.1003763089
 21
223.7265980356
 31
0.0
  0
LINE
  5
38E
330
22A
100
AcDbEntity
  8
0
  6
Continuous
100
AcDbLine
 10
215.1503763089
 20
236.7265980356
 30
0.0
 11
215.1503763089
 21
236.6265980356
 31
0.0
  0
LINE
  5
38F
330
22A
100
AcDbEntity
  8
0
  6
Continuous
100
AcDbLine
 10
216.2503763089
 20
224.5265980356
 30
0.0
 11
216.2503763089
 21
235.8265980356
 31
0.0
  0
LWPOLYLINE
  5
390
330
22A
100
AcDbEntity
  8
0
  6
Continuous
100
AcDbPolyline
 90
        6
 70
     0
 43
0.0
 10
281.7845438503
 20
289.4710412838
 10
281.7790422946
 20
289.4028637675
 10
281.7968389785
 20
289.3368120858
 10
281.8358570609
 20
289.2806183033
 10
281.8915314847
 20
289.240861456
 10
281.9098048943
 20
289.2331644983
  0
LWPOLYLINE
  5
391
330
22A
100
AcDbEntity
  8
0
  6
Continuous
100
AcDbPolyline
 90
        6
 70
     0
 43
0.0
 10
283.7130645443
 20
271.9845246402
 10
283.7526737708
 20
271.9287613009
 10
283.8087640243
 20
271.8896022651
 10
283.8747742766
 20
271.8716356702
 10
283.9429785684
 20
271.876966988
 10
283.9619243213
 20
271.8828166977
  0
LINE
  5
392
330
22A
100
AcDbEntity
  8
0
  6
Continuous
100
AcDbLine
 10
285.6707090088
 20
283.6770664919
 30
0.0
 11
285.6707090088
 21
283.0770664919
 31
0.0
  0
LINE
  5
393
330
22A
100
AcDbEntity
  8
0
  6
Continuous
100
AcDbLine
 10
285.7021536764
 20
283.6456218243
 30
0.0
 11
285.7021536764
 21
283.1085111594
 31
0.0
  0
LINE
  5
394
330
22A
100
AcDbEntity
  8
0
  6
Continuous
100
AcDbLine
 10
300.7707090088
 20
260.1770664919
 30
0.0
 11
300.8405734027
 21
260.1770664919
 31
0.0
  0
LINE
  5
395
330
22A
100
AcDbEntity
  8
0
  6
Continuous
100
AcDbLine
 10
312.7008446149
 20
260.1770664919
 30
0.0
 11
312.7707090088
 21
260.1770664919
 31
0.0
  0
LINE
  5
396
330
22A
100
AcDbEntity
  8
0
  6
Continuous
100
AcDbLine
 10
286.1707090088
 20
283.6770664919
 30
0.0
 11
286.1707090088
 21
283.6456218243
 31
0.0
  0
LINE
  5
397
330
22A
100
AcDbEntity
  8
0
  6
Continuous
100
AcDbLine
 10
286.1707090088
 20
283.0770664919
 30
0.0
 11
286.1707090088
 21
283.1085111594
 31
0.0
  0
LINE
  5
398
330
22A
100
AcDbEntity
  8
0
  6
Continuous
100
AcDbLine
 10
286.4707090088
 20
284.4770664919
 30
0.0
 11
286.4707090088
 21
283.9770664918999
 31
0.0
  0
LINE
  5
399
330
22A
100
AcDbEntity
  8
0
  6
Continuous
100
AcDbLine
 10
286.4707090088
 20
282.7770664919
 30
0.0
 11
286.4707090088
 21
282.2770664919
 31
0.0
  0
LINE
  5
39A
330
22A
100
AcDbEntity
  8
0
  6
Continuous
100
AcDbLine
 10
286.5021536764
 20
284.4456218243
 30
0.0
 11
286.5021536764
 21
283.9770664918999
 31
0.0
  0
LINE
  5
39B
330
22A
100
AcDbEntity
  8
0
  6
Continuous
100
AcDbLine
 10
286.5021536764
 20
282.7770664919
 30
0.0
 11
286.5021536764
 21
282.3085111594
 31
0.0
  0
LINE
  5
39C
330
22A
100
AcDbEntity
  8
0
  6
Continuous
100
AcDbLine
 10
287.0392643413
 20
282.3085111594
 30
0.0
 11
287.0392643413
 21
282.7770664919
 31
0.0
  0
LINE
  5
39D
330
22A
100
AcDbEntity
  8
0
  6
Continuous
100
AcDbLine
 10
287.0392643413
 20
283.9770664918999
 30
0.0
 11
287.0392643413
 21
284.4456218243
 31
0.0
  0
LINE
  5
39E
330
22A
100
AcDbEntity
  8
0
  6
Continuous
100
AcDbLine
 10
287.0707090088
 20
282.2770664919
 30
0.0
 11
287.0707090088
 21
282.7770664919
 31
0.0
  0
LINE
  5
39F
330
22A
100
AcDbEntity
  8
0
  6
Continuous
100
AcDbLine
 10
287.0707090088
 20
283.9770664918999
 30
0.0
 11
287.0707090088
 21
284.4770664919
 31
0.0
  0
LINE
  5
3A0
330
22A
100
AcDbEntity
  8
0
  6
Continuous
100
AcDbLine
 10
287.3707090088
 20
283.6770664919
 30
0.0
 11
287.3707090088
 21
283.6456218243
 31
0.0
  0
LINE
  5
3A1
330
22A
100
AcDbEntity
  8
0
  6
Continuous
100
AcDbLine
 10
287.3707090088
 20
283.0770664919
 30
0.0
 11
287.3707090088
 21
283.1085111594
 31
0.0
  0
LINE
  5
3A2
330
22A
100
AcDbEntity
  8
0
  6
Continuous
100
AcDbLine
 10
287.8392643413
 20
283.1085111594
 30
0.0
 11
287.8392643413
 21
283.6456218243
 31
0.0
  0
LINE
  5
3A3
330
22A
100
AcDbEntity
  8
0
  6
Continuous
100
AcDbLine
 10
287.8707090088
 20
283.0770664919
 30
0.0
 11
287.8707090088
 21
283.6770664919
 31
0.0
  0
LINE
  5
3A4
330
22A
100
AcDbEntity
  8
0
  6
Continuous
100
AcDbLine
 10
316.4707090088
 20
264.9565584162
 30
0.0
 11
317.0707090088
 21
264.9565584162
 31
0.0
  0
LINE
  5
3A5
330
22A
100
AcDbEntity
  8
0
  6
Continuous
100
AcDbLine
 10
316.5021536764
 20
264.9880030837
 30
0.0
 11
317.0392643413
 21
264.9880030837
 31
0.0
  0
LINE
  5
3A6
330
22A
100
AcDbEntity
  8
0
  6
Continuous
100
AcDbLine
 10
317.0707090088
 20
265.4565584162
 30
0.0
 11
317.0392643413
 21
265.4565584162
 31
0.0
  0
LINE
  5
3A7
330
22A
100
AcDbEntity
  8
0
  6
Continuous
100
AcDbLine
 10
316.4707090088
 20
265.4565584162
 30
0.0
 11
316.5021536764
 21
265.4565584162
 31
0.0
  0
LINE
  5
3A8
330
22A
100
AcDbEntity
  8
0
  6
Continuous
100
AcDbLine
 10
315.6707090088
 20
265.7565584162
 30
0.0
 11
316.1707090088
 21
265.7565584162
 31
0.0
  0
LINE
  5
3A9
330
22A
100
AcDbEntity
  8
0
  6
Continuous
100
AcDbLine
 10
317.3707090088
 20
265.7565584162
 30
0.0
 11
317.8707090088
 21
265.7565584162
 31
0.0
  0
LINE
  5
3AA
330
22A
100
AcDbEntity
  8
0
  6
Continuous
100
AcDbLine
 10
315.7021536764
 20
265.7880030837
 30
0.0
 11
316.1707090088
 21
265.7880030837
 31
0.0
  0
LINE
  5
3AB
330
22A
100
AcDbEntity
  8
0
  6
Continuous
100
AcDbLine
 10
317.3707090088
 20
265.7880030837
 30
0.0
 11
317.8392643413
 21
265.7880030837
 31
0.0
  0
LINE
  5
3AC
330
22A
100
AcDbEntity
  8
0
  6
Continuous
100
AcDbLine
 10
317.8392643413
 20
266.3251137486
 30
0.0
 11
317.3707090088
 21
266.3251137486
 31
0.0
  0
LINE
  5
3AD
330
22A
100
AcDbEntity
  8
0
  6
Continuous
100
AcDbLine
 10
316.1707090088
 20
266.3251137486
 30
0.0
 11
315.7021536764
 21
266.3251137486
 31
0.0
  0
LINE
  5
3AE
330
22A
100
AcDbEntity
  8
0
  6
Continuous
100
AcDbLine
 10
317.8707090088
 20
266.3565584162
 30
0.0
 11
317.3707090088
 21
266.3565584162
 31
0.0
  0
LINE
  5
3AF
330
22A
100
AcDbEntity
  8
0
  6
Continuous
100
AcDbLine
 10
316.1707090088
 20
266.3565584162
 30
0.0
 11
315.6707090088
 21
266.3565584162
 31
0.0
  0
LINE
  5
3B0
330
22A
100
AcDbEntity
  8
0
  6
Continuous
100
AcDbLine
 10
317.0707090088
 20
266.6565584162
 30
0.0
 11
317.0392643413
 21
266.6565584162
 31
0.0
  0
LINE
  5
3B1
330
22A
100
AcDbEntity
  8
0
  6
Continuous
100
AcDbLine
 10
316.4707090088
 20
266.6565584162
 30
0.0
 11
316.5021536764
 21
266.6565584162
 31
0.0
  0
LINE
  5
3B2
330
22A
100
AcDbEntity
  8
0
  6
Continuous
100
AcDbLine
 10
317.0392643413
 20
267.1251137486
 30
0.0
 11
316.5021536764
 21
267.1251137486
 31
0.0
  0
LINE
  5
3B3
330
22A
100
AcDbEntity
  8
0
  6
Continuous
100
AcDbLine
 10
287.0707090088
 20
284.4770664919
 30
0.0
 11
287.0392643413
 21
284.4456218243
 31
0.0
  0
LINE
  5
3B4
330
22A
100
AcDbEntity
  8
0
  6
Continuous
100
AcDbLine
 10
285.6707090088
 20
283.0770664919
 30
0.0
 11
285.7021536764
 21
283.1085111594
 31
0.0
  0
LINE
  5
3B5
330
22A
100
AcDbEntity
  8
0
  6
Continuous
100
AcDbLine
 10
317.0707090088
 20
267.1565584162
 30
0.0
 11
316.4707090088
 21
267.1565584162
 31
0.0
  0
LINE
  5
3B6
330
22A
100
AcDbEntity
  8
0
  6
Continuous
100
AcDbLine
 10
285.6707090088
 20
283.6770664919
 30
0.0
 11
285.7021536764
 21
283.6456218243
 31
0.0
  0
LINE
  5
3B7
330
22A
100
AcDbEntity
  8
0
  6
Continuous
100
AcDbLine
 10
287.0707090088
 20
282.2770664919
 30
0.0
 11
287.0392643413
 21
282.3085111594
 31
0.0
  0
LINE
  5
3B8
330
22A
100
AcDbEntity
  8
0
  6
Continuous
100
AcDbLine
 10
287.8707090088
 20
283.6770664919
 30
0.0
 11
287.8392643413
 21
283.6456218243
 31
0.0
  0
LINE
  5
3B9
330
22A
100
AcDbEntity
  8
0
  6
Continuous
100
AcDbLine
 10
286.4707090088
 20
282.2770664919
 30
0.0
 11
286.5021536764
 21
282.3085111594
 31
0.0
  0
LINE
  5
3BA
330
22A
100
AcDbEntity
  8
0
  6
Continuous
100
AcDbLine
 10
286.4707090088
 20
284.4770664919
 30
0.0
 11
286.5021536764
 21
284.4456218243
 31
0.0
  0
LINE
  5
3BB
330
22A
100
AcDbEntity
  8
0
  6
Continuous
100
AcDbLine
 10
287.8707090088
 20
283.0770664919
 30
0.0
 11
287.8392643413
 21
283.1085111594
 31
0.0
  0
LINE
  5
3BC
330
22A
100
AcDbEntity
  8
0
  6
Continuous
100
AcDbLine
 10
317.0707090088
 20
301.7975745675
 30
0.0
 11
317.0392643413
 21
301.7661299
 31
0.0
  0
LINE
  5
3BD
330
22A
100
AcDbEntity
  8
0
  6
Continuous
100
AcDbLine
 10
315.6707090088
 20
300.3975745675
 30
0.0
 11
315.7021536764
 21
300.4290192351
 31
0.0
  0
LINE
  5
3BE
330
22A
100
AcDbEntity
  8
0
  6
Continuous
100
AcDbLine
 10
317.8707090088
 20
300.9975745675
 30
0.0
 11
317.8392643413
 21
300.9661298999999
 31
0.0
  0
LINE
  5
3BF
330
22A
100
AcDbEntity
  8
0
  6
Continuous
100
AcDbLine
 10
316.4707090088
 20
299.5975745675
 30
0.0
 11
316.5021536764
 21
299.6290192351
 31
0.0
  0
LINE
  5
3C0
330
22A
100
AcDbEntity
  8
0
  6
Continuous
100
AcDbLine
 10
317.0707090088
 20
264.9565584162
 30
0.0
 11
317.0392643413
 21
264.9880030837
 31
0.0
  0
LINE
  5
3C1
330
22A
100
AcDbEntity
  8
0
  6
Continuous
100
AcDbLine
 10
315.6707090088
 20
266.3565584162
 30
0.0
 11
315.7021536764
 21
266.3251137486
 31
0.0
  0
LINE
  5
3C2
330
22A
100
AcDbEntity
  8
0
  6
Continuous
100
AcDbLine
 10
317.8707090088
 20
265.7565584162
 30
0.0
 11
317.8392643413
 21
265.7880030837
 31
0.0
  0
LINE
  5
3C3
330
22A
100
AcDbEntity
  8
0
  6
Continuous
100
AcDbLine
 10
316.4707090088
 20
267.1565584162
 30
0.0
 11
316.5021536764
 21
267.1251137486
 31
0.0
  0
LWPOLYLINE
  5
3C4
330
22A
100
AcDbEntity
  8
0
  6
Continuous
100
AcDbPolyline
 90
        6
 70
     0
 43
0.0
 10
281.9098048943
 20
277.5209684854
 10
281.8915314847
 20
277.5132715277
 10
281.8358570609
 20
277.4735146804
 10
281.7968389785
 20
277.4173208979
 10
281.7790422946
 20
277.3512692162
 10
281.7845438503
 20
277.2830916999
  0
LINE
  5
3C5
330
22A
100
AcDbEntity
  8
0
  6
Continuous
100
AcDbLine
 10
282.3352401518
 20
277.675816485
 30
0.0
 11
281.9098041745
 21
277.5209704527
 31
0.0
  0
LINE
  5
3C6
330
22A
100
AcDbEntity
  8
0
  6
Continuous
100
AcDbLine
 10
282.3352401518
 20
289.0783164986999
 30
0.0
 11
281.9098041745
 21
289.2331625311
 31
0.0
  0
LINE
  5
3C7
330
22A
100
AcDbEntity
  8
0
  6
Continuous
100
AcDbLine
 10
283.076583715
 20
273.413713996
 30
0.0
 11
283.2613991223
 21
273.4901552494
 31
0.0
  0
LINE
  5
3C8
330
22A
100
AcDbEntity
  8
0
  6
Continuous
100
AcDbLine
 10
282.7909819172
 20
275.9793818203
 30
0.0
 11
282.406348764
 21
275.8393868014
 31
0.0
  0
LINE
  5
3C9
330
22A
100
AcDbEntity
  8
0
  6
Continuous
100
AcDbLine
 10
282.2156364576
 20
275.7791471449
 30
0.0
 11
282.406348764
 21
275.8393868014
 31
0.0
  0
LINE
  5
3CA
330
22A
100
AcDbEntity
  8
0
  6
Continuous
100
AcDbLine
 10
286.4707090088
 20
282.2770664919
 30
0.0
 11
287.0707090088
 21
282.2770664919
 31
0.0
  0
LINE
  5
3CB
330
22A
100
AcDbEntity
  8
0
  6
Continuous
100
AcDbLine
 10
286.5021536764
 20
282.3085111594
 30
0.0
 11
287.0392643413
 21
282.3085111594
 31
0.0
  0
LINE
  5
3CC
330
22A
100
AcDbEntity
  8
0
  6
Continuous
100
AcDbLine
 10
287.0707090088
 20
282.7770664919
 30
0.0
 11
287.0392643413
 21
282.7770664919
 31
0.0
  0
LINE
  5
3CD
330
22A
100
AcDbEntity
  8
0
  6
Continuous
100
AcDbLine
 10
286.4707090088
 20
282.7770664919
 30
0.0
 11
286.5021536764
 21
282.7770664919
 31
0.0
  0
LINE
  5
3CE
330
22A
100
AcDbEntity
  8
0
  6
Continuous
100
AcDbLine
 10
285.6707090088
 20
283.0770664919
 30
0.0
 11
286.1707090088
 21
283.0770664919
 31
0.0
  0
LINE
  5
3CF
330
22A
100
AcDbEntity
  8
0
  6
Continuous
100
AcDbLine
 10
287.3707090088
 20
283.0770664919
 30
0.0
 11
287.8707090088
 21
283.0770664919
 31
0.0
  0
LINE
  5
3D0
330
22A
100
AcDbEntity
  8
0
  6
Continuous
100
AcDbLine
 10
285.7021536764
 20
283.1085111594
 30
0.0
 11
286.1707090088
 21
283.1085111594
 31
0.0
  0
LINE
  5
3D1
330
22A
100
AcDbEntity
  8
0
  6
Continuous
100
AcDbLine
 10
287.3707090088
 20
283.1085111594
 30
0.0
 11
287.8392643413
 21
283.1085111594
 31
0.0
  0
LINE
  5
3D2
330
22A
100
AcDbEntity
  8
0
  6
Continuous
100
AcDbLine
 10
287.8392643413
 20
283.6456218243
 30
0.0
 11
287.3707090088
 21
283.6456218243
 31
0.0
  0
LINE
  5
3D3
330
22A
100
AcDbEntity
  8
0
  6
Continuous
100
AcDbLine
 10
286.1707090088
 20
283.6456218243
 30
0.0
 11
285.7021536764
 21
283.6456218243
 31
0.0
  0
LINE
  5
3D4
330
22A
100
AcDbEntity
  8
0
  6
Continuous
100
AcDbLine
 10
287.8707090088
 20
283.6770664919
 30
0.0
 11
287.3707090088
 21
283.6770664919
 31
0.0
  0
LINE
  5
3D5
330
22A
100
AcDbEntity
  8
0
  6
Continuous
100
AcDbLine
 10
286.1707090088
 20
283.6770664919
 30
0.0
 11
285.6707090088
 21
283.6770664919
 31
0.0
  0
LINE
  5
3D6
330
22A
100
AcDbEntity
  8
0
  6
Continuous
100
AcDbLine
 10
282.2156364576
 20
290.9749858388
 30
0.0
 11
282.406348764
 21
290.9147461823
 31
0.0
  0
LINE
  5
3D7
330
22A
100
AcDbEntity
  8
0
  6
Continuous
100
AcDbLine
 10
282.7909819172
 20
290.7747511635
 30
0.0
 11
282.406348764
 21
290.9147461823
 31
0.0
  0
LINE
  5
3D8
330
22A
100
AcDbEntity
  8
0
  6
Continuous
100
AcDbLine
 10
283.076583715
 20
293.3404189877
 30
0.0
 11
283.2613991223
 21
293.2639777343
 31
0.0
  0
LINE
  5
3D9
330
22A
100
AcDbEntity
  8
0
  6
Continuous
100
AcDbLine
 10
283.6471597467
 20
273.6305606343
 30
0.0
 11
283.2613991223
 21
273.4901552494
 31
0.0
  0
LINE
  5
3DA
330
22A
100
AcDbEntity
  8
0
  6
Continuous
100
AcDbLine
 10
287.0707090088
 20
283.9770664918999
 30
0.0
 11
287.0392643413
 21
283.9770664918999
 31
0.0
  0
LINE
  5
3DB
330
22A
100
AcDbEntity
  8
0
  6
Continuous
100
AcDbLine
 10
286.4707090088
 20
283.9770664918999
 30
0.0
 11
286.5021536764
 21
283.9770664918999
 31
0.0
  0
LINE
  5
3DC
330
22A
100
AcDbEntity
  8
0
  6
Continuous
100
AcDbLine
 10
287.0392643413
 20
284.4456218243
 30
0.0
 11
286.5021536764
 21
284.4456218243
 31
0.0
  0
LINE
  5
3DD
330
22A
100
AcDbEntity
  8
0
  6
Continuous
100
AcDbLine
 10
287.0707090088
 20
284.4770664919
 30
0.0
 11
286.4707090088
 21
284.4770664919
 31
0.0
  0
LINE
  5
3DE
330
22A
100
AcDbEntity
  8
0
  6
Continuous
100
AcDbLine
 10
283.6471597467
 20
293.1235723495
 30
0.0
 11
283.2613991223
 21
293.2639777343
 31
0.0
  0
LINE
  5
3DF
330
22A
100
AcDbEntity
  8
0
  6
Continuous
100
AcDbLine
 10
284.3825070000999
 20
272.0358940445
 30
0.0
 11
283.9619250344
 21
271.8828147279
 31
0.0
  0
LWPOLYLINE
  5
3E0
330
22A
100
AcDbEntity
  8
0
  6
Continuous
100
AcDbPolyline
 90
        6
 70
     0
 43
0.0
 10
283.9619243213
 20
294.8713162861
 10
283.9429785684
 20
294.8771659957
 10
283.8747742766
 20
294.8824973135
 10
283.8087640243
 20
294.8645307186
 10
283.7526737708
 20
294.8253716828
 10
283.7130645443
 20
294.7696083435
  0
LINE
  5
3E1
330
22A
100
AcDbEntity
  8
0
  6
Continuous
100
AcDbLine
 10
284.3825070000999
 20
294.7182389392
 30
0.0
 11
283.9619250344
 21
294.8713182558
 31
0.0
  0
LINE
  5
3E2
330
22A
100
AcDbEntity
  8
0
  6
Continuous
100
AcDbLine
 10
315.6707090088
 20
300.9975745675
 30
0.0
 11
315.6707090088
 21
300.3975745675
 31
0.0
  0
LINE
  5
3E3
330
22A
100
AcDbEntity
  8
0
  6
Continuous
100
AcDbLine
 10
315.6707090088
 20
266.3565584162
 30
0.0
 11
315.6707090088
 21
265.7565584162
 31
0.0
  0
LINE
  5
3E4
330
22A
100
AcDbEntity
  8
0
  6
Continuous
100
AcDbLine
 10
315.7021536764
 20
300.9661298999999
 30
0.0
 11
315.7021536764
 21
300.4290192351
 31
0.0
  0
LINE
  5
3E5
330
22A
100
AcDbEntity
  8
0
  6
Continuous
100
AcDbLine
 10
315.7021536764
 20
266.3251137486
 30
0.0
 11
315.7021536764
 21
265.7880030837
 31
0.0
  0
LINE
  5
3E6
330
22A
100
AcDbEntity
  8
0
  6
Continuous
100
AcDbLine
 10
316.1707090088
 20
300.9975745675
 30
0.0
 11
316.1707090088
 21
300.9661298999999
 31
0.0
  0
LINE
  5
3E7
330
22A
100
AcDbEntity
  8
0
  6
Continuous
100
AcDbLine
 10
316.1707090088
 20
266.3565584162
 30
0.0
 11
316.1707090088
 21
266.3251137486
 31
0.0
  0
LINE
  5
3E8
330
22A
100
AcDbEntity
  8
0
  6
Continuous
100
AcDbLine
 10
316.1707090088
 20
265.7565584162
 30
0.0
 11
316.1707090088
 21
265.7880030837
 31
0.0
  0
LINE
  5
3E9
330
22A
100
AcDbEntity
  8
0
  6
Continuous
100
AcDbLine
 10
316.1707090088
 20
300.3975745675
 30
0.0
 11
316.1707090088
 21
300.4290192351
 31
0.0
  0
LINE
  5
3EA
330
22A
100
AcDbEntity
  8
0
  6
Continuous
100
AcDbLine
 10
316.4707090088
 20
301.7975745675
 30
0.0
 11
316.4707090088
 21
301.2975745675
 31
0.0
  0
LINE
  5
3EB
330
22A
100
AcDbEntity
  8
0
  6
Continuous
100
AcDbLine
 10
316.4707090088
 20
300.0975745675
 30
0.0
 11
316.4707090088
 21
299.5975745675
 31
0.0
  0
LINE
  5
3EC
330
22A
100
AcDbEntity
  8
0
  6
Continuous
100
AcDbLine
 10
316.4707090088
 20
267.1565584162
 30
0.0
 11
316.4707090088
 21
266.6565584162
 31
0.0
  0
LINE
  5
3ED
330
22A
100
AcDbEntity
  8
0
  6
Continuous
100
AcDbLine
 10
316.4707090088
 20
265.4565584162
 30
0.0
 11
316.4707090088
 21
264.9565584162
 31
0.0
  0
LINE
  5
3EE
330
22A
100
AcDbEntity
  8
0
  6
Continuous
100
AcDbLine
 10
316.5021536764
 20
301.7661299
 30
0.0
 11
316.5021536764
 21
301.2975745675
 31
0.0
  0
LINE
  5
3EF
330
22A
100
AcDbEntity
  8
0
  6
Continuous
100
AcDbLine
 10
316.5021536764
 20
300.0975745675
 30
0.0
 11
316.5021536764
 21
299.6290192351
 31
0.0
  0
LINE
  5
3F0
330
22A
100
AcDbEntity
  8
0
  6
Continuous
100
AcDbLine
 10
316.5021536764
 20
267.1251137486
 30
0.0
 11
316.5021536764
 21
266.6565584162
 31
0.0
  0
LINE
  5
3F1
330
22A
100
AcDbEntity
  8
0
  6
Continuous
100
AcDbLine
 10
316.5021536764
 20
265.4565584162
 30
0.0
 11
316.5021536764
 21
264.9880030837
 31
0.0
  0
LINE
  5
3F2
330
22A
100
AcDbEntity
  8
0
  6
Continuous
100
AcDbLine
 10
317.0392643413
 20
264.9880030837
 30
0.0
 11
317.0392643413
 21
265.4565584162
 31
0.0
  0
LINE
  5
3F3
330
22A
100
AcDbEntity
  8
0
  6
Continuous
100
AcDbLine
 10
317.0392643413
 20
266.6565584162
 30
0.0
 11
317.0392643413
 21
267.1251137486
 31
0.0
  0
LINE
  5
3F4
330
22A
100
AcDbEntity
  8
0
  6
Continuous
100
AcDbLine
 10
317.0392643413
 20
299.6290192351
 30
0.0
 11
317.0392643413
 21
300.0975745675
 31
0.0
  0
LINE
  5
3F5
330
22A
100
AcDbEntity
  8
0
  6
Continuous
100
AcDbLine
 10
317.0392643413
 20
301.2975745675
 30
0.0
 11
317.0392643413
 21
301.7661299
 31
0.0
  0
LINE
  5
3F6
330
22A
100
AcDbEntity
  8
0
  6
Continuous
100
AcDbLine
 10
317.0707090088
 20
264.9565584162
 30
0.0
 11
317.0707090088
 21
265.4565584162
 31
0.0
  0
LINE
  5
3F7
330
22A
100
AcDbEntity
  8
0
  6
Continuous
100
AcDbLine
 10
317.0707090088
 20
266.6565584162
 30
0.0
 11
317.0707090088
 21
267.1565584162
 31
0.0
  0
LINE
  5
3F8
330
22A
100
AcDbEntity
  8
0
  6
Continuous
100
AcDbLine
 10
317.0707090088
 20
299.5975745675
 30
0.0
 11
317.0707090088
 21
300.0975745675
 31
0.0
  0
LINE
  5
3F9
330
22A
100
AcDbEntity
  8
0
  6
Continuous
100
AcDbLine
 10
317.0707090088
 20
301.2975745675
 30
0.0
 11
317.0707090088
 21
301.7975745675
 31
0.0
  0
LINE
  5
3FA
330
22A
100
AcDbEntity
  8
0
  6
Continuous
100
AcDbLine
 10
317.3707090088
 20
300.9975745675
 30
0.0
 11
317.3707090088
 21
300.9661298999999
 31
0.0
  0
LINE
  5
3FB
330
22A
100
AcDbEntity
  8
0
  6
Continuous
100
AcDbLine
 10
317.3707090088
 20
266.3565584162
 30
0.0
 11
317.3707090088
 21
266.3251137486
 31
0.0
  0
LINE
  5
3FC
330
22A
100
AcDbEntity
  8
0
  6
Continuous
100
AcDbLine
 10
317.3707090088
 20
265.7565584162
 30
0.0
 11
317.3707090088
 21
265.7880030837
 31
0.0
  0
LINE
  5
3FD
330
22A
100
AcDbEntity
  8
0
  6
Continuous
100
AcDbLine
 10
317.3707090088
 20
300.3975745675
 30
0.0
 11
317.3707090088
 21
300.4290192351
 31
0.0
  0
LINE
  5
3FE
330
22A
100
AcDbEntity
  8
0
  6
Continuous
100
AcDbLine
 10
317.8392643413
 20
265.7880030837
 30
0.0
 11
317.8392643413
 21
266.3251137486
 31
0.0
  0
LINE
  5
3FF
330
22A
100
AcDbEntity
  8
0
  6
Continuous
100
AcDbLine
 10
317.8392643413
 20
300.4290192351
 30
0.0
 11
317.8392643413
 21
300.9661298999999
 31
0.0
  0
LINE
  5
400
330
22A
100
AcDbEntity
  8
0
  6
Continuous
100
AcDbLine
 10
317.8707090088
 20
265.7565584162
 30
0.0
 11
317.8707090088
 21
266.3565584162
 31
0.0
  0
LINE
  5
401
330
22A
100
AcDbEntity
  8
0
  6
Continuous
100
AcDbLine
 10
317.8707090088
 20
300.3975745675
 30
0.0
 11
317.8707090088
 21
300.9975745675
 31
0.0
  0
LINE
  5
402
330
22A
100
AcDbEntity
  8
0
  6
Continuous
100
AcDbLine
 10
316.4707090088
 20
299.5975745675
 30
0.0
 11
317.0707090088
 21
299.5975745675
 31
0.0
  0
LINE
  5
403
330
22A
100
AcDbEntity
  8
0
  6
Continuous
100
AcDbLine
 10
316.5021536764
 20
299.6290192351
 30
0.0
 11
317.0392643413
 21
299.6290192351
 31
0.0
  0
LINE
  5
404
330
22A
100
AcDbEntity
  8
0
  6
Continuous
100
AcDbLine
 10
317.0707090088
 20
300.0975745675
 30
0.0
 11
317.0392643413
 21
300.0975745675
 31
0.0
  0
LINE
  5
405
330
22A
100
AcDbEntity
  8
0
  6
Continuous
100
AcDbLine
 10
316.4707090088
 20
300.0975745675
 30
0.0
 11
316.5021536764
 21
300.0975745675
 31
0.0
  0
LINE
  5
406
330
22A
100
AcDbEntity
  8
0
  6
Continuous
100
AcDbLine
 10
317.0707090088
 20
267.1565584162
 30
0.0
 11
317.0392643413
 21
267.1251137486
 31
0.0
  0
LINE
  5
407
330
22A
100
AcDbEntity
  8
0
  6
Continuous
100
AcDbLine
 10
315.6707090088
 20
265.7565584162
 30
0.0
 11
315.7021536764
 21
265.7880030837
 31
0.0
  0
LINE
  5
408
330
22A
100
AcDbEntity
  8
0
  6
Continuous
100
AcDbLine
 10
315.6707090088
 20
300.3975745675
 30
0.0
 11
316.1707090088
 21
300.3975745675
 31
0.0
  0
LINE
  5
409
330
22A
100
AcDbEntity
  8
0
  6
Continuous
100
AcDbLine
 10
317.3707090088
 20
300.3975745675
 30
0.0
 11
317.8707090088
 21
300.3975745675
 31
0.0
  0
LINE
  5
40A
330
22A
100
AcDbEntity
  8
0
  6
Continuous
100
AcDbLine
 10
315.7021536764
 20
300.4290192351
 30
0.0
 11
316.1707090088
 21
300.4290192351
 31
0.0
  0
LINE
  5
40B
330
22A
100
AcDbEntity
  8
0
  6
Continuous
100
AcDbLine
 10
317.3707090088
 20
300.4290192351
 30
0.0
 11
317.8392643413
 21
300.4290192351
 31
0.0
  0
LINE
  5
40C
330
22A
100
AcDbEntity
  8
0
  6
Continuous
100
AcDbLine
 10
317.8392643413
 20
300.9661298999999
 30
0.0
 11
317.3707090088
 21
300.9661298999999
 31
0.0
  0
LINE
  5
40D
330
22A
100
AcDbEntity
  8
0
  6
Continuous
100
AcDbLine
 10
316.1707090088
 20
300.9661298999999
 30
0.0
 11
315.7021536764
 21
300.9661298999999
 31
0.0
  0
LINE
  5
40E
330
22A
100
AcDbEntity
  8
0
  6
Continuous
100
AcDbLine
 10
317.8707090088
 20
300.9975745675
 30
0.0
 11
317.3707090088
 21
300.9975745675
 31
0.0
  0
LINE
  5
40F
330
22A
100
AcDbEntity
  8
0
  6
Continuous
100
AcDbLine
 10
316.1707090088
 20
300.9975745675
 30
0.0
 11
315.6707090088
 21
300.9975745675
 31
0.0
  0
LINE
  5
410
330
22A
100
AcDbEntity
  8
0
  6
Continuous
100
AcDbLine
 10
317.0707090088
 20
301.2975745675
 30
0.0
 11
317.0392643413
 21
301.2975745675
 31
0.0
  0
LINE
  5
411
330
22A
100
AcDbEntity
  8
0
  6
Continuous
100
AcDbLine
 10
316.4707090088
 20
301.2975745675
 30
0.0
 11
316.5021536764
 21
301.2975745675
 31
0.0
  0
LINE
  5
412
330
22A
100
AcDbEntity
  8
0
  6
Continuous
100
AcDbLine
 10
317.0392643413
 20
301.7661299
 30
0.0
 11
316.5021536764
 21
301.7661299
 31
0.0
  0
LINE
  5
413
330
22A
100
AcDbEntity
  8
0
  6
Continuous
100
AcDbLine
 10
317.0707090088
 20
301.7975745675
 30
0.0
 11
316.4707090088
 21
301.7975745675
 31
0.0
  0
LINE
  5
414
330
22A
100
AcDbEntity
  8
0
  6
Continuous
100
AcDbLine
 10
315.6707090088
 20
300.9975745675
 30
0.0
 11
315.7021536764
 21
300.9661298999999
 31
0.0
  0
LINE
  5
415
330
22A
100
AcDbEntity
  8
0
  6
Continuous
100
AcDbLine
 10
317.0707090088
 20
299.5975745675
 30
0.0
 11
317.0392643413
 21
299.6290192351
 31
0.0
  0
LINE
  5
416
330
22A
100
AcDbEntity
  8
0
  6
Continuous
100
AcDbLine
 10
317.8707090088
 20
266.3565584162
 30
0.0
 11
317.8392643413
 21
266.3251137486
 31
0.0
  0
LINE
  5
417
330
22A
100
AcDbEntity
  8
0
  6
Continuous
100
AcDbLine
 10
316.4707090088
 20
264.9565584162
 30
0.0
 11
316.5021536764
 21
264.9880030837
 31
0.0
  0
LINE
  5
418
330
22A
100
AcDbEntity
  8
0
  6
Continuous
100
AcDbLine
 10
316.4707090088
 20
301.7975745675
 30
0.0
 11
316.5021536764
 21
301.7661299
 31
0.0
  0
LINE
  5
419
330
22A
100
AcDbEntity
  8
0
  6
Continuous
100
AcDbLine
 10
317.8707090088
 20
300.3975745675
 30
0.0
 11
317.8392643413
 21
300.4290192351
 31
0.0
  0
ARC
  5
41A
330
22A
100
AcDbEntity
  8
0
  6
Continuous
100
AcDbCircle
 10
187.8614521361
 20
282.1799959902
 30
0.0
 40
29.2
100
AcDbArc
 50
14.4593831161
 51
25.5406168839
  0
ARC
  5
41B
330
22A
100
AcDbEntity
  8
0
  6
Continuous
100
AcDbCircle
 10
187.8614521361
 20
282.1799959902
 30
0.0
 40
29.0
100
AcDbArc
 50
17.5295889625
 51
22.4704110375
  0
ARC
  5
41C
330
22A
100
AcDbEntity
  8
0
  6
Continuous
100
AcDbCircle
 10
187.8614521361
 20
284.5741369935
 30
0.0
 40
29.2
100
AcDbArc
 50
334.4593831161
 51
345.5406168839
  0
ARC
  5
41D
330
22A
100
AcDbEntity
  8
0
  6
Continuous
100
AcDbCircle
 10
187.8614521361
 20
284.5741369935
 30
0.0
 40
29.0
100
AcDbArc
 50
337.5295889625
 51
342.4704110375
  0
CIRCLE
  5
41E
102
{ACAD_REACTORS
330
784
102
}
330
22A
100
AcDbEntity
  8
0
  6
Continuous
100
AcDbCircle
 10
191.1503763089
 20
283.3770664919
 30
0.0
 40
25.1
  0
CIRCLE
  5
41F
330
22A
100
AcDbEntity
  8
0
  6
Continuous
100
AcDbCircle
 10
191.1503763089
 20
283.3770664919
 30
0.0
 40
24.3
  0
CIRCLE
  5
420
330
22A
100
AcDbEntity
  8
0
  6
Continuous
100
AcDbCircle
 10
191.1503763089
 20
283.3770664919
 30
0.0
 40
24.1
  0
CIRCLE
  5
421
330
22A
100
AcDbEntity
  8
0
  6
Continuous
100
AcDbCircle
 10
191.1503763089
 20
283.3770664919
 30
0.0
 40
24.0
  0
CIRCLE
  5
422
330
22A
100
AcDbEntity
  8
0
  6
Continuous
100
AcDbCircle
 10
191.1503763089
 20
283.3770664919
 30
0.0
 40
21.5
  0
CIRCLE
  5
423
102
{ACAD_REACTORS
330
83F
102
}
330
22A
100
AcDbEntity
  8
0
  6
Continuous
100
AcDbCircle
 10
191.1503763089
 20
283.3770664919
 30
0.0
 40
18.275
  0
ARC
  5
424
330
22A
100
AcDbEntity
  8
0
  6
Continuous
100
AcDbCircle
 10
249.9603587305
 20
292.5418109957
 30
0.0
 40
1.726516199299998
100
AcDbArc
 50
23.7878228429
 51
24.1830618493
  0
ARC
  5
425
330
22A
100
AcDbEntity
  8
0
  6
Continuous
100
AcDbCircle
 10
249.9603587305
 20
274.212321988
 30
0.0
 40
1.726516199299998
100
AcDbArc
 50
335.8169381507
 51
336.2121771571
  0
ARC
  5
426
330
22A
100
AcDbEntity
  8
0
  6
Continuous
100
AcDbCircle
 10
249.6092979605
 20
292.5418109978
 30
0.0
 40
1.726516194199998
100
AcDbArc
 50
155.8169381501
 51
156.2121771576
  0
ARC
  5
427
330
22A
100
AcDbEntity
  8
0
  6
Continuous
100
AcDbCircle
 10
249.6092979585
 20
274.212321985
 30
0.0
 40
1.726516191999998
100
AcDbArc
 50
203.7878228422
 51
204.1830618503
  0
ARC
  5
428
330
22A
100
AcDbEntity
  8
0
  6
Continuous
100
AcDbCircle
 10
249.5803959929
 20
290.1889076049
 30
0.0
 40
1.545567671699998
100
AcDbArc
 50
180.0106224183
 51
186.2232805981
  0
ARC
  5
429
330
22A
100
AcDbEntity
  8
0
  6
Continuous
100
AcDbCircle
 10
249.9892609373
 20
290.1889075951
 30
0.0
 40
1.5455674371
100
AcDbArc
 50
353.7768321669
 51
359.989377943
  0
ARC
  5
42A
330
22A
100
AcDbEntity
  8
0
  6
Continuous
100
AcDbCircle
 10
249.9892609414
 20
276.5652253888
 30
0.0
 40
1.545567433
100
AcDbArc
 50
0.0106220506
 51
6.2231658608
  0
ARC
  5
42B
330
22A
100
AcDbEntity
  8
0
  6
Continuous
100
AcDbCircle
 10
249.5803955172
 20
276.5652253987
 30
0.0
 40
1.5455671959
100
AcDbArc
 50
173.7769481007
 51
179.9893783144
  0
ARC
  5
42C
330
22A
100
AcDbEntity
  8
0
  6
Continuous
100
AcDbCircle
 10
244.2848283478
 20
307.6770664919
 30
0.0
 40
0.8
100
AcDbArc
 50
90.0
 51
180.0
  0
ARC
  5
42D
330
22A
100
AcDbEntity
  8
0
  6
Continuous
100
AcDbCircle
 10
244.2848283478
 20
259.0770664919
 30
0.0
 40
0.8
100
AcDbArc
 50
180.0
 51
270.0
  0
ARC
  5
42E
330
22A
100
AcDbEntity
  8
0
  6
Continuous
100
AcDbCircle
 10
187.9503763089
 20
230.6265980356
 30
0.0
 40
1.5
100
AcDbArc
 50
180.0
 51
270.0
  0
ARC
  5
42F
330
22A
100
AcDbEntity
  8
0
  6
Continuous
100
AcDbCircle
 10
187.9503763089
 20
231.2265980356
 30
0.0
 40
1.5
100
AcDbArc
 50
90.0
 51
180.0
  0
ARC
  5
430
330
22A
100
AcDbEntity
  8
0
  6
Continuous
100
AcDbCircle
 10
187.9703763089
 20
230.6465980356
 30
0.0
 40
1.28
100
AcDbArc
 50
179.9999999989
 51
270.0000000013
  0
ARC
  5
431
330
22A
100
AcDbEntity
  8
0
  6
Continuous
100
AcDbCircle
 10
187.9703763089
 20
231.2465980356
 30
0.0
 40
1.28
100
AcDbArc
 50
89.99999999899998
 51
180.0000000015
  0
ARC
  5
432
330
22A
100
AcDbEntity
  8
0
  6
Continuous
100
AcDbCircle
 10
187.9703763089
 20
231.2465980356
 30
0.0
 40
1.130000097199999
100
AcDbArc
 50
89.99999404909997
 51
179.9999329666
  0
ARC
  5
433
330
22A
100
AcDbEntity
  8
0
  6
Continuous
100
AcDbCircle
 10
187.9703763089
 20
230.6465980356
 30
0.0
 40
1.130000097199999
100
AcDbArc
 50
180.0000277864
 51
269.9999329668
  0
ARC
  5
434
330
22A
100
AcDbEntity
  8
0
  6
Continuous
100
AcDbCircle
 10
188.1153763089
 20
231.0865980356
 30
0.0
 40
1.1000001045
100
AcDbArc
 50
90.0
 51
180.0000000168999
  0
ARC
  5
435
330
22A
100
AcDbEntity
  8
0
  6
Continuous
100
AcDbCircle
 10
188.1153763089
 20
230.7965980356
 30
0.0
 40
1.1000001045
100
AcDbArc
 50
180.0
 51
270.0000000076
  0
ARC
  5
436
330
22A
100
AcDbEntity
  8
0
  6
Continuous
100
AcDbCircle
 10
187.9703763089
 20
230.6465980356
 30
0.0
 40
0.9799999028
100
AcDbArc
 50
180.0
 51
270.0000003512
  0
ARC
  5
437
330
22A
100
AcDbEntity
  8
0
  6
Continuous
100
AcDbCircle
 10
187.9703763089
 20
231.2465980356
 30
0.0
 40
0.9799999028
100
AcDbArc
 50
90.0000000003
 51
180.0
  0
ARC
  5
438
330
22A
100
AcDbEntity
  8
0
  6
Continuous
100
AcDbCircle
 10
188.1153763089
 20
231.0865980356
 30
0.0
 40
0.8999998954999998
100
AcDbArc
 50
89.99989055200002
 51
180.0000782467
  0
ARC
  5
439
330
22A
100
AcDbEntity
  8
0
  6
Continuous
100
AcDbCircle
 10
188.1153763089
 20
230.7965980356
 30
0.0
 40
0.8999998954999998
100
AcDbArc
 50
179.9999218069
 51
270.0000371245
  0
ARC
  5
43A
330
22A
100
AcDbEntity
  8
0
  6
Continuous
100
AcDbCircle
 10
189.2925477668
 20
232.1265980356
 30
0.0
 40
0.4
100
AcDbArc
 50
203.9624889795
 51
269.9999999966
  0
ARC
  5
43B
330
22A
100
AcDbEntity
  8
0
  6
Continuous
100
AcDbCircle
 10
189.478204851
 20
232.1265980356
 30
0.0
 40
0.4
100
AcDbArc
 50
270.0000000022
 51
336.0375110199
  0
ARC
  5
43C
330
22A
100
AcDbEntity
  8
0
  6
Continuous
100
AcDbCircle
 10
188.2153763089
 20
230.7415980356
 30
0.0
 40
0.4
100
AcDbArc
 50
180.0000000006
 51
270.0
  0
ARC
  5
43D
330
22A
100
AcDbEntity
  8
0
  6
Continuous
100
AcDbCircle
 10
188.2153763089
 20
231.1415980356
 30
0.0
 40
0.4
100
AcDbArc
 50
90.0
 51
179.9999999991
  0
ARC
  5
43E
330
22A
100
AcDbEntity
  8
0
  6
Continuous
100
AcDbCircle
 10
189.478204851
 20
229.7665980356
 30
0.0
 40
0.4
100
AcDbArc
 50
23.9624889869
 51
89.99999999639999
  0
ARC
  5
43F
330
22A
100
AcDbEntity
  8
0
  6
Continuous
100
AcDbCircle
 10
189.2925477668
 20
229.7665980356
 30
0.0
 40
0.4
100
AcDbArc
 50
90.000000005
 51
156.0375110293
  0
ARC
  5
440
330
22A
100
AcDbEntity
  8
0
  6
Continuous
100
AcDbCircle
 10
190.6353763089
 20
232.0765980356
 30
0.0
 40
0.15
100
AcDbArc
 50
47.9194768837
 51
90.0000000027
  0
ARC
  5
441
330
22A
100
AcDbEntity
  8
0
  6
Continuous
100
AcDbCircle
 10
190.0508412248
 20
229.8165980356
 30
0.0
 40
0.15
100
AcDbArc
 50
233.8139929335
 51
270.0021457087
  0
ARC
  5
442
330
22A
100
AcDbEntity
  8
0
  6
Continuous
100
AcDbCircle
 10
189.478204851
 20
232.1265980356
 30
0.0
 40
0.1
100
AcDbArc
 50
270.0000000112
 51
336.0375109834
  0
ARC
  5
443
330
22A
100
AcDbEntity
  8
0
  6
Continuous
100
AcDbCircle
 10
189.2925477668
 20
232.1265980356
 30
0.0
 40
0.1
100
AcDbArc
 50
203.9624889688
 51
269.9999999829
  0
ARC
  5
444
330
22A
100
AcDbEntity
  8
0
  6
Continuous
100
AcDbCircle
 10
189.2925477668
 20
229.7665980356
 30
0.0
 40
0.1
100
AcDbArc
 50
90.0000000118
 51
156.0375110085
  0
ARC
  5
445
330
22A
100
AcDbEntity
  8
0
  6
Continuous
100
AcDbCircle
 10
189.478204851
 20
229.7665980356
 30
0.0
 40
0.1
100
AcDbArc
 50
23.9624889919
 51
89.99999999389999
  0
ARC
  5
446
330
22A
100
AcDbEntity
  8
0
  6
Continuous
100
AcDbCircle
 10
189.9928699634
 20
232.1765980356
 30
0.0
 40
0.05
100
AcDbArc
 50
89.99999998620001
 51
156.037511013
  0
ARC
  5
447
330
22A
100
AcDbEntity
  8
0
  6
Continuous
100
AcDbCircle
 10
188.7778826544
 20
232.1765980356
 30
0.0
 40
0.05
100
AcDbArc
 50
23.9624889864
 51
90.00000002909997
  0
ARC
  5
448
330
22A
100
AcDbEntity
  8
0
  6
Continuous
100
AcDbCircle
 10
188.7778826544
 20
229.7165980356
 30
0.0
 40
0.05
100
AcDbArc
 50
269.9999999743
 51
336.0375109483
  0
ARC
  5
449
330
22A
100
AcDbEntity
  8
0
  6
Continuous
100
AcDbCircle
 10
189.9928699634
 20
229.7165980356
 30
0.0
 40
0.05
100
AcDbArc
 50
203.9624889545
 51
270.0000000104
  0
ARC
  5
44A
330
22A
100
AcDbEntity
  8
0
  6
Continuous
100
AcDbCircle
 10
166.8503763089
 20
235.8265980356
 30
0.0
 40
0.8
100
AcDbArc
 50
90.0
 51
180.0
  0
ARC
  5
44B
330
22A
100
AcDbEntity
  8
0
  6
Continuous
100
AcDbCircle
 10
194.3503763089
 20
231.2265980356
 30
0.0
 40
1.5
100
AcDbArc
 50
0.0
 51
90.0
  0
ARC
  5
44C
330
22A
100
AcDbEntity
  8
0
  6
Continuous
100
AcDbCircle
 10
194.3503763089
 20
230.6265980356
 30
0.0
 40
1.5
100
AcDbArc
 50
270.0
 51
360.0
  0
ARC
  5
44D
330
22A
100
AcDbEntity
  8
0
  6
Continuous
100
AcDbCircle
 10
194.3503763089
 20
231.2465980356
 30
0.0
 40
1.28
100
AcDbArc
 50
0.0
 51
90.00000000120001
  0
ARC
  5
44E
330
22A
100
AcDbEntity
  8
0
  6
Continuous
100
AcDbCircle
 10
194.3503763089
 20
230.6465980356
 30
0.0
 40
1.28
100
AcDbArc
 50
269.9999999989
 51
360.0
  0
ARC
  5
44F
330
22A
100
AcDbEntity
  8
0
  6
Continuous
100
AcDbCircle
 10
194.3503763089
 20
230.6465980356
 30
0.0
 40
1.130000097199999
100
AcDbArc
 50
269.9999885397
 51
359.9999329672
  0
ARC
  5
450
330
22A
100
AcDbEntity
  8
0
  6
Continuous
100
AcDbCircle
 10
194.3503763089
 20
231.2465980356
 30
0.0
 40
1.130000097199999
100
AcDbArc
 50
0.0000277859
 51
89.99990884250001
  0
ARC
  5
451
330
22A
100
AcDbEntity
  8
0
  6
Continuous
100
AcDbCircle
 10
194.2053763088999
 20
230.7965980356
 30
0.0
 40
1.1000001045
100
AcDbArc
 50
270.0
 51
360.0
  0
ARC
  5
452
330
22A
100
AcDbEntity
  8
0
  6
Continuous
100
AcDbCircle
 10
194.2053763088999
 20
231.0865980356
 30
0.0
 40
1.1000001045
100
AcDbArc
 50
0.0
 51
90.0000000178
  0
ARC
  5
453
330
22A
100
AcDbEntity
  8
0
  6
Continuous
100
AcDbCircle
 10
194.3503763089
 20
231.2465980356
 30
0.0
 40
0.9799999028
100
AcDbArc
 50
0.0
 51
89.99999999969999
  0
ARC
  5
454
330
22A
100
AcDbEntity
  8
0
  6
Continuous
100
AcDbCircle
 10
194.3503763089
 20
230.6465980356
 30
0.0
 40
0.9799999028
100
AcDbArc
 50
270.0000000005
 51
360.0
  0
ARC
  5
455
330
22A
100
AcDbEntity
  8
0
  6
Continuous
100
AcDbCircle
 10
194.2053763088999
 20
230.7965980356
 30
0.0
 40
0.8999998954999998
100
AcDbArc
 50
269.9998905507
 51
0.0000782551
  0
ARC
  5
456
330
22A
100
AcDbEntity
  8
0
  6
Continuous
100
AcDbCircle
 10
194.2053763088999
 20
231.0865980356
 30
0.0
 40
0.8999998954999998
100
AcDbArc
 50
359.9999216519
 51
90.0000783882
  0
ARC
  5
457
330
22A
100
AcDbEntity
  8
0
  6
Continuous
100
AcDbCircle
 10
192.8415477668
 20
232.1265980356
 30
0.0
 40
0.4
100
AcDbArc
 50
203.9624889887
 51
269.9999999966
  0
ARC
  5
458
330
22A
100
AcDbEntity
  8
0
  6
Continuous
100
AcDbCircle
 10
193.027204851
 20
232.1265980356
 30
0.0
 40
0.4
100
AcDbArc
 50
270.000000005
 51
336.0375110296
  0
ARC
  5
459
330
22A
100
AcDbEntity
  8
0
  6
Continuous
100
AcDbCircle
 10
194.1053763089
 20
231.1415980356
 30
0.0
 40
0.4
100
AcDbArc
 50
0.0000000006
 51
90.0
  0
ARC
  5
45A
330
22A
100
AcDbEntity
  8
0
  6
Continuous
100
AcDbCircle
 10
194.1053763089
 20
230.7415980356
 30
0.0
 40
0.4
100
AcDbArc
 50
270.0
 51
359.9999999991001
  0
ARC
  5
45B
330
22A
100
AcDbEntity
  8
0
  6
Continuous
100
AcDbCircle
 10
193.0292048509999
 20
229.7665980356
 30
0.0
 40
0.4
100
AcDbArc
 50
23.9624889771
 51
89.99999999639999
  0
ARC
  5
45C
330
22A
100
AcDbEntity
  8
0
  6
Continuous
100
AcDbCircle
 10
192.8435477668
 20
229.7665980356
 30
0.0
 40
0.4
100
AcDbArc
 50
90.00000000209999
 51
156.0375110206
  0
ARC
  5
45D
330
22A
100
AcDbEntity
  8
0
  6
Continuous
100
AcDbCircle
 10
192.2699657031
 20
229.8165980356
 30
0.0
 40
0.15
100
AcDbArc
 50
269.976698132
 51
306.1899210518
  0
ARC
  5
45E
330
22A
100
AcDbEntity
  8
0
  6
Continuous
100
AcDbCircle
 10
193.027204851
 20
232.1265980356
 30
0.0
 40
0.1
100
AcDbArc
 50
270.0000000112
 51
336.0375110121
  0
ARC
  5
45F
330
22A
100
AcDbEntity
  8
0
  6
Continuous
100
AcDbCircle
 10
192.8415477668
 20
232.1265980356
 30
0.0
 40
0.1
100
AcDbArc
 50
203.9624889891
 51
269.9999999943
  0
ARC
  5
460
330
22A
100
AcDbEntity
  8
0
  6
Continuous
100
AcDbCircle
 10
192.8435477668
 20
229.7665980356
 30
0.0
 40
0.1
100
AcDbArc
 50
90.00000000780001
 51
156.0375109803
  0
ARC
  5
461
330
22A
100
AcDbEntity
  8
0
  6
Continuous
100
AcDbCircle
 10
193.0292048509999
 20
229.7665980356
 30
0.0
 40
0.1
100
AcDbArc
 50
23.9624889688
 51
89.9999999825
  0
ARC
  5
462
330
22A
100
AcDbEntity
  8
0
  6
Continuous
100
AcDbCircle
 10
193.5418699634
 20
232.1765980356
 30
0.0
 40
0.05
100
AcDbArc
 50
89.9999999697
 51
156.0375109546
  0
ARC
  5
463
330
22A
100
AcDbEntity
  8
0
  6
Continuous
100
AcDbCircle
 10
192.3268826544
 20
232.1765980356
 30
0.0
 40
0.05
100
AcDbArc
 50
23.9624889423
 51
90.00000000620001
  0
ARC
  5
464
330
22A
100
AcDbEntity
  8
0
  6
Continuous
100
AcDbCircle
 10
193.5438699634
 20
229.7165980356
 30
0.0
 40
0.05
100
AcDbArc
 50
203.9624890017
 51
270.0000000336999
  0
ARC
  5
465
330
22A
100
AcDbEntity
  8
0
  6
Continuous
100
AcDbCircle
 10
192.3288826544
 20
229.7165980356
 30
0.0
 40
0.05
100
AcDbArc
 50
269.9999999904
 51
336.0375109933
  0
ARC
  5
466
330
22A
100
AcDbEntity
  8
0
  6
Continuous
100
AcDbCircle
 10
215.4503763089
 20
235.8265980356
 30
0.0
 40
0.8
100
AcDbArc
 50
0.0
 51
90.0
  0
ARC
  5
467
330
22A
100
AcDbEntity
  8
0
  6
Continuous
100
AcDbCircle
 10
300.7707090088
 20
262.6770664919
 30
0.0
 40
2.5
100
AcDbArc
 50
236.6347514489
 51
270.0
  0
CIRCLE
  5
468
330
22A
100
AcDbEntity
  8
0
  6
Continuous
100
AcDbCircle
 10
286.7707090088
 20
283.3770664919
 30
0.0
 40
1.95
  0
CIRCLE
  5
469
330
22A
100
AcDbEntity
  8
0
  6
Continuous
100
AcDbCircle
 10
286.7707090088
 20
283.3770664919
 30
0.0
 40
1.8
  0
ARC
  5
46A
330
22A
100
AcDbEntity
  8
0
  6
Continuous
100
AcDbCircle
 10
286.1707090088
 20
283.9770664918999
 30
0.0
 40
0.3314446676
100
AcDbArc
 50
270.0
 51
360.0
  0
ARC
  5
46B
330
22A
100
AcDbEntity
  8
0
  6
Continuous
100
AcDbCircle
 10
286.1707090088
 20
282.7770664919
 30
0.0
 40
0.3314446676
100
AcDbArc
 50
0.0
 51
90.0
  0
ARC
  5
46C
330
22A
100
AcDbEntity
  8
0
  6
Continuous
100
AcDbCircle
 10
287.3707090088
 20
282.7770664919
 30
0.0
 40
0.3314446676
100
AcDbArc
 50
90.0
 51
180.0
  0
ARC
  5
46D
330
22A
100
AcDbEntity
  8
0
  6
Continuous
100
AcDbCircle
 10
287.3707090088
 20
283.9770664918999
 30
0.0
 40
0.3314446676
100
AcDbArc
 50
180.0
 51
270.0
  0
ARC
  5
46E
330
22A
100
AcDbEntity
  8
0
  6
Continuous
100
AcDbCircle
 10
287.3707090088
 20
283.9770664918999
 30
0.0
 40
0.3
100
AcDbArc
 50
180.0
 51
270.0
  0
ARC
  5
46F
330
22A
100
AcDbEntity
  8
0
  6
Continuous
100
AcDbCircle
 10
286.1707090088
 20
283.9770664918999
 30
0.0
 40
0.3
100
AcDbArc
 50
270.0
 51
360.0
  0
ARC
  5
470
330
22A
100
AcDbEntity
  8
0
  6
Continuous
100
AcDbCircle
 10
286.1707090088
 20
282.7770664919
 30
0.0
 40
0.3
100
AcDbArc
 50
0.0
 51
90.0
  0
ARC
  5
471
330
22A
100
AcDbEntity
  8
0
  6
Continuous
100
AcDbCircle
 10
287.3707090088
 20
282.7770664919
 30
0.0
 40
0.3
100
AcDbArc
 50
90.0
 51
180.0
  0
ARC
  5
472
330
22A
100
AcDbEntity
  8
0
  6
Continuous
100
AcDbCircle
 10
312.7707090088
 20
262.6770664919
 30
0.0
 40
2.5
100
AcDbArc
 50
270.0
 51
303.3652485512
  0
CIRCLE
  5
473
330
22A
100
AcDbEntity
  8
0
  6
Continuous
100
AcDbCircle
 10
316.7707090088
 20
266.0565584162
 30
0.0
 40
1.95
  0
CIRCLE
  5
474
330
22A
100
AcDbEntity
  8
0
  6
Continuous
100
AcDbCircle
 10
316.7707090088
 20
266.0565584162
 30
0.0
 40
1.8
  0
ARC
  5
475
330
22A
100
AcDbEntity
  8
0
  6
Continuous
100
AcDbCircle
 10
316.1707090088
 20
266.6565584162
 30
0.0
 40
0.3314446676
100
AcDbArc
 50
270.0
 51
360.0
  0
ARC
  5
476
330
22A
100
AcDbEntity
  8
0
  6
Continuous
100
AcDbCircle
 10
316.1707090088
 20
265.4565584162
 30
0.0
 40
0.3314446676
100
AcDbArc
 50
0.0
 51
90.0
  0
ARC
  5
477
330
22A
100
AcDbEntity
  8
0
  6
Continuous
100
AcDbCircle
 10
317.3707090088
 20
265.4565584162
 30
0.0
 40
0.3314446676
100
AcDbArc
 50
90.0
 51
180.0
  0
ARC
  5
478
330
22A
100
AcDbEntity
  8
0
  6
Continuous
100
AcDbCircle
 10
317.3707090088
 20
266.6565584162
 30
0.0
 40
0.3314446676
100
AcDbArc
 50
180.0
 51
270.0
  0
ARC
  5
479
330
22A
100
AcDbEntity
  8
0
  6
Continuous
100
AcDbCircle
 10
317.3707090088
 20
266.6565584162
 30
0.0
 40
0.3
100
AcDbArc
 50
180.0
 51
270.0
  0
ARC
  5
47A
330
22A
100
AcDbEntity
  8
0
  6
Continuous
100
AcDbCircle
 10
316.1707090088
 20
266.6565584162
 30
0.0
 40
0.3
100
AcDbArc
 50
270.0
 51
360.0
  0
ARC
  5
47B
330
22A
100
AcDbEntity
  8
0
  6
Continuous
100
AcDbCircle
 10
316.1707090088
 20
265.4565584162
 30
0.0
 40
0.3
100
AcDbArc
 50
0.0
 51
90.0
  0
ARC
  5
47C
330
22A
100
AcDbEntity
  8
0
  6
Continuous
100
AcDbCircle
 10
317.3707090088
 20
265.4565584162
 30
0.0
 40
0.3
100
AcDbArc
 50
90.0
 51
180.0
  0
ARC
  5
47D
330
22A
100
AcDbEntity
  8
0
  6
Continuous
100
AcDbCircle
 10
310.0596331816
 20
284.5741369935
 30
0.0
 40
29.2
100
AcDbArc
 50
194.4593831161
 51
205.5406168839
  0
ARC
  5
47E
330
22A
100
AcDbEntity
  8
0
  6
Continuous
100
AcDbCircle
 10
310.0596331816
 20
282.1799959902
 30
0.0
 40
29.2
100
AcDbArc
 50
154.4593831161
 51
165.5406168839
  0
ARC
  5
47F
330
22A
100
AcDbEntity
  8
0
  6
Continuous
100
AcDbCircle
 10
310.0596331816
 20
284.5741369935
 30
0.0
 40
29.0
100
AcDbArc
 50
197.5295889625
 51
202.4704110375
  0
ARC
  5
480
330
22A
100
AcDbEntity
  8
0
  6
Continuous
100
AcDbCircle
 10
310.0596331816
 20
282.1799959902
 30
0.0
 40
29.0
100
AcDbArc
 50
157.5295889625
 51
162.4704110375
  0
CIRCLE
  5
481
330
22A
100
AcDbEntity
  8
0
  6
Continuous
100
AcDbCircle
 10
306.7707090088
 20
283.3770664919
 30
0.0
 40
25.1
  0
CIRCLE
  5
482
330
22A
100
AcDbEntity
  8
0
  6
Continuous
100
AcDbCircle
 10
306.7707090088
 20
283.3770664919
 30
0.0
 40
24.3
  0
CIRCLE
  5
483
330
22A
100
AcDbEntity
  8
0
  6
Continuous
100
AcDbCircle
 10
306.7707090088
 20
283.3770664919
 30
0.0
 40
24.1
  0
CIRCLE
  5
484
330
22A
100
AcDbEntity
  8
0
  6
Continuous
100
AcDbCircle
 10
306.7707090088
 20
283.3770664919
 30
0.0
 40
23.95
  0
CIRCLE
  5
485
330
22A
100
AcDbEntity
  8
0
  6
Continuous
100
AcDbCircle
 10
306.7707090088
 20
283.3770664919
 30
0.0
 40
23.15
  0
CIRCLE
  5
486
330
22A
100
AcDbEntity
  8
0
  6
Continuous
100
AcDbCircle
 10
316.7707090088
 20
300.6975745675
 30
0.0
 40
1.95
  0
CIRCLE
  5
487
330
22A
100
AcDbEntity
  8
0
  6
Continuous
100
AcDbCircle
 10
316.7707090088
 20
300.6975745675
 30
0.0
 40
1.8
  0
ARC
  5
488
330
22A
100
AcDbEntity
  8
0
  6
Continuous
100
AcDbCircle
 10
316.1707090088
 20
301.2975745675
 30
0.0
 40
0.3314446676
100
AcDbArc
 50
270.0
 51
360.0
  0
ARC
  5
489
330
22A
100
AcDbEntity
  8
0
  6
Continuous
100
AcDbCircle
 10
316.1707090088
 20
300.0975745675
 30
0.0
 40
0.3314446676
100
AcDbArc
 50
0.0
 51
90.0
  0
ARC
  5
48A
330
22A
100
AcDbEntity
  8
0
  6
Continuous
100
AcDbCircle
 10
317.3707090088
 20
300.0975745675
 30
0.0
 40
0.3314446676
100
AcDbArc
 50
90.0
 51
180.0
  0
ARC
  5
48B
330
22A
100
AcDbEntity
  8
0
  6
Continuous
100
AcDbCircle
 10
317.3707090088
 20
301.2975745675
 30
0.0
 40
0.3314446676
100
AcDbArc
 50
180.0
 51
270.0
  0
ARC
  5
48C
330
22A
100
AcDbEntity
  8
0
  6
Continuous
100
AcDbCircle
 10
317.3707090088
 20
301.2975745675
 30
0.0
 40
0.3
100
AcDbArc
 50
180.0
 51
270.0
  0
ARC
  5
48D
330
22A
100
AcDbEntity
  8
0
  6
Continuous
100
AcDbCircle
 10
316.1707090088
 20
301.2975745675
 30
0.0
 40
0.3
100
AcDbArc
 50
270.0
 51
360.0
  0
ARC
  5
48E
330
22A
100
AcDbEntity
  8
0
  6
Continuous
100
AcDbCircle
 10
316.1707090088
 20
300.0975745675
 30
0.0
 40
0.3
100
AcDbArc
 50
0.0
 51
90.0
  0
ARC
  5
48F
330
22A
100
AcDbEntity
  8
0
  6
Continuous
100
AcDbCircle
 10
317.3707090088
 20
300.0975745675
 30
0.0
 40
0.3
100
AcDbArc
 50
90.0
 51
180.0
  0
SPLINE
  5
490
330
22A
100
AcDbEntity
  8
0
  6
Continuous
100
AcDbSpline
210
0.0
220
0.0
230
1.0
 70
     8
 71
     3
 72
    22
 73
    18
 74
     0
 42
0.000000001
 43
0.0000001
 40
0.0
 40
0.0
 40
0.0
 40
0.0
 40
0.0012139729
 40
0.0048419973
 40
0.0108740495
 40
0.0193001005
 40
0.0301040337
 40
0.0432521578
 40
0.0764336248
 40
0.1185324721
 40
0.1691134106
 40
0.2276808606
 40
0.2936548784
 40
0.4451914336
 40
0.6178963277000002
 40
0.8051894006999999
 40
1.0
 40
1.0
 40
1.0
 40
1.0
 10
216.0112804012
 20
277.5209685887
 30
0.0
 10
216.0111962273
 20
277.5202640231
 30
0.0
 10
216.010217378
 20
277.5175780976
 30
0.0
 10
216.0087955048
 20
277.5113964455
 30
0.0
 10
216.005905755
 20
277.5012164187
 30
0.0
 10
216.0021094181
 20
277.4869513511
 30
0.0
 10
215.9971397993
 20
277.4686884841
 30
0.0
 10
215.9884016604
 20
277.4364578426
 30
0.0
 10
215.9747950385
 20
277.3865933321
 30
0.0
 10
215.9553188165
 20
277.3156516338
 30
0.0
 10
215.9317199295
 20
277.2304543091999
 30
0.0
 10
215.904141447
 20
277.1318790465
 30
0.0
 10
215.8602051468
 20
276.9766056786
 30
0.0
 10
215.7969694979
 20
276.7574609526
 30
0.0
 10
215.7118629189
 20
276.4708300771
 30
0.0
 10
215.6169026665
 20
276.1607511536
 30
0.0
 10
215.5495676934
 20
275.9477969401
 30
0.0
 10
215.5147365538
 20
275.8393868014
 30
0.0
  0
SPLINE
  5
491
330
22A
100
AcDbEntity
  8
0
  6
Continuous
100
AcDbSpline
210
0.0
220
0.0
230
1.0
 70
     8
 71
     3
 72
    29
 73
    25
 74
     0
 42
0.000000001
 43
0.0000001
 40
0.0
 40
0.0
 40
0.0
 40
0.0
 40
0.1948633548
 40
0.3822891654
 40
0.4709131623
 40
0.5550385702
 40
0.6338495895000002
 40
0.7065725804000002
 40
0.7725209618000001
 40
0.8310425426000001
 40
0.8815845237000001
 40
0.9036989386
 40
0.9236328117999999
 40
0.9413428666999999
 40
0.9567862984999999
 40
0.9699202938999999
 40
0.9807067888999998
 40
0.9891249126999998
 40
0.9924405268999999
 40
0.9951576776999999
 40
0.9972742415
 40
0.9987880943
 40
0.9996971138000001
 40
1.0
 40
1.0
 40
1.0
 40
1.0
 10
214.6596862437
 20
273.4901552318
 30
0.0
 10
214.6166720419
 20
273.3846906211
 30
0.0
 10
214.5313262397
 20
273.1781765541
 30
0.0
 10
214.4238937739
 20
272.9247517077
 30
0.0
 10
214.340457002
 20
272.7314660092
 30
0.0
 10
214.281625681
 20
272.5967089931
 30
0.0
 10
214.226028942
 20
272.4706824275
 30
0.0
 10
214.1742986659
 20
272.3545636777
 30
0.0
 10
214.1270490549
 20
272.2494325112
 30
0.0
 10
214.0848390467
 20
272.1562511047
 30
0.0
 10
214.0530183136
 20
272.0864912813
 30
0.0
 10
214.0304740801
 20
272.0372906316
 30
0.0
 10
214.0158928991
 20
272.0055505166
 30
0.0
 10
214.0029132315
 20
271.9773654519
 30
0.0
 10
213.9915770185
 20
271.9528001206
 30
0.0
 10
213.9819189242
 20
271.9319150962
 30
0.0
 10
213.9739850192
 20
271.9147633674
 30
0.0
 10
213.9684345915
 20
271.9028165879
 30
0.0
 10
213.9649035966
 20
271.8951601086
 30
0.0
 10
213.9628489185
 20
271.8908270837
 30
0.0
 10
213.9614139081
 20
271.8874939954
 30
0.0
 10
213.9600069776
 20
271.885015088
 30
0.0
 10
213.9598431838
 20
271.8836975023
 30
0.0
 10
213.9590195409
 20
271.882923202
 30
0.0
 10
213.9591609097
 20
271.8828166291999
 30
0.0
  0
SPLINE
  5
492
330
22A
100
AcDbEntity
  8
0
  6
Continuous
100
AcDbSpline
210
0.0
220
0.0
230
1.0
 70
     8
 71
     3
 72
    22
 73
    18
 74
     0
 42
0.000000001
 43
0.0000001
 40
0.0
 40
0.0
 40
0.0
 40
0.0
 40
0.0012139729
 40
0.0048419973
 40
0.0108740495
 40
0.0193001005
 40
0.0301040337
 40
0.0432521578
 40
0.0764336248
 40
0.1185324721
 40
0.1691134106
 40
0.2276808606
 40
0.2936548784
 40
0.4451914336
 40
0.6178963277000002
 40
0.8051894006999999
 40
1.0
 40
1.0
 40
1.0
 40
1.0
 10
213.959160913
 20
294.8713163509
 30
0.0
 10
213.9595493181
 20
294.8707225164
 30
0.0
 10
213.9605259557
 20
294.8680357859
 30
0.0
 10
213.9634102269
 20
294.8623864032
 30
0.0
 10
213.9677401453
 20
294.8527305548
 30
0.0
 10
213.9740013912
 20
294.8393626408
 30
0.0
 10
213.981933587
 20
294.8221780636
 30
0.0
 10
213.9959572412
 20
294.7918711924
 30
0.0
 10
214.0175862537
 20
294.7449265932
 30
0.0
 10
214.0482670466
 20
294.6780630253
 30
0.0
 10
214.084953035
 20
294.597629016
 30
0.0
 10
214.1271896492
 20
294.504388877
 30
0.0
 10
214.1933402877
 20
294.3572008669
 30
0.0
 10
214.2857624848
 20
294.1486791757
 30
0.0
 10
214.4048098382
 20
293.8744017318
 30
0.0
 10
214.5313809546
 20
293.5758282219
 30
0.0
 10
214.6166837025
 20
293.3694137436
 30
0.0
 10
214.6596861954
 20
293.2639777343
 30
0.0
  0
SPLINE
  5
493
330
22A
100
AcDbEntity
  8
0
  6
Continuous
100
AcDbSpline
210
0.0
220
0.0
230
1.0
 70
     8
 71
     3
 72
    29
 73
    25
 74
     0
 42
0.000000001
 43
0.0000001
 40
0.0
 40
0.0
 40
0.0
 40
0.0
 40
0.1948633548
 40
0.3822891654
 40
0.4709131623
 40
0.5550385702
 40
0.6338495895000002
 40
0.7065725804000002
 40
0.7725209618000001
 40
0.8310425426000001
 40
0.8815845237000001
 40
0.9036989386
 40
0.9236328117999999
 40
0.9413428666999999
 40
0.9567862984999999
 40
0.9699202938999999
 40
0.9807067888999998
 40
0.9891249126999998
 40
0.9924405268999999
 40
0.9951576776999999
 40
0.9972742415
 40
0.9987880943
 40
0.9996971138000001
 40
1.0
 40
1.0
 40
1.0
 40
1.0
 10
215.5147366021
 20
290.9147461999
 30
0.0
 10
215.5495771568
 20
290.8063066249
 30
0.0
 10
215.6169431628
 20
290.5932484473
 30
0.0
 10
215.6975434706
 20
290.3300574941
 30
0.0
 10
215.7578688472
 20
290.1283599356
 30
0.0
 10
215.7994215809
 20
289.9873140281
 30
0.0
 10
215.837840323
 20
289.8550351828
 30
0.0
 10
215.872852326
 20
289.7328314793
 30
0.0
 10
215.9042340352
 20
289.6219248689
 30
0.0
 10
215.9317951465
 20
289.5234117
 30
0.0
 10
215.9522598009
 20
289.4495186019
 30
0.0
 10
215.9666154841
 20
289.3973375636999
 30
0.0
 10
215.9758478041
 20
289.3636506224
 30
0.0
 10
215.9840218122
 20
289.3337164407
 30
0.0
 10
215.9911280598
 20
289.307611528
 30
0.0
 10
215.9971541653
 20
289.2854045677
 30
0.0
 10
216.0021013602
 20
289.2671657653
 30
0.0
 10
216.0055287277
 20
289.2544462552
 30
0.0
 10
216.0077453188
 20
289.2463113719
 30
0.0
 10
216.0089565587
 20
289.2416713606
 30
0.0
 10
216.0099997449
 20
289.23819566
 30
0.0
 10
216.0105153845
 20
289.2353923493
 30
0.0
 10
216.011236839
 20
289.2342777354
 30
0.0
 10
216.0111036026
 20
289.2331551596
 30
0.0
 10
216.011280401
 20
289.2331643901
 30
0.0
  0
SPLINE
  5
494
330
22A
100
AcDbEntity
  8
0
  6
Continuous
100
AcDbSpline
210
0.0
220
0.0
230
1.0
 70
     8
 71
     3
 72
    23
 73
    19
 74
     0
 42
0.000000001
 43
0.0000001
 40
0.0
 40
0.0
 40
0.0
 40
0.0
 40
0.0609146597
 40
0.1222212783
 40
0.184027096
 40
0.2463977198
 40
0.3092992291
 40
0.3726480863
 40
0.4363164538000002
 40
0.500150742
 40
0.5639849154
 40
0.6276539498
 40
0.6909939828000002
 40
0.7538654754000002
 40
0.8161806128
 40
0.8779197449999999
 40
0.9391414957999998
 40
1.0
 40
1.0
 40
1.0
 40
1.0
 10
251.5348283478
 20
275.8393867838
 30
0.0
 10
251.5348250038
 20
275.948601292
 30
0.0
 10
251.5120319164
 20
276.168379126
 30
0.0
 10
251.4114547108
 20
276.4848876711
 30
0.0
 10
251.2483662133
 20
276.777270934
 30
0.0
 10
251.0292302298
 20
277.0340396691
 30
0.0
 10
250.7623539135
 20
277.2451903504
 30
0.0
 10
250.4579360036
 20
277.4023756499
 30
0.0
 10
250.1275865006
 20
277.4992651667
 30
0.0
 10
249.784004509
 20
277.5319103205
 30
0.0
 10
249.4404499045
 20
277.4989603522
 30
0.0
 10
249.1102031457
 20
277.401773562
 30
0.0
 10
248.8059878885
 20
277.2443451867
 30
0.0
 10
248.5394342272
 20
277.0330665202
 30
0.0
 10
248.3206535793
 20
276.77635717
 30
0.0
 10
248.1579503579
 20
276.4841937098
 30
0.0
 10
248.0575544314
 20
276.1680283242
 30
0.0
 10
248.0348293791
 20
275.9485006279
 30
0.0
 10
248.0348283478
 20
275.8393868014
 30
0.0
  0
SPLINE
  5
495
330
22A
100
AcDbEntity
  8
0
  6
Continuous
100
AcDbSpline
210
0.0
220
0.0
230
1.0
 70
     8
 71
     3
 72
    23
 73
    19
 74
     0
 42
0.000000001
 43
0.0000001
 40
0.0
 40
0.0
 40
0.0
 40
0.0
 40
0.0609598046
 40
0.1223156738
 40
0.1841598026
 40
0.2465476788
 40
0.3094410349999999
 40
0.3727576722999999
 40
0.4363755442000001
 40
0.5001496180000001
 40
0.563923659
 40
0.6275423672000002
 40
0.6908501624
 40
0.7537133681999999
 40
0.8160458170999998
 40
0.8778237288999999
 40
0.9390954663999997
 40
1.0
 40
1.0
 40
1.0
 40
1.0
 10
251.3348283478
 20
275.7791471449
 30
0.0
 10
251.3348213137
 20
275.8764029531
 30
0.0
 10
251.3147754867
 20
276.0721070466999
 30
0.0
 10
251.2262750282
 20
276.3542436878
 30
0.0
 10
251.0825702421
 20
276.6153603614
 30
0.0
 10
250.8891005773
 20
276.8452220074
 30
0.0
 10
250.6529538685
 20
277.0347384667
 30
0.0
 10
250.3830097954
 20
277.1761637868999
 30
0.0
 10
250.0895745691
 20
277.2635051333001
 30
0.0
 10
249.7841003372
 20
277.2929646224
 30
0.0
 10
249.4786507584
 20
277.2632321599
 30
0.0
 10
249.1853081145
 20
277.1756251502
 30
0.0
 10
248.9155459242
 20
277.0339842392
 30
0.0
 10
248.679686656
 20
276.8443569094
 30
0.0
 10
248.4865302631
 20
276.6145516718
 30
0.0
 10
248.3431639514
 20
276.3536318132
 30
0.0
 10
248.2548196473
 20
276.0717991221
 30
0.0
 10
248.2348305504
 20
275.8763147735
 30
0.0
 10
248.2348283478
 20
275.7791471449
 30
0.0
  0
SPLINE
  5
496
330
22A
100
AcDbEntity
  8
0
  6
Continuous
100
AcDbSpline
210
0.0
220
0.0
230
1.0
 70
     8
 71
     3
 72
    13
 73
     9
 74
     0
 42
0.000000001
 43
0.0000001
 40
0.0
 40
0.0
 40
0.0
 40
0.0
 40
0.3513114184
 40
0.511846896
 40
0.6548245587000002
 40
0.7761445302
 40
0.8734203215
 40
1.0
 40
1.0
 40
1.0
 40
1.0
 10
248.2348283478
 20
275.7791471449
 30
0.0
 10
248.2092703725
 20
275.7791471449
 30
0.0
 10
248.1719710086
 20
275.7811908447
 30
0.0
 10
248.1248578838
 20
275.78863947
 30
0.0
 10
248.0948219548
 20
275.7957987054
 30
0.0
 10
248.0698019399
 20
275.8048241166
 30
0.0
 10
248.048031235
 20
275.8159573023
 30
0.0
 10
248.0348283478
 20
275.8301781047
 30
0.0
 10
248.0348283478
 20
275.8393868014
 30
0.0
  0
SPLINE
  5
497
330
22A
100
AcDbEntity
  8
0
  6
Continuous
100
AcDbSpline
210
0.0
220
0.0
230
1.0
 70
     8
 71
     3
 72
    13
 73
     9
 74
     0
 42
0.000000001
 43
0.0000001
 40
0.0
 40
0.0
 40
0.0
 40
0.0
 40
0.3513113924
 40
0.5118468622
 40
0.6548245296000001
 40
0.7761445109000002
 40
0.8734203116999999
 40
1.0
 40
1.0
 40
1.0
 40
1.0
 10
251.3348283478
 20
275.7791471449
 30
0.0
 10
251.3603863212
 20
275.7791471449
 30
0.0
 10
251.3976856827
 20
275.7811908441
 30
0.0
 10
251.4447988054
 20
275.788639469
 30
0.0
 10
251.474834735
 20
275.7957987036
 30
0.0
 10
251.4998547518
 20
275.8048241146
 30
0.0
 10
251.5216254586
 20
275.815957301
 30
0.0
 10
251.5348283478
 20
275.830178104
 30
0.0
 10
251.5348283478
 20
275.8393868014
 30
0.0
  0
SPLINE
  5
498
330
22A
100
AcDbEntity
  8
0
  6
Continuous
100
AcDbSpline
210
0.0
220
0.0
230
1.0
 70
     8
 71
     3
 72
    14
 73
    10
 74
     0
 42
0.000000001
 43
0.0000001
 40
0.0
 40
0.0
 40
0.0
 40
0.0
 40
0.3371340286
 40
0.4922084839
 40
0.6316581402
 40
0.7521031261
 40
0.8519788321
 40
0.9324730840999999
 40
1.0
 40
1.0
 40
1.0
 40
1.0
 10
251.3348283478
 20
273.413713996
 30
0.0
 10
251.3604119886
 20
273.413713996
 30
0.0
 10
251.3978767626
 20
273.4163498088
 30
0.0
 10
251.4449276302
 20
273.4257693473
 30
0.0
 10
251.4751050081
 20
273.4349979918
 30
0.0
 10
251.5000786714
 20
273.4462621369
 30
0.0
 10
251.5190854385
 20
273.4591969164
 30
0.0
 10
251.5315484049
 20
273.4737318391
 30
0.0
 10
251.5348264056
 20
273.4850201368
 30
0.0
 10
251.5348283458
 20
273.4901444615
 30
0.0
  0
SPLINE
  5
499
330
22A
100
AcDbEntity
  8
0
  6
Continuous
100
AcDbSpline
210
0.0
220
0.0
230
1.0
 70
     8
 71
     3
 72
    21
 73
    17
 74
     0
 42
0.000000001
 43
0.0000001
 40
0.0
 40
0.0
 40
0.0
 40
0.0
 40
0.060303669
 40
0.1207643349
 40
0.1817654649
 40
0.2436518512
 40
0.3065946079
 40
0.3705822976
 40
0.5001533737
 40
0.6297223418
 40
0.6936982384999999
 40
0.7566080535
 40
0.8184376396999999
 40
0.8793728247
 40
0.9397507328999999
 40
1.0
 40
1.0
 40
1.0
 40
1.0
 10
248.2348283478
 20
273.413713996
 30
0.0
 10
248.2348353579
 20
273.3197875043
 30
0.0
 10
248.254735079
 20
273.1310871065
 30
0.0
 10
248.3434074638
 20
272.8601198949
 30
0.0
 10
248.4875559037
 20
272.6112119914
 30
0.0
 10
248.6815062217
 20
272.393779235
 30
0.0
 10
248.9180171488
 20
272.2157989729
 30
0.0
 10
249.278676388
 20
272.0392838636
 30
0.0
 10
249.7855637521
 20
271.9477263534
 30
0.0
 10
250.2923578903
 20
272.0397060409
 30
0.0
 10
250.6527977371
 20
272.2165053601
 30
0.0
 10
250.8890230028
 20
272.3945958376
 30
0.0
 10
251.0826595784
 20
272.6119804143
 30
0.0
 10
251.2264677146
 20
272.8607066956
 30
0.0
 10
251.3149828884
 20
273.1313827704
 30
0.0
 10
251.3348261528
 20
273.3198722382
 30
0.0
 10
251.3348283478
 20
273.413713996
 30
0.0
  0
SPLINE
  5
49A
330
22A
100
AcDbEntity
  8
0
  6
Continuous
100
AcDbSpline
210
0.0
220
0.0
230
1.0
 70
     8
 71
     3
 72
    14
 73
    10
 74
     0
 42
0.000000001
 43
0.0000001
 40
0.0
 40
0.0
 40
0.0
 40
0.0
 40
0.3371347583
 40
0.4922094129
 40
0.6316591036000001
 40
0.7521039347000002
 40
0.8519793184
 40
0.9324732090999999
 40
1.0
 40
1.0
 40
1.0
 40
1.0
 10
248.2348283478
 20
273.413713996
 30
0.0
 10
248.2092445851
 20
273.413713996
 30
0.0
 10
248.1717796413
 20
273.4163498314
 30
0.0
 10
248.124728589
 20
273.4257694611
 30
0.0
 10
248.0945511429
 20
273.4349981875
 30
0.0
 10
248.0695774788
 20
273.4462624283001
 30
0.0
 10
248.050570784
 20
273.4591973143
 30
0.0
 10
248.0381079687
 20
273.4737323709
 30
0.0
 10
248.0348301811
 20
273.4850207375
 30
0.0
 10
248.0348283496
 20
273.4901450661
 30
0.0
  0
SPLINE
  5
49B
330
22A
100
AcDbEntity
  8
0
  6
Continuous
100
AcDbSpline
210
0.0
220
0.0
230
1.0
 70
     8
 71
     3
 72
    33
 73
    29
 74
     0
 42
0.000000001
 43
0.0000001
 40
0.0
 40
0.0
 40
0.0
 40
0.0
 40
0.0625
 40
0.09375
 40
0.125
 40
0.140625
 40
0.15625
 40
0.1640625
 40
0.16796875
 40
0.171875
 40
0.1796875
 40
0.1875
 40
0.21875
 40
0.25
 40
0.28125
 40
0.3125
 40
0.375
 40
0.4375
 40
0.5
 40
0.5625
 40
0.625
 40
0.6875
 40
0.75
 40
0.8125
 40
0.84375
 40
0.875
 40
0.9375
 40
1.0
 40
1.0
 40
1.0
 40
1.0
 10
251.5348283478
 20
276.5655119212
 30
0.0
 10
251.5348163536
 20
276.5676644777
 30
0.0
 10
251.5347983421
 20
276.5708936632
 30
0.0
 10
251.5347744076
 20
276.5751978408
 30
0.0
 10
251.5347592801
 20
276.5778908749
 30
0.0
 10
251.5347475621
 20
276.5800386375
 30
0.0
 10
251.5347393627
 20
276.5813961893
 30
0.0
 10
251.534735378
 20
276.5823160131
 30
0.0
 10
251.5347303553
 20
276.5828892879
 30
0.0
 10
251.5347149915
 20
276.5836420781
 30
0.0
 10
251.5346993201
 20
276.5845217068
 30
0.0
 10
251.5346588113
 20
276.5866833171
 30
0.0
 10
251.5345991106
 20
276.5899045178
 30
0.0
 10
251.5345196379
 20
276.5942115942
 30
0.0
 10
251.5344373852
 20
276.5985153605
 30
0.0
 10
251.5343423713
 20
276.6042551794
 30
0.0
 10
251.5341206306
 20
276.6114272501
 30
0.0
 10
251.5338152329
 20
276.6200327643
 30
0.0
 10
251.5335760298
 20
276.6286406109
 30
0.0
 10
251.5331113573
 20
276.6372400987
 30
0.0
 10
251.5327153099
 20
276.6458429992
 30
0.0
 10
251.5322702318
 20
276.6544406078
 30
0.0
 10
251.5316971275
 20
276.6630433872
 30
0.0
 10
251.5312612805
 20
276.6701785709
 30
0.0
 10
251.5308764402
 20
276.6759652503
 30
0.0
 10
251.5303823305
 20
276.682039312
 30
0.0
 10
251.5298024344
 20
276.6895326289
 30
0.0
 10
251.5293270155
 20
276.6955575331
 30
0.0
 10
251.5290907439
 20
276.6985662039
 30
0.0
  0
SPLINE
  5
49C
330
22A
100
AcDbEntity
  8
0
  6
Continuous
100
AcDbSpline
210
0.0
220
0.0
230
1.0
 70
     8
 71
     3
 72
    33
 73
    29
 74
     0
 42
0.000000001
 43
0.0000001
 40
0.0
 40
0.0
 40
0.0
 40
0.0
 40
0.0625
 40
0.09375
 40
0.125
 40
0.140625
 40
0.15625
 40
0.1640625
 40
0.16796875
 40
0.171875
 40
0.1796875
 40
0.1875
 40
0.21875
 40
0.25
 40
0.28125
 40
0.3125
 40
0.375
 40
0.4375
 40
0.5
 40
0.5625
 40
0.625
 40
0.6875
 40
0.75
 40
0.8125
 40
0.84375
 40
0.875
 40
0.9375
 40
1.0
 40
1.0
 40
1.0
 40
1.0
 10
248.0405651747
 20
276.6985572075
 30
0.0
 10
248.0403918001
 20
276.6964107956
 30
0.0
 10
248.0401317283
 20
276.6931908266
 30
0.0
 10
248.039785006
 20
276.6888989393
 30
0.0
 10
248.0395682208
 20
276.6862135834
 30
0.0
 10
248.0393949837
 20
276.6840719707
 30
0.0
 10
248.0392862746
 20
276.6827182458
 30
0.0
 10
248.0392110519
 20
276.6818011344
 30
0.0
 10
248.0391667006
 20
276.681229357
 30
0.0
 10
248.0391172009
 20
276.6804778666
 30
0.0
 10
248.0390570871
 20
276.6795999301
 30
0.0
 10
248.0389113541999
 20
276.6774423262
 30
0.0
 10
248.0386935224
 20
276.6742271464
 30
0.0
 10
248.0384019066
 20
276.6699281475
 30
0.0
 10
248.0381133468
 20
276.6656322363
 30
0.0
 10
248.037713866
 20
276.6599040101
 30
0.0
 10
248.0373173835
 20
276.6527385928
 30
0.0
 10
248.036880868
 20
276.6441380708
 30
0.0
 10
248.0363781742
 20
276.6355402571
 30
0.0
 10
248.0361009302
 20
276.6269336315001
 30
0.0
 10
248.0357549923
 20
276.6183288282
 30
0.0
 10
248.03545838
 20
276.6097255479
 30
0.0
 10
248.035288929
 20
276.6011074694
 30
0.0
 10
248.0351090267
 20
276.5939623223
 30
0.0
 10
248.0349943877
 20
276.5881657998
 30
0.0
 10
248.034963917
 20
276.5820767881
 30
0.0
 10
248.0348967572
 20
276.5745665476
 30
0.0
 10
248.0348518893
 20
276.5685275669
 30
0.0
 10
248.0348283478
 20
276.5655119251
 30
0.0
  0
SPLINE
  5
49D
330
22A
100
AcDbEntity
  8
0
  6
Continuous
100
AcDbSpline
210
0.0
220
0.0
230
1.0
 70
     8
 71
     3
 72
    13
 73
     9
 74
     0
 42
0.000000001
 43
0.0000001
 40
0.0
 40
0.0
 40
0.0
 40
0.0
 40
0.3513114184
 40
0.511846896
 40
0.6548245587000002
 40
0.7761445302
 40
0.8734203215
 40
1.0
 40
1.0
 40
1.0
 40
1.0
 10
251.3348283478
 20
290.9749858388
 30
0.0
 10
251.3603863231
 20
290.9749858388
 30
0.0
 10
251.3976856871
 20
290.972942139
 30
0.0
 10
251.4447988119
 20
290.9654935137
 30
0.0
 10
251.4748347409
 20
290.9583342783
 30
0.0
 10
251.4998547558
 20
290.9493088672
 30
0.0
 10
251.5216254607
 20
290.9381756814
 30
0.0
 10
251.5348283478
 20
290.923954879
 30
0.0
 10
251.5348283478
 20
290.9147461823
 30
0.0
  0
SPLINE
  5
49E
330
22A
100
AcDbEntity
  8
0
  6
Continuous
100
AcDbSpline
210
0.0
220
0.0
230
1.0
 70
     8
 71
     3
 72
    13
 73
     9
 74
     0
 42
0.000000001
 43
0.0000001
 40
0.0
 40
0.0
 40
0.0
 40
0.0
 40
0.3513113924
 40
0.5118468622
 40
0.6548245296000001
 40
0.7761445109000002
 40
0.8734203116999999
 40
1.0
 40
1.0
 40
1.0
 40
1.0
 10
248.2348283478
 20
290.9749858388
 30
0.0
 10
248.2092703744
 20
290.9749858388
 30
0.0
 10
248.171971013
 20
290.9729421396
 30
0.0
 10
248.1248578903
 20
290.9654935147
 30
0.0
 10
248.0948219607
 20
290.9583342800999
 30
0.0
 10
248.0698019438
 20
290.9493088691
 30
0.0
 10
248.0480312371
 20
290.9381756828
 30
0.0
 10
248.0348283478
 20
290.9239548797
 30
0.0
 10
248.0348283478
 20
290.9147461823
 30
0.0
  0
SPLINE
  5
49F
330
22A
100
AcDbEntity
  8
0
  6
Continuous
100
AcDbSpline
210
0.0
220
0.0
230
1.0
 70
     8
 71
     3
 72
    21
 73
    17
 74
     0
 42
0.000000001
 43
0.0000001
 40
0.0
 40
0.0
 40
0.0
 40
0.0
 40
0.060303669
 40
0.1207643349
 40
0.1817654649
 40
0.2436518512
 40
0.3065946079
 40
0.3705822976
 40
0.5001533737
 40
0.6297223418
 40
0.6936982384999999
 40
0.7566080535
 40
0.8184376396999999
 40
0.8793728247
 40
0.9397507328999999
 40
1.0
 40
1.0
 40
1.0
 40
1.0
 10
251.3348283478
 20
293.3404189877
 30
0.0
 10
251.3348213378
 20
293.4343454794
 30
0.0
 10
251.3149216166
 20
293.6230458773
 30
0.0
 10
251.2262492318
 20
293.8940130888
 30
0.0
 10
251.082100792
 20
294.1429209923
 30
0.0
 10
250.8881504739
 20
294.3603537488
 30
0.0
 10
250.6516395468
 20
294.5383340108
 30
0.0
 10
250.2909803077
 20
294.7148491201
 30
0.0
 10
249.7840929436
 20
294.8064066303
 30
0.0
 10
249.2772988053
 20
294.7144269428
 30
0.0
 10
248.9168589585
 20
294.5376276236
 30
0.0
 10
248.6806336929
 20
294.3595371461
 30
0.0
 10
248.4869971173
 20
294.1421525694
 30
0.0
 10
248.343188981
 20
293.8934262881
 30
0.0
 10
248.2546738072
 20
293.6227502133
 30
0.0
 10
248.2348305429
 20
293.4342607455
 30
0.0
 10
248.2348283478
 20
293.3404189877
 30
0.0
  0
SPLINE
  5
4A0
330
22A
100
AcDbEntity
  8
0
  6
Continuous
100
AcDbSpline
210
0.0
220
0.0
230
1.0
 70
     8
 71
     3
 72
    14
 73
    10
 74
     0
 42
0.000000001
 43
0.0000001
 40
0.0
 40
0.0
 40
0.0
 40
0.0
 40
0.3371340286
 40
0.4922084839
 40
0.6316581402
 40
0.7521031261
 40
0.8519788321
 40
0.9324730840999999
 40
1.0
 40
1.0
 40
1.0
 40
1.0
 10
248.2348283478
 20
293.3404189877
 30
0.0
 10
248.2092447071
 20
293.3404189877
 30
0.0
 10
248.1717799331
 20
293.337783175
 30
0.0
 10
248.1247290654
 20
293.3283636364
 30
0.0
 10
248.0945516875
 20
293.3191349919
 30
0.0
 10
248.0695780243
 20
293.3078708468
 30
0.0
 10
248.0505712571
 20
293.2949360674001
 30
0.0
 10
248.0381082908
 20
293.2804011446
 30
0.0
 10
248.0348302901
 20
293.2691128469
 30
0.0
 10
248.0348283499
 20
293.2639885222
 30
0.0
  0
SPLINE
  5
4A1
330
22A
100
AcDbEntity
  8
0
  6
Continuous
100
AcDbSpline
210
0.0
220
0.0
230
1.0
 70
     8
 71
     3
 72
    23
 73
    19
 74
     0
 42
0.000000001
 43
0.0000001
 40
0.0
 40
0.0
 40
0.0
 40
0.0
 40
0.0609146597
 40
0.1222212783
 40
0.184027096
 40
0.2463977198
 40
0.3092992291
 40
0.3726480863
 40
0.4363164538000002
 40
0.500150742
 40
0.5639849154
 40
0.6276539498
 40
0.6909939828000002
 40
0.7538654754000002
 40
0.8161806128
 40
0.8779197449999999
 40
0.9391414957999998
 40
1.0
 40
1.0
 40
1.0
 40
1.0
 10
248.0348283478
 20
290.9147461999
 30
0.0
 10
248.0348316919
 20
290.8055316917
 30
0.0
 10
248.0576247792
 20
290.5857538577
 30
0.0
 10
248.1582019848
 20
290.2692453126
 30
0.0
 10
248.3212904824
 20
289.9768620497
 30
0.0
 10
248.5404264659
 20
289.7200933146
 30
0.0
 10
248.8073027821
 20
289.5089426333001
 30
0.0
 10
249.1117206921
 20
289.3517573338
 30
0.0
 10
249.4420701951
 20
289.2548678171
 30
0.0
 10
249.7856521867
 20
289.2222226632
 30
0.0
 10
250.1292067911
 20
289.2551726316
 30
0.0
 10
250.4594535499
 20
289.3523594217
 30
0.0
 10
250.7636688071
 20
289.509787797
 30
0.0
 10
251.0302224684
 20
289.7210664635
 30
0.0
 10
251.2490031163
 20
289.9777758137
 30
0.0
 10
251.4117063378
 20
290.2699392739
 30
0.0
 10
251.5121022643
 20
290.5861046596
 30
0.0
 10
251.5348273165
 20
290.8056323558
 30
0.0
 10
251.5348283478
 20
290.9147461823
 30
0.0
  0
SPLINE
  5
4A2
330
22A
100
AcDbEntity
  8
0
  6
Continuous
100
AcDbSpline
210
0.0
220
0.0
230
1.0
 70
     8
 71
     3
 72
    23
 73
    19
 74
     0
 42
0.000000001
 43
0.0000001
 40
0.0
 40
0.0
 40
0.0
 40
0.0
 40
0.0609598046
 40
0.1223156738
 40
0.1841598026
 40
0.2465476788
 40
0.3094410349999999
 40
0.3727576722999999
 40
0.4363755442000001
 40
0.5001496180000001
 40
0.563923659
 40
0.6275423672000002
 40
0.6908501624
 40
0.7537133681999999
 40
0.8160458170999998
 40
0.8778237288999999
 40
0.9390954663999997
 40
1.0
 40
1.0
 40
1.0
 40
1.0
 10
248.2348283478
 20
290.9749858388
 30
0.0
 10
248.2348353819
 20
290.8777300307
 30
0.0
 10
248.2548812089
 20
290.682025937
 30
0.0
 10
248.3433816675
 20
290.3998892959
 30
0.0
 10
248.4870864536
 20
290.1387726223
 30
0.0
 10
248.6805561183
 20
289.9089109763
 30
0.0
 10
248.9167028272
 20
289.719394517
 30
0.0
 10
249.1866469003
 20
289.5779691968
 30
0.0
 10
249.4800821265
 20
289.4906278504
 30
0.0
 10
249.7855563585
 20
289.4611683614
 30
0.0
 10
250.0910059373
 20
289.4909008238
 30
0.0
 10
250.3843485812
 20
289.5785078335
 30
0.0
 10
250.6541107715
 20
289.7201487445
 30
0.0
 10
250.8899700396
 20
289.9097760743
 30
0.0
 10
251.0831264326
 20
290.139581312
 30
0.0
 10
251.2264927443
 20
290.4005011706
 30
0.0
 10
251.3148370483
 20
290.6823338616
 30
0.0
 10
251.3348261453
 20
290.8778182102
 30
0.0
 10
251.3348283478
 20
290.9749858388
 30
0.0
  0
SPLINE
  5
4A3
330
22A
100
AcDbEntity
  8
0
  6
Continuous
100
AcDbSpline
210
0.0
220
0.0
230
1.0
 70
     8
 71
     3
 72
    14
 73
    10
 74
     0
 42
0.000000001
 43
0.0000001
 40
0.0
 40
0.0
 40
0.0
 40
0.0
 40
0.3371347583
 40
0.4922094129
 40
0.6316591036000001
 40
0.7521039347000002
 40
0.8519793184
 40
0.9324732090999999
 40
1.0
 40
1.0
 40
1.0
 40
1.0
 10
251.3348283478
 20
293.3404189877
 30
0.0
 10
251.3604121105
 20
293.3404189877
 30
0.0
 10
251.3978770544
 20
293.3377831523
 30
0.0
 10
251.4449281066
 20
293.3283635226
 30
0.0
 10
251.4751055527
 20
293.3191347962
 30
0.0
 10
251.5000792169
 20
293.3078705554
 30
0.0
 10
251.5190859117
 20
293.2949356694
 30
0.0
 10
251.531548727
 20
293.2804006128
 30
0.0
 10
251.5348265145
 20
293.2691122462
 30
0.0
 10
251.534828346
 20
293.2639879176
 30
0.0
  0
SPLINE
  5
4A4
330
22A
100
AcDbEntity
  8
0
  6
Continuous
100
AcDbSpline
210
0.0
220
0.0
230
1.0
 70
     8
 71
     3
 72
    33
 73
    29
 74
     0
 42
0.000000001
 43
0.0000001
 40
0.0
 40
0.0
 40
0.0
 40
0.0
 40
0.0625
 40
0.09375
 40
0.125
 40
0.140625
 40
0.15625
 40
0.1640625
 40
0.16796875
 40
0.171875
 40
0.1796875
 40
0.1875
 40
0.21875
 40
0.25
 40
0.28125
 40
0.3125
 40
0.375
 40
0.4375
 40
0.5
 40
0.5625
 40
0.625
 40
0.6875
 40
0.75
 40
0.8125
 40
0.84375
 40
0.875
 40
0.9375
 40
1.0
 40
1.0
 40
1.0
 40
1.0
 10
248.0348283478
 20
290.1886210625
 30
0.0
 10
248.034840342
 20
290.186468506
 30
0.0
 10
248.0348583535
 20
290.1832393205
 30
0.0
 10
248.0348822881
 20
290.1789351429
 30
0.0
 10
248.0348974155
 20
290.1762421088
 30
0.0
 10
248.0349091336
 20
290.1740943462
 30
0.0
 10
248.034917333
 20
290.1727367945
 30
0.0
 10
248.0349213177
 20
290.1718169706
 30
0.0
 10
248.0349263403
 20
290.1712436958
 30
0.0
 10
248.0349417042
 20
290.1704909056
 30
0.0
 10
248.0349573755
 20
290.169611277
 30
0.0
 10
248.0349978844
 20
290.1674496666
 30
0.0
 10
248.0350575851
 20
290.1642284659
 30
0.0
 10
248.0351370577
 20
290.1599213896
 30
0.0
 10
248.0352193105
 20
290.1556176232
 30
0.0
 10
248.0353143244
 20
290.1498778043
 30
0.0
 10
248.0355360651
 20
290.1427057337
 30
0.0
 10
248.0358414628
 20
290.1341002192
 30
0.0
 10
248.0360806658
 20
290.1254923736
 30
0.0
 10
248.0365453386
 20
290.116892882
 30
0.0
 10
248.0369413848
 20
290.1082899958
 30
0.0
 10
248.0373864675
 20
290.0996923342
 30
0.0
 10
248.0379595547
 20
290.0910897525
 30
0.0
 10
248.0383954548
 20
290.0839539538
 30
0.0
 10
248.0387801868
 20
290.0781685285
 30
0.0
 10
248.0392736384
 20
290.0721020854
 30
0.0
 10
248.0398529018
 20
290.0646160935
 30
0.0
 10
248.0403277566
 20
290.0585977193
 30
0.0
 10
248.0405637535
 20
290.0555922297
 30
0.0
  0
SPLINE
  5
4A5
330
22A
100
AcDbEntity
  8
0
  6
Continuous
100
AcDbSpline
210
0.0
220
0.0
230
1.0
 70
     8
 71
     3
 72
    33
 73
    29
 74
     0
 42
0.000000001
 43
0.0000001
 40
0.0
 40
0.0
 40
0.0
 40
0.0
 40
0.0625
 40
0.09375
 40
0.125
 40
0.140625
 40
0.15625
 40
0.1640625
 40
0.16796875
 40
0.171875
 40
0.1796875
 40
0.1875
 40
0.21875
 40
0.25
 40
0.28125
 40
0.3125
 40
0.375
 40
0.4375
 40
0.5
 40
0.5625
 40
0.625
 40
0.6875
 40
0.75
 40
0.8125
 40
0.84375
 40
0.875
 40
0.9375
 40
1.0
 40
1.0
 40
1.0
 40
1.0
 10
251.5290937157
 20
290.0556011858
 30
0.0
 10
251.5292670548
 20
290.0577476002
 30
0.0
 10
251.5295270736
 20
290.060967573
 30
0.0
 10
251.529873725
 20
290.0652594654
 30
0.0
 10
251.5300904659
 20
290.0679448245
 30
0.0
 10
251.5302636677
 20
290.0700864397
 30
0.0
 10
251.5303723544
 20
290.0714401661
 30
0.0
 10
251.530447562
 20
290.0723572786
 30
0.0
 10
251.5304919039
 20
290.0729290566
 30
0.0
 10
251.5305413912
 20
290.0736805478
 30
0.0
 10
251.5306014905
 20
290.0745584852
 30
0.0
 10
251.5307471878
 20
290.0767160912
 30
0.0
 10
251.5309649666
 20
290.0799312742
 30
0.0
 10
251.5312565114
 20
290.0842302774
 30
0.0
 10
251.5315450003
 20
290.0885261927
 30
0.0
 10
251.5319443866
 20
290.0942544248
 30
0.0
 10
251.5323407509
 20
290.1014198478
 30
0.0
 10
251.5327771246
 20
290.1100203764
 30
0.0
 10
251.5332796766
 20
290.1186181964
 30
0.0
 10
251.5335567786
 20
290.1272248298
 30
0.0
 10
251.5339025745
 20
290.135829624
 30
0.0
 10
251.5341990449
 20
290.1444329616
 30
0.0
 10
251.5343683537
 20
290.1530508446
 30
0.0
 10
251.5345481381
 20
290.1601966101
 30
0.0
 10
251.5346626815
 20
290.1659918785
 30
0.0
 10
251.5346930518
 20
290.1720732617
 30
0.0
 10
251.5347600877
 20
290.1795761681
 30
0.0
 10
251.5348048561
 20
290.1856086106
 30
0.0
 10
251.5348283478
 20
290.1886210672
 30
0.0
  0
SPLINE
  5
4A6
330
22A
100
AcDbEntity
  8
0
  6
Continuous
100
AcDbSpline
210
0.0
220
0.0
230
1.0
 70
     8
 71
     3
 72
    31
 73
    27
 74
     0
 42
0.000000001
 43
0.0000001
 40
0.0
 40
0.0
 40
0.0
 40
0.0
 40
0.0359750838
 40
0.0707713519
 40
0.1384918564
 40
0.2047105033
 40
0.2699312792000001
 40
0.3982096274
 40
0.4614692977000001
 40
0.5242035742
 40
0.5864257028000001
 40
0.6481267553
 40
0.7092731321
 40
0.7697973257
 40
0.7997911489
 40
0.8295762487999999
 40
0.8591188475999999
 40
0.8883689505999999
 40
0.9172474309
 40
0.9315087043
 40
0.9456176169
 40
0.959534099
 40
0.9731951795999997
 40
0.9865019305
 40
0.9930282576999999
 40
1.0
 40
1.0
 40
1.0
 40
1.0
 10
242.8348283478
 20
261.8770664919
 30
0.0
 10
242.8348283478
 20
261.8460995486
 30
0.0
 10
242.8367134493
 20
261.7851810085
 30
0.0
 10
242.8443958611
 20
261.6662086129
 30
0.0
 10
242.8585446933
 20
261.5216183354
 30
0.0
 10
242.8796815192
 20
261.3514816408001
 30
0.0
 10
242.9115514323
 20
261.1301920505
 30
0.0
 10
242.9481187268
 20
260.912188915
 30
0.0
 10
242.9883900653
 20
260.697047601
 30
0.0
 10
243.0201561748
 20
260.5381734402
 30
0.0
 10
243.0536041336
 20
260.3810167114
 30
0.0
 10
243.0887956661
 20
260.2256413851
 30
0.0
 10
243.1258761055
 20
260.0722085253
 30
0.0
 10
243.1586656331
 20
259.9458334004999
 30
0.0
 10
243.1862631763
 20
259.8460207974
 30
0.0
 10
243.2076708515
 20
259.7721718309
 30
0.0
 10
243.2299886854
 20
259.699260711
 30
0.0
 10
243.2534314057
 20
259.6275224106
 30
0.0
 10
243.2742655289
 20
259.568785094
 30
0.0
 10
243.2920481657
 20
259.5228205219
 30
0.0
 10
243.3060130748
 20
259.4892072309
 30
0.0
 10
243.3209074554
 20
259.4565267044
 30
0.0
 10
243.3370759727
 20
259.4253320717
 30
0.0
 10
243.3527291656
 20
259.4007556885
 30
0.0
 10
243.3679195058
 20
259.3837863505
 30
0.0
 10
243.3788271513
 20
259.3770664919
 30
0.0
 10
243.3848283478
 20
259.3770664919
 30
0.0
  0
SPLINE
  5
4A7
102
{ACAD_REACTORS
330
7AB
102
}
330
22A
100
AcDbEntity
  8
0
  6
Continuous
100
AcDbSpline
210
0.0
220
0.0
230
1.0
 70
     8
 71
     3
 72
    31
 73
    27
 74
     0
 42
0.000000001
 43
0.0000001
 40
0.0
 40
0.0
 40
0.0
 40
0.0
 40
0.0359750838
 40
0.0707713519
 40
0.1384918564
 40
0.2047105033
 40
0.2699312792000001
 40
0.3982096274
 40
0.4614692977000001
 40
0.5242035742
 40
0.5864257028000001
 40
0.6481267553
 40
0.7092731321
 40
0.7697973257
 40
0.7997911489
 40
0.8295762487999999
 40
0.8591188475999999
 40
0.8883689505999999
 40
0.9172474309
 40
0.9315087043
 40
0.9456176169
 40
0.959534099
 40
0.9731951795999997
 40
0.9865019305
 40
0.9930282576999999
 40
1.0
 40
1.0
 40
1.0
 40
1.0
 10
242.8348283478
 20
304.8770664919
 30
0.0
 10
242.8348283478
 20
304.9080334351
 30
0.0
 10
242.8367134493
 20
304.9689519752
 30
0.0
 10
242.8443958611
 20
305.0879243708
 30
0.0
 10
242.8585446933
 20
305.2325146483
 30
0.0
 10
242.8796815192
 20
305.4026513429
 30
0.0
 10
242.9115514323
 20
305.6239409332
 30
0.0
 10
242.9481187268
 20
305.8419440687
 30
0.0
 10
242.9883900653
 20
306.0570853827
 30
0.0
 10
243.0201561748
 20
306.2159595435
 30
0.0
 10
243.0536041336
 20
306.3731162723
 30
0.0
 10
243.0887956661
 20
306.5284915986
 30
0.0
 10
243.1258761055
 20
306.6819244584
 30
0.0
 10
243.1586656331
 20
306.8082995832
 30
0.0
 10
243.1862631763
 20
306.9081121863
 30
0.0
 10
243.2076708515
 20
306.9819611528
 30
0.0
 10
243.2299886854
 20
307.0548722727
 30
0.0
 10
243.2534314057
 20
307.1266105731
 30
0.0
 10
243.2742655289
 20
307.1853478897001
 30
0.0
 10
243.2920481657
 20
307.2313124618
 30
0.0
 10
243.3060130748
 20
307.2649257529
 30
0.0
 10
243.3209074554
 20
307.2976062793
 30
0.0
 10
243.3370759727
 20
307.328800912
 30
0.0
 10
243.3527291656
 20
307.3533772952
 30
0.0
 10
243.3679195058
 20
307.3703466332
 30
0.0
 10
243.3788271513
 20
307.3770664919
 30
0.0
 10
243.3848283478
 20
307.3770664919
 30
0.0
  0
SPLINE
  5
4A8
330
22A
100
AcDbEntity
  8
0
  6
Continuous
100
AcDbSpline
210
0.0
220
0.0
230
1.0
 70
     8
 71
     3
 72
    18
 73
    14
 74
     0
 42
0.000000001
 43
0.0000001
 40
0.0
 40
0.0
 40
0.0
 40
0.0
 40
0.0215779309
 40
0.0500197258
 40
0.085503323
 40
0.1278934557
 40
0.1768903072
 40
0.2320759772
 40
0.3589504466
 40
0.5039890288000001
 40
0.6623564039000001
 40
0.8293944859999998
 40
1.0
 40
1.0
 40
1.0
 40
1.0
 10
246.9058534741
 20
258.5308302771
 30
0.0
 10
246.9161382863
 20
258.5411198658
 30
0.0
 10
246.9436420134
 20
258.5611812485
 30
0.0
 10
246.9946885172
 20
258.5880755242
 30
0.0
 10
247.0610097478
 20
258.6155153746
 30
0.0
 10
247.1420301003
 20
258.6430544506
 30
0.0
 10
247.2370586026
 20
258.6702953232
 30
0.0
 10
247.3883957764
 20
258.7073722733
 30
0.0
 10
247.6050880319
 20
258.7491024876
 30
0.0
 10
247.892407722
 20
258.7898497167
 30
0.0
 10
248.2081807439
 20
258.8207265697
 30
0.0
 10
248.5421311957
 20
258.8399215301
 30
0.0
 10
248.7698024907
 20
258.84423864
 30
0.0
 10
248.8848283478
 20
258.84423864
 30
0.0
  0
SPLINE
  5
4A9
330
22A
100
AcDbEntity
  8
0
  6
Continuous
100
AcDbSpline
210
0.0
220
0.0
230
1.0
 70
     8
 71
     3
 72
    13
 73
     9
 74
     0
 42
0.000000001
 43
0.0000001
 40
0.0
 40
0.0
 40
0.0
 40
0.0
 40
0.1022129179
 40
0.2087836057
 40
0.3224955582
 40
0.4446655354
 40
0.7120681985
 40
1.0
 40
1.0
 40
1.0
 40
1.0
 10
249.3848287153
 20
265.3216375289
 30
0.0
 10
249.3848286529
 20
265.3490785475
 30
0.0
 10
249.392987051
 20
265.4054139757
 30
0.0
 10
249.4284112837
 20
265.4854143539
 30
0.0
 10
249.4851353256
 20
265.5587754707
 30
0.0
 10
249.5888365731
 20
265.6466486039
 30
0.0
 10
249.757668212
 20
265.7232873609999
 30
0.0
 10
249.9075275323
 20
265.7435918749
 30
0.0
 10
249.9848283478
 20
265.7435918749
 30
0.0
  0
SPLINE
  5
4AA
330
22A
100
AcDbEntity
  8
0
  6
Continuous
100
AcDbSpline
210
0.0
220
0.0
230
1.0
 70
     8
 71
     3
 72
    17
 73
    13
 74
     0
 42
0.000000001
 43
0.0000001
 40
0.0
 40
0.0
 40
0.0
 40
0.0
 40
0.0347525612
 40
0.0713208491
 40
0.1110100589
 40
0.1547387858
 40
0.2560698829
 40
0.3768059964999999
 40
0.5153297599000001
 40
0.6683541786000001
 40
0.8315562554000001
 40
1.0
 40
1.0
 40
1.0
 40
1.0
 10
248.7348283478
 20
260.447075505
 30
0.0
 10
248.734828348
 20
260.4571478446
 30
0.0
 10
248.7374006571
 20
260.477892989
 30
0.0
 10
248.7486494103
 20
260.5082881483
 30
0.0
 10
248.7670209083
 20
260.5380435301
 30
0.0
 10
248.8023906928
 20
260.5785003241
 30
0.0
 10
248.8645700037
 20
260.6252276945
 30
0.0
 10
248.9582825612
 20
260.6722409293
 30
0.0
 10
249.0715802534
 20
260.711160641
 30
0.0
 10
249.2003430787
 20
260.7402830373
 30
0.0
 10
249.3398352524
 20
260.7583174748
 30
0.0
 10
249.4360082744
 20
260.7623667139
 30
0.0
 10
249.4848283478
 20
260.7623667139
 30
0.0
  0
SPLINE
  5
4AB
330
22A
100
AcDbEntity
  8
0
  6
Continuous
100
AcDbSpline
210
0.0
220
0.0
230
1.0
 70
     8
 71
     3
 72
    13
 73
     9
 74
     0
 42
0.000000001
 43
0.0000001
 40
0.0
 40
0.0
 40
0.0
 40
0.0
 40
0.1022128888
 40
0.208783539
 40
0.3224954207
 40
0.4446651945000001
 40
0.7120682779000001
 40
1.0
 40
1.0
 40
1.0
 40
1.0
 10
250.5848279806
 20
301.4324954548
 30
0.0
 10
250.5848280414
 20
301.4050544441
 30
0.0
 10
250.5766696498
 20
301.3487190344
 30
0.0
 10
250.5412454443
 20
301.2687186853
 30
0.0
 10
250.4845214699
 20
301.1953576241
 30
0.0
 10
250.3808202308
 20
301.1074844237
 30
0.0
 10
250.2119885498
 20
301.0308456311
 30
0.0
 10
250.0621291419
 20
301.0105411088
 30
0.0
 10
249.9848283478
 20
301.0105411088
 30
0.0
  0
SPLINE
  5
4AC
330
22A
100
AcDbEntity
  8
0
  6
Continuous
100
AcDbSpline
210
0.0
220
0.0
230
1.0
 70
     8
 71
     3
 72
     9
 73
     5
 74
     0
 42
0.000000001
 43
0.0000001
 40
0.0
 40
0.0
 40
0.0
 40
0.0
 40
0.4987713513000001
 40
1.0
 40
1.0
 40
1.0
 40
1.0
 10
251.6848283478
 20
292.5549536217
 30
0.0
 10
251.6848283478
 20
292.6716954202
 30
0.0
 10
251.6602279789
 20
292.9063964232
 30
0.0
 10
251.5875192726
 20
293.1308523658
 30
0.0
 10
251.5401994596
 20
293.2382027369
 30
0.0
  0
SPLINE
  5
4AD
330
22A
100
AcDbEntity
  8
0
  6
Continuous
100
AcDbSpline
210
0.0
220
0.0
230
1.0
 70
     8
 71
     3
 72
     9
 73
     5
 74
     0
 42
0.000000001
 43
0.0000001
 40
0.0
 40
0.0
 40
0.0
 40
0.0
 40
0.5012286486999999
 40
1.0
 40
1.0
 40
1.0
 40
1.0
 10
248.0294572361
 20
293.2382027369
 30
0.0
 10
247.982137423
 20
293.1308523658
 30
0.0
 10
247.9094287168
 20
292.9063964232
 30
0.0
 10
247.8848283478
 20
292.6716954202
 30
0.0
 10
247.8848283478
 20
292.5549536217
 30
0.0
  0
SPLINE
  5
4AE
330
22A
100
AcDbEntity
  8
0
  6
Continuous
100
AcDbSpline
210
0.0
220
0.0
230
1.0
 70
     8
 71
     3
 72
     9
 73
     5
 74
     0
 42
0.000000001
 43
0.0000001
 40
0.0
 40
0.0
 40
0.0
 40
0.0
 40
0.4987713513000001
 40
1.0
 40
1.0
 40
1.0
 40
1.0
 10
247.8848283478
 20
274.1991793621
 30
0.0
 10
247.8848283478
 20
274.0824375635
 30
0.0
 10
247.9094287168
 20
273.8477365605
 30
0.0
 10
247.982137423
 20
273.6232806179
 30
0.0
 10
248.0294572361
 20
273.5159302468
 30
0.0
  0
SPLINE
  5
4AF
330
22A
100
AcDbEntity
  8
0
  6
Continuous
100
AcDbSpline
210
0.0
220
0.0
230
1.0
 70
     8
 71
     3
 72
     9
 73
     5
 74
     0
 42
0.000000001
 43
0.0000001
 40
0.0
 40
0.0
 40
0.0
 40
0.0
 40
0.5012286486999999
 40
1.0
 40
1.0
 40
1.0
 40
1.0
 10
251.5401994596
 20
273.5159302468
 30
0.0
 10
251.5875192726
 20
273.6232806179
 30
0.0
 10
251.6602279789
 20
273.8477365605
 30
0.0
 10
251.6848283478
 20
274.0824375635
 30
0.0
 10
251.6848283478
 20
274.1991793621
 30
0.0
  0
SPLINE
  5
4B0
330
22A
100
AcDbEntity
  8
0
  6
Continuous
100
AcDbSpline
210
0.0
220
0.0
230
1.0
 70
     8
 71
     3
 72
    27
 73
    23
 74
     0
 42
0.000000001
 43
0.0000001
 40
0.0
 40
0.0
 40
0.0
 40
0.0
 40
0.0609498662
 40
0.0916223569
 40
0.1224180979
 40
0.1843263055
 40
0.2467487148
 40
0.2781719939
 40
0.3096976179
 40
0.372929321
 40
0.4364035025
 40
0.4999998318000002
 40
0.5635963599
 40
0.6270706572
 40
0.6903023613000002
 40
0.7218279877000002
 40
0.7532512674
 40
0.8156736829000001
 40
0.8775818854999998
 40
0.9083776298
 40
0.9390501262
 40
1.0
 40
1.0
 40
1.0
 40
1.0
 10
247.8848283478
 20
275.9776288264
 30
0.0
 10
247.8848283478
 20
276.0967980702
 30
0.0
 10
247.9034235086
 20
276.2766135169
 30
0.0
 10
247.963835839
 20
276.5085084536
 30
0.0
 10
248.047800891
 20
276.7350471673
 30
0.0
 10
248.1954311197
 20
277.0024015205
 30
0.0
 10
248.3931535751
 20
277.2367045644
 30
0.0
 10
248.5769423448
 20
277.3994080861
 30
0.0
 10
248.7768511249
 20
277.5445492015
 30
0.0
 10
249.0527043311
 20
277.6891791313
 30
0.0
 10
249.4114483435
 20
277.7961341769
 30
0.0
 10
249.784827739
 20
277.8323404568
 30
0.0
 10
250.1582073981
 20
277.7961343959
 30
0.0
 10
250.5169520509
 20
277.6891792977
 30
0.0
 10
250.7928054698
 20
277.5445492646
 30
0.0
 10
250.992714264
 20
277.3994081564
 30
0.0
 10
251.1765030575
 20
277.2367046341
 30
0.0
 10
251.3742255247
 20
277.0024015949
 30
0.0
 10
251.521855771
 20
276.7350472417
 30
0.0
 10
251.6058208354
 20
276.5085085242
 30
0.0
 10
251.6662331826
 20
276.2766135583
 30
0.0
 10
251.6848283478
 20
276.0967980852
 30
0.0
 10
251.6848283478
 20
275.9776288264
 30
0.0
  0
SPLINE
  5
4B1
330
22A
100
AcDbEntity
  8
0
  6
Continuous
100
AcDbSpline
210
0.0
220
0.0
230
1.0
 70
     8
 71
     3
 72
    13
 73
     9
 74
     0
 42
0.000000001
 43
0.0000001
 40
0.0
 40
0.0
 40
0.0
 40
0.0
 40
0.2879326146
 40
0.5553366398
 40
0.6775067593000001
 40
0.7912185207000002
 40
0.8977875630999998
 40
1.0
 40
1.0
 40
1.0
 40
1.0
 10
249.9848283478
 20
265.7435918749
 30
0.0
 10
250.0621293811
 20
265.7435918749
 30
0.0
 10
250.2119892898
 20
265.7232872268
 30
0.0
 10
250.3808214193
 20
265.6466479056
 30
0.0
 10
250.4845226458
 20
265.5587741766999
 30
0.0
 10
250.5412460583
 20
265.4854131648
 30
0.0
 10
250.5766698605
 20
265.4054132777
 30
0.0
 10
250.5848279197
 20
265.3490784192
 30
0.0
 10
250.5848279806
 20
265.3216375299
 30
0.0
  0
SPLINE
  5
4B2
330
22A
100
AcDbEntity
  8
0
  6
Continuous
100
AcDbSpline
210
0.0
220
0.0
230
1.0
 70
     8
 71
     3
 72
    31
 73
    27
 74
     0
 42
0.000000001
 43
0.0000001
 40
0.0
 40
0.0
 40
0.0
 40
0.0
 40
0.0044541889
 40
0.0079975332
 40
0.0125820678
 40
0.0182486925
 40
0.0250107861
 40
0.0418073638
 40
0.0880662067
 40
0.1498613486
 40
0.224951356
 40
0.3105463495
 40
0.4034129768
 40
0.5000000323
 40
0.5965869397
 40
0.6894535921
 40
0.7750485852
 40
0.8501386026
 40
0.9119337632
 40
0.9581926059
 40
0.9749891963999999
 40
0.9817512974999999
 40
0.9874179262999998
 40
0.9920024638000001
 40
0.9955458095
 40
1.0
 40
1.0
 40
1.0
 40
1.0
 10
251.4848283478
 20
308.4050508294
 30
0.0
 10
251.4848283478
 20
308.402045503
 30
0.0
 10
251.4805752236
 20
308.3973479133
 30
0.0
 10
251.4735299023
 20
308.3930539405
 30
0.0
 10
251.465010736
 20
308.3890619294
 30
0.0
 10
251.4542619892
 20
308.3850968379
 30
0.0
 10
251.4354051686
 20
308.379260708
 30
0.0
 10
251.3895857898
 20
308.3682182134
 30
0.0
 10
251.3064073389
 20
308.354401419
 30
0.0
 10
251.1837064897
 20
308.3396611611
 30
0.0
 10
251.0341173129
 20
308.3268072975
 30
0.0
 10
250.8633191041
 20
308.3167802373
 30
0.0
 10
250.6778296109
 20
308.310419012
 30
0.0
 10
250.4848283825999
 20
308.3082369431001
 30
0.0
 10
250.2918271374
 20
308.3104190111
 30
0.0
 10
250.1063377273
 20
308.3167802311
 30
0.0
 10
249.9355394949
 20
308.3268072897
 30
0.0
 10
249.7859502988
 20
308.3396611515
 30
0.0
 10
249.6632494301
 20
308.3544014088
 30
0.0
 10
249.5800709577
 20
308.3682182026
 30
0.0
 10
249.5342515654
 20
308.3792606986
 30
0.0
 10
249.5153947281
 20
308.3850968303
 30
0.0
 10
249.5046459719
 20
308.3890619242
 30
0.0
 10
249.4961267995
 20
308.3930539363
 30
0.0
 10
249.4890814757
 20
308.3973479118
 30
0.0
 10
249.4848283478
 20
308.402045502
 30
0.0
 10
249.4848283478
 20
308.4050508294
 30
0.0
  0
SPLINE
  5
4B3
330
22A
100
AcDbEntity
  8
0
  6
Continuous
100
AcDbSpline
210
0.0
220
0.0
230
1.0
 70
     8
 71
     3
 72
    13
 73
     9
 74
     0
 42
0.000000001
 43
0.0000001
 40
0.0
 40
0.0
 40
0.0
 40
0.0
 40
0.2879327243
 40
0.5553362431000001
 40
0.6775065899
 40
0.7912184320000001
 40
0.8977875239000001
 40
1.0
 40
1.0
 40
1.0
 40
1.0
 10
249.9848283478
 20
301.0105411088
 30
0.0
 10
249.907527285
 20
301.0105411088
 30
0.0
 10
249.7576674777
 20
301.0308457485
 30
0.0
 10
249.5888354016
 20
301.1074850292
 30
0.0
 10
249.4851341689
 20
301.1953586732
 30
0.0
 10
249.4284106805
 20
301.2687197491
 30
0.0
 10
249.3929868392
 20
301.3487196705
 30
0.0
 10
249.3848287777
 20
301.405054554
 30
0.0
 10
249.3848287153
 20
301.4324954538
 30
0.0
  0
SPLINE
  5
4B4
330
22A
100
AcDbEntity
  8
0
  6
Continuous
100
AcDbSpline
210
0.0
220
0.0
230
1.0
 70
     8
 71
     3
 72
    27
 73
    23
 74
     0
 42
0.000000001
 43
0.0000001
 40
0.0
 40
0.0
 40
0.0
 40
0.0
 40
0.0609498356
 40
0.091622312
 40
0.1224180376
 40
0.1843262144
 40
0.2467485924
 40
0.2781718557
 40
0.3096974623
 40
0.3729291261
 40
0.436403388
 40
0.4999998808
 40
0.5635964315999999
 40
0.6270708385
 40
0.6903025189000001
 40
0.7218281262000002
 40
0.7532513897
 40
0.8156737743
 40
0.8775819457999999
 40
0.9083776745999999
 40
0.9390501567000001
 40
1.0
 40
1.0
 40
1.0
 40
1.0
 10
251.6848283478
 20
290.7765041589
 30
0.0
 10
251.6848283478
 20
290.6573349752
 30
0.0
 10
251.6662332033
 20
290.477519618
 30
0.0
 10
251.6058209345
 20
290.245624788
 30
0.0
 10
251.52185596
 20
290.0190861728
 30
0.0
 10
251.3742258712
 20
289.7517319201
 30
0.0
 10
251.1765035942
 20
289.5174289299
 30
0.0
 10
250.992714985
 20
289.3547254183
 30
0.0
 10
250.7928063857
 20
289.2095842978
 30
0.0
 10
250.5169532237
 20
289.0649541862
 30
0.0
 10
250.1582088612
 20
288.9579988961
 30
0.0
 10
249.7848289411
 20
288.9217924764
 30
0.0
 10
249.4114487091
 20
288.957998683
 30
0.0
 10
249.0527038874
 20
289.0649539862
 30
0.0
 10
248.7768504293
 20
289.209584221
 30
0.0
 10
248.5769417938
 20
289.3547253503
 30
0.0
 10
248.3931531645
 20
289.5174288611
 30
0.0
 10
248.1954308753
 20
289.7517318458
 30
0.0
 10
248.0478007693
 20
290.0190860986
 30
0.0
 10
247.9638357825
 20
290.2456247169
 30
0.0
 10
247.903423497
 20
290.4775195761
 30
0.0
 10
247.8848283478
 20
290.6573349598
 30
0.0
 10
247.8848283478
 20
290.7765041585
 30
0.0
  0
SPLINE
  5
4B5
330
22A
100
AcDbEntity
  8
0
  6
Continuous
100
AcDbSpline
210
0.0
220
0.0
230
1.0
 70
     8
 71
     3
 72
    17
 73
    13
 74
     0
 42
0.000000001
 43
0.0000001
 40
0.0
 40
0.0
 40
0.0
 40
0.0
 40
0.1684436937
 40
0.3316457697
 40
0.4846701916
 40
0.6231939566
 40
0.7439300775
 40
0.8452611907999999
 40
0.8889899242
 40
0.9286791381
 40
0.9652474295999999
 40
1.0
 40
1.0
 40
1.0
 40
1.0
 10
249.4848283478
 20
260.7623667139
 30
0.0
 10
249.5336484065
 20
260.7623667139
 30
0.0
 10
249.6298214134
 20
260.7583174768
 30
0.0
 10
249.7693135736
 20
260.740283045
 30
0.0
 10
249.8980764009
 20
260.7111606529
 30
0.0
 10
250.011374098
 20
260.6722409438
 30
0.0
 10
250.1050866632
 20
260.6252277101
 30
0.0
 10
250.1672659875
 20
260.5785003418
 30
0.0
 10
250.2026357771
 20
260.5380435422
 30
0.0
 10
250.2210072817
 20
260.5082881593
 30
0.0
 10
250.2322560345
 20
260.4778929949
 30
0.0
 10
250.234828348
 20
260.4571478472
 30
0.0
 10
250.2348283478
 20
260.447075505
 30
0.0
  0
SPLINE
  5
4B6
330
22A
100
AcDbEntity
  8
0
  6
Continuous
100
AcDbSpline
210
0.0
220
0.0
230
1.0
 70
     8
 71
     3
 72
    18
 73
    14
 74
     0
 42
0.000000001
 43
0.0000001
 40
0.0
 40
0.0
 40
0.0
 40
0.0
 40
0.171023349
 40
0.3379300865
 40
0.4962269118
 40
0.6411993305000001
 40
0.7680136398000002
 40
0.8231734881999999
 40
0.8721469023
 40
0.9145204206999999
 40
0.9499854369000001
 40
0.9784232602999999
 40
1.0
 40
1.0
 40
1.0
 40
1.0
 10
249.4848283478
 20
258.84423864
 30
0.0
 10
249.6001358466
 20
258.84423864
 30
0.0
 10
249.8280003682
 20
258.8399074886
 30
0.0
 10
250.1620941948
 20
258.8206760075999
 30
0.0
 10
250.4776850673
 20
258.7897961894
 30
0.0
 10
250.7648706659
 20
258.7490507114
 30
0.0
 10
250.9814598633
 20
258.7073287649
 30
0.0
 10
251.1327232656
 20
258.6702613988
 30
0.0
 10
251.2277080744
 20
258.6430293093
 30
0.0
 10
251.3086889903
 20
258.6154976743
 30
0.0
 10
251.37498616
 20
258.5880685869
 30
0.0
 10
251.426016184
 20
258.5611779208
 30
0.0
 10
251.4535182197
 20
258.5411201377
 30
0.0
 10
251.463802181
 20
258.5308308467
 30
0.0
  0
SPLINE
  5
4B7
330
22A
100
AcDbEntity
  8
0
  6
Continuous
100
AcDbSpline
210
0.0
220
0.0
230
1.0
 70
     8
 71
     3
 72
    13
 73
     9
 74
     0
 42
0.000000001
 43
0.0000001
 40
0.0
 40
0.0
 40
0.0
 40
0.0
 40
0.1024627928
 40
0.2085192264
 40
0.3213913132
 40
0.442846009
 40
0.7102534794
 40
1.0
 40
1.0
 40
1.0
 40
1.0
 10
249.3848287153
 20
301.4324954538
 30
0.0
 10
249.3848286532
 20
301.4598068831
 30
0.0
 10
249.3928888415
 20
301.5156901395
 30
0.0
 10
249.4283435103
 20
301.5947215838
 30
0.0
 10
249.4851855855
 20
301.6664928746
 30
0.0
 10
249.5892476574
 20
301.7518135196
 30
0.0
 10
249.7584068066
 20
301.8250041214
 30
0.0
 10
249.9075964921
 20
301.8441311534
 30
0.0
 10
249.9848283478
 20
301.8441311534
 30
0.0
  0
SPLINE
  5
4B8
330
22A
100
AcDbEntity
  8
0
  6
Continuous
100
AcDbSpline
210
0.0
220
0.0
230
1.0
 70
     8
 71
     3
 72
     9
 73
     5
 74
     0
 42
0.000000001
 43
0.0000001
 40
0.0
 40
0.0
 40
0.0
 40
0.0
 40
0.5591277766000001
 40
1.0
 40
1.0
 40
1.0
 40
1.0
 10
251.463802181
 20
258.5308308467
 30
0.0
 10
251.4699307814
 20
258.5246990702
 30
0.0
 10
251.4800653949
 20
258.5126630859
 30
0.0
 10
251.4848283478
 20
258.4971687045999
 30
0.0
 10
251.4848283478
 20
258.4903328864
 30
0.0
  0
SPLINE
  5
4B9
330
22A
100
AcDbEntity
  8
0
  6
Continuous
100
AcDbSpline
210
0.0
220
0.0
230
1.0
 70
     8
 71
     3
 72
    15
 73
    11
 74
     0
 42
0.000000001
 43
0.0000001
 40
0.0
 40
0.0
 40
0.0
 40
0.0
 40
0.1225176965
 40
0.2449277213
 40
0.3677007194
 40
0.4912923059000002
 40
0.6160988274000001
 40
0.7424108623000001
 40
0.8703805120999998
 40
1.0
 40
1.0
 40
1.0
 40
1.0
 10
251.6848283478
 20
273.6283972744
 30
0.0
 10
251.6848283478
 20
273.5479577975
 30
0.0
 10
251.6727762512
 20
273.3868853149
 30
0.0
 10
251.6186857503
 20
273.150718279
 30
0.0
 10
251.5297017903
 20
272.9245663103
 30
0.0
 10
251.4075831846
 20
272.7126714091
 30
0.0
 10
251.2547055168
 20
272.5188476122
 30
0.0
 10
251.073980507
 20
272.3465339324
 30
0.0
 10
250.8688773014
 20
272.1987698284999
 30
0.0
 10
250.7192256569
 20
272.1187633506001
 30
0.0
 10
250.6417480044
 20
272.0835554615
 30
0.0
  0
SPLINE
  5
4BA
330
22A
100
AcDbEntity
  8
0
  6
Continuous
100
AcDbSpline
210
0.0
220
0.0
230
1.0
 70
     8
 71
     3
 72
    15
 73
    11
 74
     0
 42
0.000000001
 43
0.0000001
 40
0.0
 40
0.0
 40
0.0
 40
0.0
 40
0.1296128435
 40
0.2575768357999999
 40
0.3838853325
 40
0.5086909761000002
 40
0.6322843255000002
 40
0.7550612876999999
 40
0.8774766168000001
 40
1.0
 40
1.0
 40
1.0
 40
1.0
 10
248.9259580848
 20
272.0844431411
 30
0.0
 10
248.8486066017
 20
272.119694729
 30
0.0
 10
248.6992077053
 20
272.1997638971
 30
0.0
 10
248.4944722605
 20
272.3475489022
 30
0.0
 10
248.3140871518
 20
272.5198144865
 30
0.0
 10
248.1615080242
 20
272.7135281909
 30
0.0
 10
248.0396347518
 20
272.9252597552
 30
0.0
 10
247.9508333525
 20
273.1512058681
 30
0.0
 10
247.8968552684
 20
273.3871370802
 30
0.0
 10
247.8848283478
 20
273.5480413858
 30
0.0
 10
247.8848283478
 20
273.6283972744
 30
0.0
  0
SPLINE
  5
4BB
330
22A
100
AcDbEntity
  8
0
  6
Continuous
100
AcDbSpline
210
0.0
220
0.0
230
1.0
 70
     8
 71
     3
 72
    13
 73
     9
 74
     0
 42
0.000000001
 43
0.0000001
 40
0.0
 40
0.0
 40
0.0
 40
0.0
 40
0.1024627637
 40
0.2085191603
 40
0.3213911767
 40
0.4428456694
 40
0.7102535592
 40
1.0
 40
1.0
 40
1.0
 40
1.0
 10
250.5848279806
 20
265.3216375299
 30
0.0
 10
250.5848280411
 20
265.2943261084
 30
0.0
 10
250.5767678591
 20
265.2384428703
 30
0.0
 10
250.5413132178
 20
265.1594114543
 30
0.0
 10
250.4844712102
 20
265.0876402174
 30
0.0
 10
250.3804091461
 20
265.0023195054
 30
0.0
 10
250.2112499542
 20
264.9291288702
 30
0.0
 10
250.0620601822
 20
264.9100018303
 30
0.0
 10
249.9848283478
 20
264.9100018303
 30
0.0
  0
SPLINE
  5
4BC
330
22A
100
AcDbEntity
  8
0
  6
Continuous
100
AcDbSpline
210
0.0
220
0.0
230
1.0
 70
     8
 71
     3
 72
    13
 73
     9
 74
     0
 42
0.000000001
 43
0.0000001
 40
0.0
 40
0.0
 40
0.0
 40
0.0
 40
0.289747447
 40
0.5571557615999999
 40
0.6786108188
 40
0.7914827956
 40
0.8975376453
 40
1.0
 40
1.0
 40
1.0
 40
1.0
 10
249.9848283478
 20
264.9100018303
 30
0.0
 10
249.9075962454
 20
264.9100018303
 30
0.0
 10
249.7584060792
 20
264.929128979
 30
0.0
 10
249.5892464871
 20
265.0023200845
 30
0.0
 10
249.4851844272
 20
265.0876412372
 30
0.0
 10
249.4283429069
 20
265.1594124995
 30
0.0
 10
249.3928886319
 20
265.2384434969
 30
0.0
 10
249.3848287774
 20
265.2943262164
 30
0.0
 10
249.3848287153
 20
265.3216375289
 30
0.0
  0
SPLINE
  5
4BD
330
22A
100
AcDbEntity
  8
0
  6
Continuous
100
AcDbSpline
210
0.0
220
0.0
230
1.0
 70
     8
 71
     3
 72
    33
 73
    29
 74
     0
 42
0.000000001
 43
0.0000001
 40
0.0
 40
0.0
 40
0.0
 40
0.0
 40
0.004307408
 40
0.0077375143
 40
0.0122058964
 40
0.0244117608
 40
0.0410281689
 40
0.0619724205
 40
0.0870817427
 40
0.1161367723
 40
0.1488713394
 40
0.2241156044
 40
0.3099606815
 40
0.4031160387
 40
0.5000001047
 40
0.5968840555
 40
0.6900393765000002
 40
0.7758844556000001
 40
0.8511287120999998
 40
0.8838632626
 40
0.9129182892999999
 40
0.9380276148
 40
0.9589718619999999
 40
0.9755882568
 40
0.9877941095
 40
0.9922624885999999
 40
0.9956925934999999
 40
1.0
 40
1.0
 40
1.0
 40
1.0
 10
251.4848283478
 20
308.4050508294
 30
0.0
 10
251.4848283478
 20
308.407944561
 30
0.0
 10
251.4805838868
 20
308.4124445409
 30
0.0
 10
251.4735214513
 20
308.4161379602
 30
0.0
 10
251.4608095351
 20
308.421088023
 30
0.0
 10
251.439067069
 20
308.4262871688
 30
0.0
 10
251.4060662529
 20
308.4318507003
 30
0.0
 10
251.3642605786
 20
308.4368691056
 30
0.0
 10
251.3140007446
 20
308.4414133848
 30
0.0
 10
251.2557573098
 20
308.4454285770001
 30
0.0
 10
251.1638248742
 20
308.4503248341
 30
0.0
 10
251.0336841739
 20
308.4548837568001
 30
0.0
 10
250.8629161641
 20
308.4584500676
 30
0.0
 10
250.6775846985
 20
308.4604871203
 30
0.0
 10
250.4848282139
 20
308.4611495104
 30
0.0
 10
250.2920717536
 20
308.4604871184
 30
0.0
 10
250.1067403884
 20
308.4584500652
 30
0.0
 10
249.9359724073
 20
308.4548837536
 30
0.0
 10
249.8058317226
 20
308.4503248301
 30
0.0
 10
249.7138993059
 20
308.445428572
 30
0.0
 10
249.655655882
 20
308.4414133793
 30
0.0
 10
249.6053960509
 20
308.4368690983
 30
0.0
 10
249.5635903864
 20
308.431850692
 30
0.0
 10
249.5305895902
 20
308.4262871625
 30
0.0
 10
249.5088471428
 20
308.4210880178
 30
0.0
 10
249.4961352381
 20
308.4161379564
 30
0.0
 10
249.4890728051
 20
308.4124445397
 30
0.0
 10
249.4848283478
 20
308.40794456
 30
0.0
 10
249.4848283478
 20
308.4050508294
 30
0.0
  0
SPLINE
  5
4BE
330
22A
100
AcDbEntity
  8
0
  6
Continuous
100
AcDbSpline
210
0.0
220
0.0
230
1.0
 70
     8
 71
     3
 72
    13
 73
     9
 74
     0
 42
0.000000001
 43
0.0000001
 40
0.0
 40
0.0
 40
0.0
 40
0.0
 40
0.2897473368
 40
0.5571561567000001
 40
0.678610987
 40
0.7914828836
 40
0.8975376844999999
 40
1.0
 40
1.0
 40
1.0
 40
1.0
 10
249.9848283478
 20
301.8441311534
 30
0.0
 10
250.0620604207
 20
301.8441311534
 30
0.0
 10
250.2112506872
 20
301.8250039968
 30
0.0
 10
250.3804103332
 20
301.7518128534
 30
0.0
 10
250.4844723879
 20
301.6664916159
 30
0.0
 10
250.541313832
 20
301.5947204156
 30
0.0
 10
250.5767680677
 20
301.5156894517
 30
0.0
 10
250.58482792
 20
301.4598067568
 30
0.0
 10
250.5848279806
 20
301.4324954548
 30
0.0
  0
SPLINE
  5
4BF
330
22A
100
AcDbEntity
  8
0
  6
Continuous
100
AcDbSpline
210
0.0
220
0.0
230
1.0
 70
     8
 71
     3
 72
    17
 73
    13
 74
     0
 42
0.000000001
 43
0.0000001
 40
0.0
 40
0.0
 40
0.0
 40
0.0
 40
0.1700711034
 40
0.3345693309
 40
0.4882854704
 40
0.6267366456
 40
0.7466448812000001
 40
0.8466411665999999
 40
0.8896916584000001
 40
0.9288373103000001
 40
0.9651310544000001
 40
1.0
 40
1.0
 40
1.0
 40
1.0
 10
249.4848283478
 20
260.1522617493
 30
0.0
 10
249.436018693
 20
260.1522617493
 30
0.0
 10
249.339958815
 20
260.1557897614
 30
0.0
 10
249.2005719333
 20
260.1715886636
 30
0.0
 10
249.0718877241
 20
260.1973564428
 30
0.0
 10
248.9586145444
 20
260.2323038226
 30
0.0
 10
248.8648477034
 20
260.275317383
 30
0.0
 10
248.8024491327
 20
260.3191357836
 30
0.0
 10
248.7670004142
 20
260.3578552046
 30
0.0
 10
248.7486002443
 20
260.3867011579
 30
0.0
 10
248.737356387
 20
260.4165637978
 30
0.0
 10
248.7348283476
 20
260.4370682718
 30
0.0
 10
248.7348283478
 20
260.447075505
 30
0.0
  0
SPLINE
  5
4C0
330
22A
100
AcDbEntity
  8
0
  6
Continuous
100
AcDbSpline
210
0.0
220
0.0
230
1.0
 70
     8
 71
     3
 72
    17
 73
    13
 74
     0
 42
0.000000001
 43
0.0000001
 40
0.0
 40
0.0
 40
0.0
 40
0.0
 40
0.0348689367
 40
0.0711626772
 40
0.1103083251
 40
0.1533588102
 40
0.2533550797
 40
0.3732633076
 40
0.5117144810000001
 40
0.6654306171
 40
0.8299288451999997
 40
1.0
 40
1.0
 40
1.0
 40
1.0
 10
250.2348283478
 20
260.447075505
 30
0.0
 10
250.2348283476
 20
260.4370682743
 30
0.0
 10
250.2323003128
 20
260.4165638035
 30
0.0
 10
250.221056455
 20
260.3867011686
 30
0.0
 10
250.2026562918
 20
260.3578552162
 30
0.0
 10
250.1672075783
 20
260.3191358007
 30
0.0
 10
250.1048090211
 20
260.2753173971
 30
0.0
 10
250.0110421876
 20
260.2323038359
 30
0.0
 10
249.8977690129
 20
260.1973564532
 30
0.0
 10
249.7690848056
 20
260.1715886705
 30
0.0
 10
249.6296979104
 20
260.1557897629
 30
0.0
 10
249.5336380174
 20
260.1522617493
 30
0.0
 10
249.4848283478
 20
260.1522617493
 30
0.0
  0
SPLINE
  5
4C1
330
22A
100
AcDbEntity
  8
0
  6
Continuous
100
AcDbSpline
210
0.0
220
0.0
230
1.0
 70
     8
 71
     3
 72
     9
 73
     5
 74
     0
 42
0.000000001
 43
0.0000001
 40
0.0
 40
0.0
 40
0.0
 40
0.0
 40
0.4412247098
 40
1.0
 40
1.0
 40
1.0
 40
1.0
 10
246.8848283478
 20
258.4903328864
 30
0.0
 10
246.8848283478
 20
258.4971739406
 30
0.0
 10
246.8895966915
 20
258.5126668801
 30
0.0
 10
246.8997287778
 20
258.5247027365
 30
0.0
 10
246.9058534741
 20
258.5308302771
 30
0.0
  0
SPLINE
  5
4C2
330
22A
100
AcDbEntity
  8
0
  6
Continuous
100
AcDbSpline
210
0.0
220
0.0
230
1.0
 70
     8
 71
     3
 72
    15
 73
    11
 74
     0
 42
0.000000001
 43
0.0000001
 40
0.0
 40
0.0
 40
0.0
 40
0.0
 40
0.1225179877
 40
0.2449282759
 40
0.367701476
 40
0.4912931531000001
 40
0.6160996309000001
 40
0.7424114886
 40
0.8703808520999999
 40
1.0
 40
1.0
 40
1.0
 40
1.0
 10
247.8848283478
 20
293.1257357078
 30
0.0
 10
247.8848283478
 20
293.2061709638
 30
0.0
 10
247.8968791693
 20
293.367234949
 30
0.0
 10
247.9509639969
 20
293.6033900677
 30
0.0
 10
248.0399387147
 20
293.8295316426
 30
0.0
 10
248.1620449382
 20
294.0414182864
 30
0.0
 10
248.314907497
 20
294.2352365458
 30
0.0
 10
248.4956153494
 20
294.4075477851
 30
0.0
 10
248.7006999546
 20
294.555312969
 30
0.0
 10
248.8503388222
 20
294.6353226331
 30
0.0
 10
248.9278101049
 20
294.6705327164
 30
0.0
  0
SPLINE
  5
4C3
330
22A
100
AcDbEntity
  8
0
  6
Continuous
100
AcDbSpline
210
0.0
220
0.0
230
1.0
 70
     8
 71
     3
 72
    15
 73
    11
 74
     0
 42
0.000000001
 43
0.0000001
 40
0.0
 40
0.0
 40
0.0
 40
0.0
 40
0.1296125763
 40
0.2575763272
 40
0.3838846718
 40
0.5086902772000002
 40
0.632283701
 40
0.7550608301000002
 40
0.8774763757999998
 40
1.0
 40
1.0
 40
1.0
 40
1.0
 10
250.6437807096
 20
294.6696524202
 30
0.0
 10
250.7211268964
 20
294.6343990116
 30
0.0
 10
250.8705151559
 20
294.5543271995
 30
0.0
 10
251.0752351082
 20
294.4065413058
 30
0.0
 10
251.255605925
 20
294.2342777757
 30
0.0
 10
251.4081724638
 20
294.0405686967
 30
0.0
 10
251.5300354276
 20
293.8288440238
 30
0.0
 10
251.618829128
 20
293.6029065773
 30
0.0
 10
251.6728024894
 20
293.3669853008
 30
0.0
 10
251.6848283478
 20
293.2060880785
 30
0.0
 10
251.6848283478
 20
293.1257357081
 30
0.0
  0
SPLINE
  5
4C4
330
22A
100
AcDbEntity
  8
0
  6
Continuous
100
AcDbSpline
210
0.0
220
0.0
230
1.0
 70
     8
 71
     3
 72
    11
 73
     7
 74
     0
 42
0.000000001
 43
0.0000001
 40
0.0
 40
0.0
 40
0.0
 40
0.0
 40
0.2590405923
 40
0.5128804928
 40
0.7591781098000002
 40
1.0
 40
1.0
 40
1.0
 40
1.0
 10
214.8445016028
 20
228.7765980356
 30
0.0
 10
214.8445016028
 20
228.7506584056
 30
0.0
 10
214.8351272847
 20
228.6987993322
 30
0.0
 10
214.7945657504
 20
228.6324106465
 30
0.0
 10
214.7331667276
 20
228.5873166661
 30
0.0
 10
214.6838014535
 20
228.5765980356
 30
0.0
 10
214.6596861954
 20
228.5765980356
 30
0.0
  0
SPLINE
  5
4C5
330
22A
100
AcDbEntity
  8
0
  6
Continuous
100
AcDbSpline
210
0.0
220
0.0
230
1.0
 70
     8
 71
     3
 72
    11
 73
     7
 74
     0
 42
0.000000001
 43
0.0000001
 40
0.0
 40
0.0
 40
0.0
 40
0.0
 40
0.2590405721
 40
0.5128804655
 40
0.7591780959000002
 40
1.0
 40
1.0
 40
1.0
 40
1.0
 10
214.8445016028
 20
231.8765980356
 30
0.0
 10
214.8445016028
 20
231.9025376635
 30
0.0
 10
214.8351272864
 20
231.9543967342
 30
0.0
 10
214.7945657548
 20
232.0207854198
 30
0.0
 10
214.7331667317
 20
232.0658794034
 30
0.0
 10
214.6838014548
 20
232.0765980356
 30
0.0
 10
214.6596861954
 20
232.0765980356
 30
0.0
  0
SPLINE
  5
4C6
330
22A
100
AcDbEntity
  8
0
  6
Continuous
100
AcDbSpline
210
0.0
220
0.0
230
1.0
 70
     8
 71
     3
 72
    29
 73
    25
 74
     0
 42
0.000000001
 43
0.0000001
 40
0.0
 40
0.0
 40
0.0
 40
0.0
 40
0.0136729333
 40
0.0283847997
 40
0.045104652
 40
0.0644569906
 40
0.0867779616
 40
0.1121968814
 40
0.1721559242
 40
0.2432845335
 40
0.323531236
 40
0.4102108246000002
 40
0.5002128367000001
 40
0.5902075121000001
 40
0.6768663818000002
 40
0.7570670565000001
 40
0.8281183173
 40
0.8879820734
 40
0.9133535120000001
 40
0.9356343196999999
 40
0.9549535013999999
 40
0.9716427155999999
 40
0.9863331930999999
 40
1.0
 40
1.0
 40
1.0
 40
1.0
 10
215.7054488601
 20
228.7765980356
 30
0.0
 10
215.720839219
 20
228.7766015596
 30
0.0
 10
215.7529921492
 20
228.782037194
 30
0.0
 10
215.7986210803
 20
228.8056991668
 30
0.0
 10
215.8417614244
 20
228.8438547597
 30
0.0
 10
215.8824738592
 20
228.8957814277
 30
0.0
 10
215.920793105
 20
228.9610532044
 30
0.0
 10
215.9712738656
 20
229.0714403995
 30
0.0
 10
216.0247218852
 20
229.2398912438
 30
0.0
 10
216.0738976716
 20
229.4728517968
 30
0.0
 10
216.1098280402
 20
229.7385982847
 30
0.0
 10
216.1317036496
 20
230.0271057536
 30
0.0
 10
216.139023373
 20
230.3273137762
 30
0.0
 10
216.1316346862
 20
230.6274968633
 30
0.0
 10
216.1096913534
 20
230.9159156283
 30
0.0
 10
216.0737034289
 20
231.1814910698
 30
0.0
 10
216.0244882703
 20
231.4141917377
 30
0.0
 10
215.9710421072
 20
231.5823833301
 30
0.0
 10
215.9205829805
 20
231.6925542663
 30
0.0
 10
215.8822864692
 20
231.7576814693
 30
0.0
 10
215.841611271
 20
231.8094879935
 30
0.0
 10
215.7985309833
 20
231.8475610819
 30
0.0
 10
215.7529591254
 20
231.8711949004
 30
0.0
 10
215.7208323234
 20
231.8765969316
 30
0.0
 10
215.7054488601
 20
231.8765980356
 30
0.0
  0
SPLINE
  5
4C7
330
22A
100
AcDbEntity
  8
0
  6
Continuous
100
AcDbSpline
210
0.0
220
0.0
230
1.0
 70
     8
 71
     3
 72
    11
 73
     7
 74
     0
 42
0.000000001
 43
0.0000001
 40
0.0
 40
0.0
 40
0.0
 40
0.0
 40
0.2554382039
 40
0.5077342729
 40
0.7554927681999999
 40
1.0
 40
1.0
 40
1.0
 40
1.0
 10
215.7054488601
 20
231.8765980356
 30
0.0
 10
215.7054488601
 20
231.9024741797
 30
0.0
 10
215.6957496741
 20
231.9544305429
 30
0.0
 10
215.6539444308
 20
232.0207123724
 30
0.0
 10
215.5909431522
 20
232.0656439495
 30
0.0
 10
215.5405631452
 20
232.0764472299
 30
0.0
 10
215.5157947595
 20
232.0765948804
 30
0.0
  0
SPLINE
  5
4C8
330
22A
100
AcDbEntity
  8
0
  6
Continuous
100
AcDbSpline
210
0.0
220
0.0
230
1.0
 70
     8
 71
     3
 72
    27
 73
    23
 74
     0
 42
0.000000001
 43
0.0000001
 40
0.0
 40
0.0
 40
0.0
 40
0.0
 40
0.0163829157
 40
0.0338463
 40
0.0530582967
 40
0.0744757159
 40
0.1247617147
 40
0.1852767239
 40
0.2550620338
 40
0.3323643878
 40
0.4149314558
 40
0.500202951
 40
0.5854684155
 40
0.6680187053
 40
0.7452820175000002
 40
0.8149985751
 40
0.8754250503000001
 40
0.9256263844999999
 40
0.9470100037999999
 40
0.9661871848
 40
0.9836253175999999
 40
1.0
 40
1.0
 40
1.0
 40
1.0
 10
214.6596862437
 20
232.0765980356
 30
0.0
 10
214.6377774816
 20
232.0765963444
 30
0.0
 10
214.592346306
 20
232.0704543706
 30
0.0
 10
214.5258686211
 20
232.0440918268
 30
0.0
 10
214.4605990205
 20
232.0011383381
 30
0.0
 10
214.3711231099
 20
231.9181951878
 30
0.0
 10
214.2675429041
 20
231.7729145682
 30
0.0
 10
214.162612564
 20
231.5546481534
 30
0.0
 10
214.0751046691
 20
231.2904838204
 30
0.0
 10
214.0092404845
 20
230.9900450189
 30
0.0
 10
213.9683179926
 20
230.6643628274
 30
0.0
 10
213.9544760601
 20
230.325785974
 30
0.0
 10
213.9684461453
 20
229.9872366221
 30
0.0
 10
214.0094935154
 20
229.661653387
 30
0.0
 10
214.0754578779
 20
229.361406445
 30
0.0
 10
214.1630229594
 20
229.0975384856
 30
0.0
 10
214.2679281869
 20
228.8796182835
 30
0.0
 10
214.3714494545
 20
228.7346379661
 30
0.0
 10
214.4608277795
 20
228.6518930225
 30
0.0
 10
214.5260036514
 20
228.6090321116
 30
0.0
 10
214.5923982592
 20
228.5827035397
 30
0.0
 10
214.6377884436
 20
228.5765985573
 30
0.0
 10
214.6596861954
 20
228.5765980356
 30
0.0
  0
SPLINE
  5
4C9
330
22A
100
AcDbEntity
  8
0
  6
Continuous
100
AcDbSpline
210
0.0
220
0.0
230
1.0
 70
     8
 71
     3
 72
    27
 73
    23
 74
     0
 42
0.000000001
 43
0.0000001
 40
0.0
 40
0.0
 40
0.0
 40
0.0
 40
0.0165669792
 40
0.0342026957
 40
0.0535514979
 40
0.0750590737
 40
0.1253863568
 40
0.1858062086
 40
0.2554355639
 40
0.3325830645
 40
0.4150265831000002
 40
0.5002014031000001
 40
0.5853702405
 40
0.6677970597999999
 40
0.7449054481000001
 40
0.8144661907999999
 40
0.8747982584999999
 40
0.9250419586999999
 40
0.9465160801999999
 40
0.9658305101999999
 40
0.983441312
 40
1.0
 40
1.0
 40
1.0
 40
1.0
 10
214.8445016028
 20
231.8765980356
 30
0.0
 10
214.8247848197
 20
231.8765944778
 30
0.0
 10
214.7839347674
 20
231.8711996622
 30
0.0
 10
214.7240399287
 20
231.8480428074
 30
0.0
 10
214.6651024941
 20
231.8102675265
 30
0.0
 10
214.5842391784
 20
231.7373339852
 30
0.0
 10
214.4902066127
 20
231.6093198906
 30
0.0
 10
214.3945471191
 20
231.4164328653
 30
0.0
 10
214.3145033635
 20
231.1825555803
 30
0.0
 10
214.254078562
 20
230.9160876744
 30
0.0
 10
214.216450753
 20
230.6268268254
 30
0.0
 10
214.2037075359
 20
230.325880623
 30
0.0
 10
214.2165677769
 20
230.0249590896
 30
0.0
 10
214.2543093338
 20
229.735787104
 30
0.0
 10
214.3148247379
 20
229.4694910218
 30
0.0
 10
214.394918808
 20
229.2358776698
 30
0.0
 10
214.4905538649
 20
229.0432968557
 30
0.0
 10
214.5845312105
 20
228.9155466604
 30
0.0
 10
214.66530671
 20
228.8427867985
 30
0.0
 10
214.7241595116
 20
228.8050899208
 30
0.0
 10
214.7839806185
 20
228.7819615184
 30
0.0
 10
214.824794687
 20
228.7765991501
 30
0.0
 10
214.8445016028
 20
228.7765980356
 30
0.0
  0
SPLINE
  5
4CA
330
22A
100
AcDbEntity
  8
0
  6
Continuous
100
AcDbSpline
210
0.0
220
0.0
230
1.0
 70
     8
 71
     3
 72
    11
 73
     7
 74
     0
 42
0.000000001
 43
0.0000001
 40
0.0
 40
0.0
 40
0.0
 40
0.0
 40
0.2554363689
 40
0.5077322796
 40
0.7554912747
 40
1.0
 40
1.0
 40
1.0
 40
1.0
 10
215.7054488601
 20
228.7765980356
 30
0.0
 10
215.7054488601
 20
228.7507281938
 30
0.0
 10
215.6957544425
 20
228.6987845723
 30
0.0
 10
215.6539690004
 20
228.6325135265
 30
0.0
 10
215.590994343
 20
228.5875775324
 30
0.0
 10
215.5406306851
 20
228.5767594747
 30
0.0
 10
215.5158680659
 20
228.5766016428
 30
0.0
  0
SPLINE
  5
4CB
330
22A
100
AcDbEntity
  8
0
  6
Continuous
100
AcDbSpline
210
0.0
220
0.0
230
1.0
 70
     8
 71
     3
 72
    10
 73
     6
 74
     0
 42
0.000000001
 43
0.0000001
 40
0.0
 40
0.0
 40
0.0
 40
0.0
 40
0.3764729232
 40
0.6522811824
 40
1.0
 40
1.0
 40
1.0
 40
1.0
 10
192.292876929
 20
231.2915980599
 30
0.0
 10
192.2962553066
 20
231.2915980874
 30
0.0
 10
192.3016862458
 20
231.2876442973
 30
0.0
 10
192.3065942681
 20
231.2803120769
 30
0.0
 10
192.3091220643
 20
231.2752554883
 30
0.0
 10
192.3103761234
 20
231.2723982362
 30
0.0
  0
SPLINE
  5
4CC
330
22A
100
AcDbEntity
  8
0
  6
Continuous
100
AcDbSpline
210
0.0
220
0.0
230
1.0
 70
     8
 71
     3
 72
    10
 73
     6
 74
     0
 42
0.000000001
 43
0.0000001
 40
0.0
 40
0.0
 40
0.0
 40
0.0
 40
0.3764072593
 40
0.6522136596000001
 40
1.0
 40
1.0
 40
1.0
 40
1.0
 10
188.2928806079
 20
231.2916001093
 30
0.0
 10
188.2962582482
 20
231.2915985654
 30
0.0
 10
188.3016893063
 20
231.2876491526
 30
0.0
 10
188.3065964176
 20
231.2803156001
 30
0.0
 10
188.3091227477
 20
231.2752581791
 30
0.0
 10
188.3103769563
 20
231.27240048
 30
0.0
  0
SPLINE
  5
4CD
330
22A
100
AcDbEntity
  8
0
  6
Continuous
100
AcDbSpline
210
0.0
220
0.0
230
1.0
 70
     8
 71
     3
 72
    10
 73
     6
 74
     0
 42
0.000000001
 43
0.0000001
 40
0.0
 40
0.0
 40
0.0
 40
0.0
 40
0.3764076654
 40
0.6522461299
 40
1.0
 40
1.0
 40
1.0
 40
1.0
 10
190.29288058
 20
231.2916000016
 30
0.0
 10
190.2962582158
 20
231.2915984595
 30
0.0
 10
190.3016897968
 20
231.2876490201
 30
0.0
 10
190.3065956397
 20
231.2803146518
 30
0.0
 10
190.3091228678
 20
231.2752577612
 30
0.0
 10
190.3103769583
 20
231.2724003367
 30
0.0
  0
SPLINE
  5
4CE
330
22A
100
AcDbEntity
  8
0
  6
Continuous
100
AcDbSpline
210
0.0
220
0.0
230
1.0
 70
     8
 71
     3
 72
    10
 73
     6
 74
     0
 42
0.000000001
 43
0.0000001
 40
0.0
 40
0.0
 40
0.0
 40
0.0
 40
0.3477310513
 40
0.6235555429000002
 40
1.0
 40
1.0
 40
1.0
 40
1.0
 10
192.0103756595
 20
231.2724016024
 30
0.0
 10
192.0116295717
 20
231.2752586064
 30
0.0
 10
192.0141568007
 20
231.2803147383
 30
0.0
 10
192.0190631241
 20
231.2876475344
 30
0.0
 10
192.0244935052
 20
231.2915984607
 30
0.0
 10
192.0278711982
 20
231.2916000017
 30
0.0
  0
SPLINE
  5
4CF
330
22A
100
AcDbEntity
  8
0
  6
Continuous
100
AcDbSpline
210
0.0
220
0.0
230
1.0
 70
     8
 71
     3
 72
    10
 73
     6
 74
     0
 42
0.000000001
 43
0.0000001
 40
0.0
 40
0.0
 40
0.0
 40
0.0
 40
0.1885052389
 40
0.5323727804999999
 40
1.0
 40
1.0
 40
1.0
 40
1.0
 10
190.7963781554
 20
231.2916004692
 30
0.0
 10
190.7975877741
 20
231.2916002576
 30
0.0
 10
190.8010252646
 20
231.2907893333
 30
0.0
 10
190.8060463238
 20
231.2864676762
 30
0.0
 10
190.8089026777999
 20
231.28209097
 30
0.0
 10
190.810376958
 20
231.2794773915
 30
0.0
  0
SPLINE
  5
4D0
330
22A
100
AcDbEntity
  8
0
  6
Continuous
100
AcDbSpline
210
0.0
220
0.0
230
1.0
 70
     8
 71
     3
 72
    10
 73
     6
 74
     0
 42
0.000000001
 43
0.0000001
 40
0.0
 40
0.0
 40
0.0
 40
0.0
 40
0.1885051538
 40
0.5323726325
 40
1.0
 40
1.0
 40
1.0
 40
1.0
 10
191.2963768284
 20
231.2916004674
 30
0.0
 10
191.2975864479
 20
231.2916002563
 30
0.0
 10
191.3010239422
 20
231.2907893339
 30
0.0
 10
191.3060450056
 20
231.2864676685
 30
0.0
 10
191.3089013615
 20
231.2820909561
 30
0.0
 10
191.3103756418
 20
231.2794773726
 30
0.0
  0
SPLINE
  5
4D1
330
22A
100
AcDbEntity
  8
0
  6
Continuous
100
AcDbSpline
210
0.0
220
0.0
230
1.0
 70
     8
 71
     3
 72
    10
 73
     6
 74
     0
 42
0.000000001
 43
0.0000001
 40
0.0
 40
0.0
 40
0.0
 40
0.0
 40
0.3477162764
 40
0.6235218348
 40
1.0
 40
1.0
 40
1.0
 40
1.0
 10
188.3103765209
 20
230.6107982433
 30
0.0
 10
188.3091224609
 20
230.6079409884
 30
0.0
 10
188.3065945758
 20
230.6028844365
 30
0.0
 10
188.3016863238
 20
230.5955522902
 30
0.0
 10
188.2962553617
 20
230.5915984492
 30
0.0
 10
188.2928769092
 20
230.5915984492
 30
0.0
  0
SPLINE
  5
4D2
330
22A
100
AcDbEntity
  8
0
  6
Continuous
100
AcDbSpline
210
0.0
220
0.0
230
1.0
 70
     8
 71
     3
 72
    10
 73
     6
 74
     0
 42
0.000000001
 43
0.0000001
 40
0.0
 40
0.0
 40
0.0
 40
0.0
 40
0.3764075761
 40
0.6522460483
 40
1.0
 40
1.0
 40
1.0
 40
1.0
 10
191.7928792628
 20
231.2915999981
 30
0.0
 10
191.7962568993999
 20
231.2915984571
 30
0.0
 10
191.8016884807
 20
231.2876490106
 30
0.0
 10
191.8065943232
 20
231.280314638
 30
0.0
 10
191.8091215511999
 20
231.2752577431
 30
0.0
 10
191.8103756411
 20
231.2724003158
 30
0.0
  0
SPLINE
  5
4D3
330
22A
100
AcDbEntity
  8
0
  6
Continuous
100
AcDbSpline
210
0.0
220
0.0
230
1.0
 70
     8
 71
     3
 72
     9
 73
     5
 74
     0
 42
0.000000001
 43
0.0000001
 40
0.0
 40
0.0
 40
0.0
 40
0.0
 40
0.3335580155
 40
1.0
 40
1.0
 40
1.0
 40
1.0
 10
191.5103756598
 20
231.2794779081
 30
0.0
 10
191.5114073947
 20
231.2813069463
 30
0.0
 10
191.5146103973
 20
231.2865004619
 30
0.0
 10
191.5201784421
 20
231.2915997369
 30
0.0
 10
191.5243741307
 20
231.2916004692
 30
0.0
  0
SPLINE
  5
4D4
330
22A
100
AcDbEntity
  8
0
  6
Continuous
100
AcDbSpline
210
0.0
220
0.0
230
1.0
 70
     8
 71
     3
 72
    10
 73
     6
 74
     0
 42
0.000000001
 43
0.0000001
 40
0.0
 40
0.0
 40
0.0
 40
0.0
 40
0.3764415785000001
 40
0.6522610353000001
 40
1.0
 40
1.0
 40
1.0
 40
1.0
 10
188.5278770544
 20
230.5915984217
 30
0.0
 10
188.5244986503
 20
230.5915984217
 30
0.0
 10
188.5190664673
 20
230.5955507678
 30
0.0
 10
188.5141586756
 20
230.6028844979
 30
0.0
 10
188.5116307802
 20
230.6079418137
 30
0.0
 10
188.510376538
 20
230.6107994934
 30
0.0
  0
SPLINE
  5
4D5
330
22A
100
AcDbEntity
  8
0
  6
Continuous
100
AcDbSpline
210
0.0
220
0.0
230
1.0
 70
     8
 71
     3
 72
     9
 73
     5
 74
     0
 42
0.000000001
 43
0.0000001
 40
0.0
 40
0.0
 40
0.0
 40
0.0
 40
0.3335581336
 40
1.0
 40
1.0
 40
1.0
 40
1.0
 10
191.010376976
 20
231.2794778893
 30
0.0
 10
191.0114087107
 20
231.2813069303
 30
0.0
 10
191.0146117131
 20
231.2865004516
 30
0.0
 10
191.0201797596
 20
231.2915997334
 30
0.0
 10
191.0243754506
 20
231.2916004675
 30
0.0
  0
SPLINE
  5
4D6
330
22A
100
AcDbEntity
  8
0
  6
Continuous
100
AcDbSpline
210
0.0
220
0.0
230
1.0
 70
     8
 71
     3
 72
    10
 73
     6
 74
     0
 42
0.000000001
 43
0.0000001
 40
0.0
 40
0.0
 40
0.0
 40
0.0
 40
0.376406268
 40
0.6522451978000002
 40
1.0
 40
1.0
 40
1.0
 40
1.0
 10
193.7928792713
 20
231.2916001301
 30
0.0
 10
193.7962569012
 20
231.2915985874
 30
0.0
 10
193.8016885314
 20
231.2876492306
 30
0.0
 10
193.806594356
 20
231.2803148102
 30
0.0
 10
193.809121589
 20
231.2752579006
 30
0.0
 10
193.8103756819
 20
231.2724004612
 30
0.0
  0
SPLINE
  5
4D7
330
22A
100
AcDbEntity
  8
0
  6
Continuous
100
AcDbSpline
210
0.0
220
0.0
230
1.0
 70
     8
 71
     3
 72
    10
 73
     6
 74
     0
 42
0.000000001
 43
0.0000001
 40
0.0
 40
0.0
 40
0.0
 40
0.0
 40
0.3763970766
 40
0.6521921044
 40
1.0
 40
1.0
 40
1.0
 40
1.0
 10
190.5278784197
 20
230.5915976706
 30
0.0
 10
190.5245001374
 20
230.5915981835
 30
0.0
 10
190.5190669172
 20
230.5955472179
 30
0.0
 10
190.5141580388
 20
230.6028819301
 30
0.0
 10
190.5116311197
 20
230.6079405536
 30
0.0
 10
190.5103765603
 20
230.6107990498
 30
0.0
  0
SPLINE
  5
4D8
330
22A
100
AcDbEntity
  8
0
  6
Continuous
100
AcDbSpline
210
0.0
220
0.0
230
1.0
 70
     8
 71
     3
 72
    10
 73
     6
 74
     0
 42
0.000000001
 43
0.0000001
 40
0.0
 40
0.0
 40
0.0
 40
0.0
 40
0.3477870337
 40
0.6235773475000001
 40
1.0
 40
1.0
 40
1.0
 40
1.0
 10
190.3103765414
 20
230.6107987517
 30
0.0
 10
190.3091222165
 20
230.6079407883
 30
0.0
 10
190.3065957639
 20
230.6028828441
 30
0.0
 10
190.3016873791
 20
230.595549738
 30
0.0
 10
190.2962561498
 20
230.5915981928
 30
0.0
 10
190.2928780654
 20
230.59159768
 30
0.0
  0
SPLINE
  5
4D9
330
22A
100
AcDbEntity
  8
0
  6
Continuous
100
AcDbSpline
210
0.0
220
0.0
230
1.0
 70
     8
 71
     3
 72
    10
 73
     6
 74
     0
 42
0.000000001
 43
0.0000001
 40
0.0
 40
0.0
 40
0.0
 40
0.0
 40
0.3477311007
 40
0.6235555987
 40
1.0
 40
1.0
 40
1.0
 40
1.0
 10
190.5103769766999
 20
231.2724015815
 30
0.0
 10
190.511630888
 20
231.2752585874
 30
0.0
 10
190.5141581161
 20
231.2803147225
 30
0.0
 10
190.5190644379
 20
231.2876475216
 30
0.0
 10
190.5244948161
 20
231.2915984559
 30
0.0
 10
190.5278725097
 20
231.2915999981
 30
0.0
  0
SPLINE
  5
4DA
330
22A
100
AcDbEntity
  8
0
  6
Continuous
100
AcDbSpline
210
0.0
220
0.0
230
1.0
 70
     8
 71
     3
 72
    10
 73
     6
 74
     0
 42
0.000000001
 43
0.0000001
 40
0.0
 40
0.0
 40
0.0
 40
0.0
 40
0.1885170967
 40
0.5323686704
 40
1.0
 40
1.0
 40
1.0
 40
1.0
 10
191.0243766015
 20
230.5915976673
 30
0.0
 10
191.023166821
 20
230.591597884
 30
0.0
 10
191.0197294933
 20
230.5924104128
 30
0.0
 10
191.0147072261
 20
230.5967304989
 30
0.0
 10
191.0118509581
 20
230.6011080452
 30
0.0
 10
191.0103765611
 20
230.6037218324
 30
0.0
  0
SPLINE
  5
4DB
330
22A
100
AcDbEntity
  8
0
  6
Continuous
100
AcDbSpline
210
0.0
220
0.0
230
1.0
 70
     8
 71
     3
 72
     9
 73
     5
 74
     0
 42
0.000000001
 43
0.0000001
 40
0.0
 40
0.0
 40
0.0
 40
0.0
 40
0.3335802258
 40
1.0
 40
1.0
 40
1.0
 40
1.0
 10
190.8103767153
 20
230.6037221992
 30
0.0
 10
190.8093447627999
 20
230.601892755
 30
0.0
 10
190.8061419767
 20
230.596697965
 30
0.0
 10
190.8005726049
 20
230.5915984238
 30
0.0
 10
190.7963764154
 20
230.5915976722
 30
0.0
  0
SPLINE
  5
4DC
330
22A
100
AcDbEntity
  8
0
  6
Continuous
100
AcDbSpline
210
0.0
220
0.0
230
1.0
 70
     8
 71
     3
 72
    10
 73
     6
 74
     0
 42
0.000000001
 43
0.0000001
 40
0.0
 40
0.0
 40
0.0
 40
0.0
 40
0.1885170145
 40
0.5323685335000002
 40
1.0
 40
1.0
 40
1.0
 40
1.0
 10
191.5243761214
 20
230.5915976692
 30
0.0
 10
191.5231663405
 20
230.5915978855
 30
0.0
 10
191.5197290108
 20
230.5924104151
 30
0.0
 10
191.514706742
 20
230.5967305073
 30
0.0
 10
191.5118504727999
 20
230.6011080584
 30
0.0
 10
191.5103760768
 20
230.6037218498
 30
0.0
  0
SPLINE
  5
4DD
330
22A
100
AcDbEntity
  8
0
  6
Continuous
100
AcDbSpline
210
0.0
220
0.0
230
1.0
 70
     8
 71
     3
 72
     9
 73
     5
 74
     0
 42
0.000000001
 43
0.0000001
 40
0.0
 40
0.0
 40
0.0
 40
0.0
 40
0.3335801127
 40
1.0
 40
1.0
 40
1.0
 40
1.0
 10
191.3103762327
 20
230.6037221856
 30
0.0
 10
191.3093442791
 20
230.6018927434
 30
0.0
 10
191.3061414918999
 20
230.5966979557
 30
0.0
 10
191.3005721189
 20
230.5915984192
 30
0.0
 10
191.2963759297
 20
230.5915976688
 30
0.0
  0
SPLINE
  5
4DE
330
22A
100
AcDbEntity
  8
0
  6
Continuous
100
AcDbSpline
210
0.0
220
0.0
230
1.0
 70
     8
 71
     3
 72
    10
 73
     6
 74
     0
 42
0.000000001
 43
0.0000001
 40
0.0
 40
0.0
 40
0.0
 40
0.0
 40
0.3477321012
 40
0.6235569525
 40
1.0
 40
1.0
 40
1.0
 40
1.0
 10
188.5103769359
 20
231.2724017402
 30
0.0
 10
188.5116308518
 20
231.2752587616
 30
0.0
 10
188.5141580893
 20
231.2803149135
 30
0.0
 10
188.5190644047
 20
231.2876477658
 30
0.0
 10
188.524494847
 20
231.2915985862
 30
0.0
 10
188.527872536
 20
231.2916001302
 30
0.0
  0
SPLINE
  5
4DF
330
22A
100
AcDbEntity
  8
0
  6
Continuous
100
AcDbSpline
210
0.0
220
0.0
230
1.0
 70
     8
 71
     3
 72
    10
 73
     6
 74
     0
 42
0.000000001
 43
0.0000001
 40
0.0
 40
0.0
 40
0.0
 40
0.0
 40
0.3764430938
 40
0.6522680014
 40
1.0
 40
1.0
 40
1.0
 40
1.0
 10
194.0278712024
 20
231.2916001094
 30
0.0
 10
194.0244935223
 20
231.2915985666
 30
0.0
 10
194.0190631011
 20
231.2876477403
 30
0.0
 10
194.0141568027
 20
231.2803149091
 30
0.0
 10
194.011629575
 20
231.2752587697
 30
0.0
 10
194.0103756615
 20
231.2724017577
 30
0.0
  0
SPLINE
  5
4E0
330
22A
100
AcDbEntity
  8
0
  6
Continuous
100
AcDbSpline
210
0.0
220
0.0
230
1.0
 70
     8
 71
     3
 72
    10
 73
     6
 74
     0
 42
0.000000001
 43
0.0000001
 40
0.0
 40
0.0
 40
0.0
 40
0.0
 40
0.3763969872
 40
0.6521919990000002
 40
1.0
 40
1.0
 40
1.0
 40
1.0
 10
192.0278779404
 20
230.5915976725
 30
0.0
 10
192.0244996567
 20
230.5915981846
 30
0.0
 10
192.0190664348
 20
230.595547224
 30
0.0
 10
192.0141575549
 20
230.6028819413
 30
0.0
 10
192.0116306351
 20
230.6079405697
 30
0.0
 10
192.0103760763
 20
230.6107990694
 30
0.0
  0
SPLINE
  5
4E1
330
22A
100
AcDbEntity
  8
0
  6
Continuous
100
AcDbSpline
210
0.0
220
0.0
230
1.0
 70
     8
 71
     3
 72
    10
 73
     6
 74
     0
 42
0.000000001
 43
0.0000001
 40
0.0
 40
0.0
 40
0.0
 40
0.0
 40
0.3477869461
 40
0.6235772631000001
 40
1.0
 40
1.0
 40
1.0
 40
1.0
 10
191.8103760576
 20
230.6107987325
 30
0.0
 10
191.8091217317
 20
230.607940772
 30
0.0
 10
191.8065952794
 20
230.6028828314
 30
0.0
 10
191.8016868945
 20
230.5955497299
 30
0.0
 10
191.7962556653
 20
230.5915981885
 30
0.0
 10
191.7928775817
 20
230.5915976765
 30
0.0
  0
SPLINE
  5
4E2
330
22A
100
AcDbEntity
  8
0
  6
Continuous
100
AcDbSpline
210
0.0
220
0.0
230
1.0
 70
     8
 71
     3
 72
    10
 73
     6
 74
     0
 42
0.000000001
 43
0.0000001
 40
0.0
 40
0.0
 40
0.0
 40
0.0
 40
0.3478080093
 40
0.623595385
 40
1.0
 40
1.0
 40
1.0
 40
1.0
 10
190.0103764944
 20
231.2723966593
 30
0.0
 10
190.0116311373
 20
231.2752552594
 30
0.0
 10
190.0141582075
 20
231.2803140495
 30
0.0
 10
190.0190677838
 20
231.2876485509
 30
0.0
 10
190.0245013537
 20
231.2915980874
 30
0.0
 10
190.0278798418
 20
231.2915980599
 30
0.0
  0
SPLINE
  5
4E3
330
22A
100
AcDbEntity
  8
0
  6
Continuous
100
AcDbSpline
210
0.0
220
0.0
230
1.0
 70
     8
 71
     3
 72
    10
 73
     6
 74
     0
 42
0.000000001
 43
0.0000001
 40
0.0
 40
0.0
 40
0.0
 40
0.0
 40
0.3764729233
 40
0.6522811825
 40
1.0
 40
1.0
 40
1.0
 40
1.0
 10
189.7928773
 20
231.2915980599
 30
0.0
 10
189.7962556776
 20
231.2915980874
 30
0.0
 10
189.8016866168
 20
231.2876442973
 30
0.0
 10
189.8065946392
 20
231.280312077
 30
0.0
 10
189.8091224353
 20
231.2752554883
 30
0.0
 10
189.8103764944
 20
231.2723982363
 30
0.0
  0
SPLINE
  5
4E4
330
22A
100
AcDbEntity
  8
0
  6
Continuous
100
AcDbSpline
210
0.0
220
0.0
230
1.0
 70
     8
 71
     3
 72
    10
 73
     6
 74
     0
 42
0.000000001
 43
0.0000001
 40
0.0
 40
0.0
 40
0.0
 40
0.0
 40
0.3478080093
 40
0.623595385
 40
1.0
 40
1.0
 40
1.0
 40
1.0
 10
192.5103761234
 20
231.2723966593
 30
0.0
 10
192.5116307663
 20
231.2752552594
 30
0.0
 10
192.5141578365
 20
231.2803140495
 30
0.0
 10
192.5190674128
 20
231.2876485509
 30
0.0
 10
192.5245009826
 20
231.2915980874
 30
0.0
 10
192.5278794708
 20
231.2915980599
 30
0.0
  0
SPLINE
  5
4E5
330
22A
100
AcDbEntity
  8
0
  6
Continuous
100
AcDbSpline
210
0.0
220
0.0
230
1.0
 70
     8
 71
     3
 72
    10
 73
     6
 74
     0
 42
0.000000001
 43
0.0000001
 40
0.0
 40
0.0
 40
0.0
 40
0.0
 40
0.347716191
 40
0.6235217567
 40
1.0
 40
1.0
 40
1.0
 40
1.0
 10
193.8103760797
 20
230.6107982238
 30
0.0
 10
193.8091220187
 20
230.6079409715
 30
0.0
 10
193.8065941336
 20
230.6028844234
 30
0.0
 10
193.8016858814
 20
230.5955522808
 30
0.0
 10
193.7962549188
 20
230.5915984457
 30
0.0
 10
193.792876467
 20
230.5915984457
 30
0.0
  0
SPLINE
  5
4E6
330
22A
100
AcDbEntity
  8
0
  6
Continuous
100
AcDbSpline
210
0.0
220
0.0
230
1.0
 70
     8
 71
     3
 72
    10
 73
     6
 74
     0
 42
0.000000001
 43
0.0000001
 40
0.0
 40
0.0
 40
0.0
 40
0.0
 40
0.3764415229
 40
0.6522609629
 40
1.0
 40
1.0
 40
1.0
 40
1.0
 10
194.0278766137
 20
230.5915984236
 30
0.0
 10
194.0244982085
 20
230.5915984236
 30
0.0
 10
194.0190660262
 20
230.5955507768
 30
0.0
 10
194.0141582338
 20
230.6028845104
 30
0.0
 10
194.0116303382
 20
230.60794183
 30
0.0
 10
194.0103760969
 20
230.6107995125
 30
0.0
  0
SPLINE
  5
4E7
330
22A
100
AcDbEntity
  8
0
  6
Continuous
100
AcDbSpline
210
0.0
220
0.0
230
1.0
 70
     8
 71
     3
 72
    31
 73
    27
 74
     0
 42
0.000000001
 43
0.0000001
 40
0.0
 40
0.0
 40
0.0
 40
0.0
 40
0.0359750838
 40
0.0707713519
 40
0.1384918564
 40
0.2047105033
 40
0.2699312792000001
 40
0.3982096274
 40
0.4614692977000001
 40
0.5242035742
 40
0.5864257028000001
 40
0.6481267553
 40
0.7092731321
 40
0.7697973257
 40
0.7997911489
 40
0.8295762487999999
 40
0.8591188475999999
 40
0.8883689505999999
 40
0.9172474309
 40
0.9315087043
 40
0.9456176169
 40
0.959534099
 40
0.9731951795999997
 40
0.9865019305
 40
0.9930282576999999
 40
1.0
 40
1.0
 40
1.0
 40
1.0
 10
212.6503763089
 20
237.2765980356
 30
0.0
 10
212.6813432521
 20
237.2765980356
 30
0.0
 10
212.7422617923
 20
237.2747129341
 30
0.0
 10
212.8612341878
 20
237.2670305223
 30
0.0
 10
213.0058244654
 20
237.2528816901
 30
0.0
 10
213.17596116
 20
237.2317448642
 30
0.0
 10
213.3972507503
 20
237.1998749511
 30
0.0
 10
213.6152538858
 20
237.1633076566
 30
0.0
 10
213.8303951997
 20
237.1230363181
 30
0.0
 10
213.9892693605
 20
237.0912702086
 30
0.0
 10
214.1464260893
 20
237.0578222498
 30
0.0
 10
214.3018014157
 20
237.0226307173
 30
0.0
 10
214.4552342755
 20
236.9855502779
 30
0.0
 10
214.5816094002
 20
236.9527607503
 30
0.0
 10
214.6814220033
 20
236.9251632071
 30
0.0
 10
214.7552709699
 20
236.9037555318
 30
0.0
 10
214.8281820898
 20
236.881437698
 30
0.0
 10
214.8999203902
 20
236.8579949777
 30
0.0
 10
214.9586577067
 20
236.8371608545
 30
0.0
 10
215.0046222788
 20
236.8193782177
 30
0.0
 10
215.0382355699
 20
236.8054133086
 30
0.0
 10
215.0709160963
 20
236.790518928
 30
0.0
 10
215.102110729
 20
236.7743504107
 30
0.0
 10
215.1266871123
 20
236.7586972178
 30
0.0
 10
215.1436564503
 20
236.7435068776
 30
0.0
 10
215.1503763089
 20
236.7325992321
 30
0.0
 10
215.1503763089
 20
236.7265980356
 30
0.0
  0
SPLINE
  5
4E8
330
22A
100
AcDbEntity
  8
0
  6
Continuous
100
AcDbSpline
210
0.0
220
0.0
230
1.0
 70
     8
 71
     3
 72
    31
 73
    27
 74
     0
 42
0.000000001
 43
0.0000001
 40
0.0
 40
0.0
 40
0.0
 40
0.0
 40
0.0359750838
 40
0.0707713519
 40
0.1384918564
 40
0.2047105033
 40
0.2699312792000001
 40
0.3982096274
 40
0.4614692977000001
 40
0.5242035742
 40
0.5864257028000001
 40
0.6481267553
 40
0.7092731321
 40
0.7697973257
 40
0.7997911489
 40
0.8295762487999999
 40
0.8591188475999999
 40
0.8883689505999999
 40
0.9172474309
 40
0.9315087043
 40
0.9456176169
 40
0.959534099
 40
0.9731951795999997
 40
0.9865019305
 40
0.9930282576999999
 40
1.0
 40
1.0
 40
1.0
 40
1.0
 10
169.6503763089
 20
237.2765980356
 30
0.0
 10
169.6194093657
 20
237.2765980356
 30
0.0
 10
169.5584908255
 20
237.2747129341
 30
0.0
 10
169.43951843
 20
237.2670305223
 30
0.0
 10
169.2949281524
 20
237.2528816901
 30
0.0
 10
169.1247914578
 20
237.2317448642
 30
0.0
 10
168.9035018675
 20
237.1998749511
 30
0.0
 10
168.685498732
 20
237.1633076566
 30
0.0
 10
168.4703574181
 20
237.1230363181
 30
0.0
 10
168.3114832573
 20
237.0912702086
 30
0.0
 10
168.1543265285
 20
237.0578222498
 30
0.0
 10
167.9989512021
 20
237.0226307173
 30
0.0
 10
167.8455183423
 20
236.9855502779
 30
0.0
 10
167.7191432176
 20
236.9527607503
 30
0.0
 10
167.6193306145
 20
236.9251632071
 30
0.0
 10
167.5454816479
 20
236.9037555318
 30
0.0
 10
167.472570528
 20
236.881437698
 30
0.0
 10
167.4008322276
 20
236.8579949777
 30
0.0
 10
167.3420949111
 20
236.8371608545
 30
0.0
 10
167.296130339
 20
236.8193782177
 30
0.0
 10
167.2625170479
 20
236.8054133086
 30
0.0
 10
167.2298365215
 20
236.790518928
 30
0.0
 10
167.1986418888
 20
236.7743504107
 30
0.0
 10
167.1740655055
 20
236.7586972178
 30
0.0
 10
167.1570961675
 20
236.7435068776
 30
0.0
 10
167.1503763089
 20
236.7325992321
 30
0.0
 10
167.1503763089
 20
236.7265980356
 30
0.0
  0
SPLINE
  5
4E9
330
22A
100
AcDbEntity
  8
0
  6
Continuous
100
AcDbSpline
210
0.0
220
0.0
230
1.0
 70
     8
 71
     3
 72
    13
 73
     9
 74
     0
 42
0.000000001
 43
0.0000001
 40
0.0
 40
0.0
 40
0.0
 40
0.0
 40
0.104409719
 40
0.2127331427
 40
0.3274808684
 40
0.4498768362
 40
0.7155458368000001
 40
1.0
 40
1.0
 40
1.0
 40
1.0
 10
208.5863013828
 20
229.5265984028
 30
0.0
 10
208.5579087142
 20
229.5265983421
 30
0.0
 10
208.499781514
 20
229.5347048127
 30
0.0
 10
208.4170513963
 20
229.570010978
 30
0.0
 10
208.3411089277
 20
229.6266628056
 30
0.0
 10
208.2503598888
 20
229.730039964
 30
0.0
 10
208.1708324866
 20
229.8988079639
 30
0.0
 10
208.1497152016
 20
230.0492449611
 30
0.0
 10
208.1497152016
 20
230.1265980356
 30
0.0
  0
SPLINE
  5
4EA
330
22A
100
AcDbEntity
  8
0
  6
Continuous
100
AcDbSpline
210
0.0
220
0.0
230
1.0
 70
     8
 71
     3
 72
    15
 73
    11
 74
     0
 42
0.000000001
 43
0.0000001
 40
0.0
 40
0.0
 40
0.0
 40
0.0
 40
0.1192541038
 40
0.2396436264
 40
0.3617812795000001
 40
0.4859880493000002
 40
0.6122783138
 40
0.7403898619
 40
0.8698395706000001
 40
1.0
 40
1.0
 40
1.0
 40
1.0
 10
201.3594660501
 20
229.8765980356
 30
0.0
 10
201.3145921183
 20
229.876598036
 30
0.0
 10
201.2241270705
 20
229.886388827
 30
0.0
 10
201.0940315023
 20
229.9296299095
 30
0.0
 10
200.974002491
 20
229.9996767952
 30
0.0
 10
200.8687791195
 20
230.0937323685
 30
0.0
 10
200.7823962672
 20
230.208118578
 30
0.0
 10
200.7181920697
 20
230.3384530721
 30
0.0
 10
200.6786440821
 20
230.4796978412
 30
0.0
 10
200.6697483821
 20
230.5776201804
 30
0.0
 10
200.6697483821
 20
230.6265980356
 30
0.0
  0
SPLINE
  5
4EB
330
22A
100
AcDbEntity
  8
0
  6
Continuous
100
AcDbSpline
210
0.0
220
0.0
230
1.0
 70
     8
 71
     3
 72
    11
 73
     7
 74
     0
 42
0.000000001
 43
0.0000001
 40
0.0
 40
0.0
 40
0.0
 40
0.0
 40
0.2427167701
 40
0.4910531313
 40
0.7441639642000001
 40
1.0
 40
1.0
 40
1.0
 40
1.0
 10
200.9716068371
 20
230.0073267441
 30
0.0
 10
201.0174264178
 20
230.0418732315
 30
0.0
 10
201.1015035185
 20
230.1239403477
 30
0.0
 10
201.1953469972
 20
230.27457746
 30
0.0
 10
201.253727928
 20
230.4453679706
 30
0.0
 10
201.2668934273
 20
230.5661126028
 30
0.0
 10
201.2668934273
 20
230.6265980356
 30
0.0
  0
SPLINE
  5
4EC
330
22A
100
AcDbEntity
  8
0
  6
Continuous
100
AcDbSpline
210
0.0
220
0.0
230
1.0
 70
     8
 71
     3
 72
    19
 73
    15
 74
     0
 42
0.000000001
 43
0.0000001
 40
0.0
 40
0.0
 40
0.0
 40
0.0
 40
0.0076170566
 40
0.0143016864
 40
0.0231670245
 40
0.0476023063
 40
0.0809574507
 40
0.1230010182
 40
0.1733751021
 40
0.2972096367
 40
0.4478744864000002
 40
0.6196885915000001
 40
0.8061112262000001
 40
1.0
 40
1.0
 40
1.0
 40
1.0
 10
166.0952371519
 20
231.2265976716
 30
0.0
 10
166.0967718869
 20
231.2265977081
 30
0.0
 10
166.098972451
 20
231.2238056709
 30
0.0
 10
166.1008757568
 20
231.2197885337
 30
0.0
 10
166.1036443797
 20
231.2120949995
 30
0.0
 10
166.1067940029
 20
231.199093918
 30
0.0
 10
166.1104646518
 20
231.1792796658
 30
0.0
 10
166.1140979604
 20
231.1542067215
 30
0.0
 10
166.1192415497
 20
231.1109311823
 30
0.0
 10
166.1249822344
 20
231.0457155974
 30
0.0
 10
166.130638245
 20
230.9559606087
 30
0.0
 10
166.1349982961
 20
230.8535101224
 30
0.0
 10
166.1377551866
 20
230.7422932909
 30
0.0
 10
166.1383791875
 20
230.6656640316
 30
0.0
 10
166.1383791875
 20
230.6265980356
 30
0.0
  0
SPLINE
  5
4ED
330
22A
100
AcDbEntity
  8
0
  6
Continuous
100
AcDbSpline
210
0.0
220
0.0
230
1.0
 70
     8
 71
     3
 72
    19
 73
    15
 74
     0
 42
0.000000001
 43
0.0000001
 40
0.0
 40
0.0
 40
0.0
 40
0.0
 40
0.017660023
 40
0.0395092844
 40
0.0677006304
 40
0.1030942825
 40
0.1459355697
 40
0.1961623556
 40
0.2535290625
 40
0.3176590942
 40
0.4641805163
 40
0.6308919024000002
 40
0.8117836336999999
 40
1.0
 40
1.0
 40
1.0
 40
1.0
 10
166.4570574115
 20
231.2265977025
 30
0.0
 10
166.4607517191
 20
231.2265977208
 30
0.0
 10
166.4690373434
 20
231.22408035
 30
0.0
 10
166.4798864467
 20
231.2146483033
 30
0.0
 10
166.4904173848
 20
231.2001047867
 30
0.0
 10
166.5007270745999
 20
231.1803117369
 30
0.0
 10
166.5107839343
 20
231.1553618861
 30
0.0
 10
166.520472882
 20
231.1254002292
 30
0.0
 10
166.529682273
 20
231.0906639805
 30
0.0
 10
166.5417013267
 20
231.0358866044
 30
0.0
 10
166.5543540297
 20
230.9579074882
 30
0.0
 10
166.5654589735
 20
230.8551027111
 30
0.0
 10
166.572399355
 20
230.7431944428
 30
0.0
 10
166.573964854
 20
230.6659710962
 30
0.0
 10
166.573964854
 20
230.6265980356
 30
0.0
  0
SPLINE
  5
4EE
330
22A
100
AcDbEntity
  8
0
  6
Continuous
100
AcDbSpline
210
0.0
220
0.0
230
1.0
 70
     8
 71
     3
 72
    11
 73
     7
 74
     0
 42
0.000000001
 43
0.0000001
 40
0.0
 40
0.0
 40
0.0
 40
0.0
 40
0.2558360118
 40
0.5089468225
 40
0.7572831843000003
 40
1.0
 40
1.0
 40
1.0
 40
1.0
 10
201.2668934273
 20
230.6265980356
 30
0.0
 10
201.2668934273
 20
230.687083043
 30
0.0
 10
201.2537281147
 20
230.8078268206
 30
0.0
 10
201.1953480036
 20
230.9786162526
 30
0.0
 10
201.1015058143
 20
231.1292526951
 30
0.0
 10
201.0174298119
 20
231.2113197496
 30
0.0
 10
200.9716107961
 20
231.2458663427
 30
0.0
  0
SPLINE
  5
4EF
330
22A
100
AcDbEntity
  8
0
  6
Continuous
100
AcDbSpline
210
0.0
220
0.0
230
1.0
 70
     8
 71
     3
 72
    15
 73
    11
 74
     0
 42
0.000000001
 43
0.0000001
 40
0.0
 40
0.0
 40
0.0
 40
0.0
 40
0.1301603898
 40
0.2596100961
 40
0.387721644
 40
0.5140119061
 40
0.6382186771000002
 40
0.7603563413
 40
0.8807458754999998
 40
1.0
 40
1.0
 40
1.0
 40
1.0
 10
200.6697483821
 20
230.6265980356
 30
0.0
 10
200.6697483821
 20
230.6755758758
 30
0.0
 10
200.6786440777
 20
230.7734981989
 30
0.0
 10
200.7181920526
 20
230.914742955
 30
0.0
 10
200.7823962412
 20
231.0450774514
 30
0.0
 10
200.8687790872
 20
231.1594636652
 30
0.0
 10
200.9740024547
 20
231.2535192479
 30
0.0
 10
201.0940314678
 20
231.3235661494
 30
0.0
 10
201.2241270506
 20
231.3668072405
 30
0.0
 10
201.3145921105
 20
231.376598036
 30
0.0
 10
201.3594660501
 20
231.3765980356
 30
0.0
  0
SPLINE
  5
4F0
330
22A
100
AcDbEntity
  8
0
  6
Continuous
100
AcDbSpline
210
0.0
220
0.0
230
1.0
 70
     8
 71
     3
 72
    19
 73
    15
 74
     0
 42
0.000000001
 43
0.0000001
 40
0.0
 40
0.0
 40
0.0
 40
0.0
 40
0.1938894598
 40
0.3803125435
 40
0.5521270868000001
 40
0.7027922389
 40
0.8266268176999997
 40
0.8770007596999999
 40
0.9190439182
 40
0.9523983732999999
 40
0.976833156
 40
0.9856983003999999
 40
0.9923829956999997
 40
1.0
 40
1.0
 40
1.0
 40
1.0
 10
166.1383791875
 20
229.3265980356
 30
0.0
 10
166.1383791875
 20
229.2875319006
 30
0.0
 10
166.137755183
 20
229.2109024112
 30
0.0
 10
166.1349982742
 20
229.0996852612
 30
0.0
 10
166.1306382001
 20
228.9972345338
 30
0.0
 10
166.124982153
 20
228.9074793881
 30
0.0
 10
166.1192414429
 20
228.8422637608
 30
0.0
 10
166.1140978233
 20
228.7989883298
 30
0.0
 10
166.1104645336
 20
228.7739156292
 30
0.0
 10
166.1067938859
 20
228.7541017177
 30
0.0
 10
166.1036443567
 20
228.7411008728
 30
0.0
 10
166.1008757092
 20
228.733407513
 30
0.0
 10
166.0989724798
 20
228.7293903293
 30
0.0
 10
166.0967718765
 20
228.7265984413
 30
0.0
 10
166.0952371519
 20
228.726598399
 30
0.0
  0
SPLINE
  5
4F1
330
22A
100
AcDbEntity
  8
0
  6
Continuous
100
AcDbSpline
210
0.0
220
0.0
230
1.0
 70
     8
 71
     3
 72
    19
 73
    15
 74
     0
 42
0.000000001
 43
0.0000001
 40
0.0
 40
0.0
 40
0.0
 40
0.0
 40
0.1882169122
 40
0.3691089416
 40
0.5358206752
 40
0.6823423526000001
 40
0.7464724389000002
 40
0.8038391558
 40
0.8540658941
 40
0.8969069020999999
 40
0.9323000001999998
 40
0.9604908744999999
 40
0.9823399941999999
 40
1.0
 40
1.0
 40
1.0
 40
1.0
 10
166.573964854
 20
229.3265980356
 30
0.0
 10
166.573964854
 20
229.2872248597
 30
0.0
 10
166.5723993479
 20
229.2100013344
 30
0.0
 10
166.5654589296
 20
229.0980928155
 30
0.0
 10
166.5543539389
 20
228.995287851
 30
0.0
 10
166.5417011697
 20
228.9173086033
 30
0.0
 10
166.5296820512
 20
228.8625311712
 30
0.0
 10
166.5204726209
 20
228.8277949282
 30
0.0
 10
166.5107836331
 20
228.7978333517
 30
0.0
 10
166.500726785
 20
228.772883697
 30
0.0
 10
166.4904171508
 20
228.7530909155
 30
0.0
 10
166.4798863111
 20
228.7385476586
 30
0.0
 10
166.4690373233
 20
228.7291156271
 30
0.0
 10
166.4607517157
 20
228.7265983982
 30
0.0
 10
166.4570574116
 20
228.7265983671
 30
0.0
  0
SPLINE
  5
4F2
330
22A
100
AcDbEntity
  8
0
  6
Continuous
100
AcDbSpline
210
0.0
220
0.0
230
1.0
 70
     8
 71
     3
 72
    13
 73
     9
 74
     0
 42
0.000000001
 43
0.0000001
 40
0.0
 40
0.0
 40
0.0
 40
0.0
 40
0.2844551551
 40
0.5501245997
 40
0.6725211533
 40
0.7872688542000002
 40
0.8955907013999999
 40
1.0
 40
1.0
 40
1.0
 40
1.0
 10
208.1497152016
 20
230.1265980356
 30
0.0
 10
208.1497152016
 20
230.2039513793
 30
0.0
 10
208.1708326099
 20
230.3543887811
 30
0.0
 10
208.2503605194
 20
230.5231571746
 30
0.0
 10
208.3411100162
 20
230.6265343233
 30
0.0
 10
208.4170524931
 20
230.68318566
 30
0.0
 10
208.4997821678
 20
230.7184914636
 30
0.0
 10
208.5579088277
 20
230.7265976058
 30
0.0
 10
208.5863013817
 20
230.7265976681
 30
0.0
  0
SPLINE
  5
4F3
330
22A
100
AcDbEntity
  8
0
  6
Continuous
100
AcDbSpline
210
0.0
220
0.0
230
1.0
 70
     8
 71
     3
 72
    31
 73
    27
 74
     0
 42
0.000000001
 43
0.0000001
 40
0.0
 40
0.0
 40
0.0
 40
0.0
 40
0.0167328272
 40
0.0345789761
 40
0.0541772065
 40
0.0759477673
 40
0.1001229115
 40
0.1267916669
 40
0.1559381939
 40
0.1874698399
 40
0.2570103716
 40
0.3337671678
 40
0.4155818473
 40
0.4999998469
 40
0.5844179276000001
 40
0.6662327988000003
 40
0.7429896068000002
 40
0.8125301418000001
 40
0.8440617926999999
 40
0.8732083231
 40
0.8998770776999997
 40
0.9240522204999999
 40
0.9458227845999999
 40
0.9654210193
 40
0.9832671707999999
 40
1.0
 40
1.0
 40
1.0
 40
1.0
 10
214.2798693533
 20
228.4265980356
 30
0.0
 10
214.2553123989
 20
228.4265980356
 30
0.0
 10
214.2043864213
 20
228.4332519778
 30
0.0
 10
214.1295723941
 20
228.4618489401
 30
0.0
 10
214.0556289447
 20
228.5083795413
 30
0.0
 10
213.9831659124
 20
228.5721336474
 30
0.0
 10
213.9127516181
 20
228.6524475442
 30
0.0
 10
213.8450718196
 20
228.7485911846
 30
0.0
 10
213.7808539545
 20
228.8597057359
 30
0.0
 10
213.6981710607
 20
229.0321707347
 30
0.0
 10
213.6100301452
 20
229.2785952233
 30
0.0
 10
213.5322997064
 20
229.6047814383
 30
0.0
 10
213.4837683785
 20
229.9586172858
 30
0.0
 10
213.4672626956
 20
230.326597479
 30
0.0
 10
213.4837682855
 20
230.6945779592
 30
0.0
 10
213.5322996184
 20
231.048414231
 30
0.0
 10
213.6100301131
 20
231.374600745
 30
0.0
 10
213.6981710302
 20
231.6210252642
 30
0.0
 10
213.7808539254
 20
231.7934902812
 30
0.0
 10
213.8450717924
 20
231.9046048444
 30
0.0
 10
213.9127515883
 20
232.0007484887
 30
0.0
 10
213.9831658789
 20
232.0810623909
 30
0.0
 10
214.055628914
 20
232.1448165073
 30
0.0
 10
214.1295723727
 20
232.1913471219
 30
0.0
 10
214.2043864115
 20
232.2199440912
 30
0.0
 10
214.2553123958
 20
232.2265980356
 30
0.0
 10
214.2798693533
 20
232.2265980356
 30
0.0
  0
SPLINE
  5
4F4
330
22A
100
AcDbEntity
  8
0
  6
Continuous
100
AcDbSpline
210
0.0
220
0.0
230
1.0
 70
     8
 71
     3
 72
    13
 73
     9
 74
     0
 42
0.000000001
 43
0.0000001
 40
0.0
 40
0.0
 40
0.0
 40
0.0
 40
0.1046751778
 40
0.212526795
 40
0.3264746696
 40
0.4481744532
 40
0.7138144611000002
 40
1.0
 40
1.0
 40
1.0
 40
1.0
 10
208.5863013817
 20
230.7265976681
 30
0.0
 10
208.6145688323
 20
230.7265977301
 30
0.0
 10
208.6722561336
 20
230.718583628
 30
0.0
 10
208.7540490959
 20
230.6832539299
 30
0.0
 10
208.8284626442
 20
230.6264921136
 30
0.0
 10
208.9167656378
 20
230.5227668013
 30
0.0
 10
208.9929626787
 20
230.3536549128
 30
0.0
 10
209.012922962
 20
230.2038822184
 30
0.0
 10
209.012922962
 20
230.1265980356
 30
0.0
  0
SPLINE
  5
4F5
330
22A
100
AcDbEntity
  8
0
  6
Continuous
100
AcDbSpline
210
0.0
220
0.0
230
1.0
 70
     8
 71
     3
 72
    19
 73
    15
 74
     0
 42
0.000000001
 43
0.0000001
 40
0.0
 40
0.0
 40
0.0
 40
0.0
 40
0.0074508215
 40
0.0140211256
 40
0.022772341
 40
0.0469976443
 40
0.0801813921
 40
0.1221006975
 40
0.1724010367
 40
0.2962346785999999
 40
0.4470537697000001
 40
0.6191139287
 40
0.8058197381999999
 40
1.0
 40
1.0
 40
1.0
 40
1.0
 10
166.0952371519
 20
228.726598399
 30
0.0
 10
166.0937390561
 20
228.7265983577
 30
0.0
 10
166.0916167297
 20
228.7293984516
 30
0.0
 10
166.0899284843
 20
228.7334107007
 30
0.0
 10
166.0875112768
 20
228.741113833
 30
0.0
 10
166.0849763516
 20
228.7541180941
 30
0.0
 10
166.0821982125
 20
228.7739315336
 30
0.0
 10
166.0796548458
 20
228.7990098933
 30
0.0
 10
166.0762907355
 20
228.8423276808
 30
0.0
 10
166.072963915
 20
228.9075854604
 30
0.0
 10
166.0700350433
 20
228.9973588481
 30
0.0
 10
166.067989808
 20
229.0997998978
 30
0.0
 10
166.066780645
 20
229.2109722919
 30
0.0
 10
166.0665169567
 20
229.2875552762
 30
0.0
 10
166.0665169567
 20
229.3265980356
 30
0.0
  0
SPLINE
  5
4F6
330
22A
100
AcDbEntity
  8
0
  6
Continuous
100
AcDbSpline
210
0.0
220
0.0
230
1.0
 70
     8
 71
     3
 72
    15
 73
    11
 74
     0
 42
0.000000001
 43
0.0000001
 40
0.0
 40
0.0
 40
0.0
 40
0.0
 40
0.1195678052
 40
0.2397491782
 40
0.3613862708
 40
0.4850842772
 40
0.611100271
 40
0.7393009359999999
 40
0.8691895833
 40
1.0
 40
1.0
 40
1.0
 40
1.0
 10
201.3594660501
 20
231.3765980356
 30
0.0
 10
201.4042249832
 20
231.3765980352
 30
0.0
 10
201.4942715445
 20
231.3668762652
 30
0.0
 10
201.6234944754
 20
231.3236415116
 30
0.0
 10
201.7421533581
 20
231.2535236068
 30
0.0
 10
201.8456773504
 20
231.1593621939
 30
0.0
 10
201.9302854961
 20
231.0448970235
 30
0.0
 10
201.9929357792
 20
230.9145552549
 30
0.0
 10
202.0314236745
 20
230.7733781648
 30
0.0
 10
202.0400665686
 20
230.6755655204
 30
0.0
 10
202.0400665686
 20
230.6265980356
 30
0.0
  0
SPLINE
  5
4F7
330
22A
100
AcDbEntity
  8
0
  6
Continuous
100
AcDbSpline
210
0.0
220
0.0
230
1.0
 70
     8
 71
     3
 72
    17
 73
    13
 74
     0
 42
0.000000001
 43
0.0000001
 40
0.0
 40
0.0
 40
0.0
 40
0.0
 40
0.1205205154
 40
0.2418943313
 40
0.3647101385
 40
0.4268446235
 40
0.4894276623
 40
0.6156870834000002
 40
0.7432628476000001
 40
0.8074383062999999
 40
0.8717581412999997
 40
1.0
 40
1.0
 40
1.0
 40
1.0
 10
185.844685252
 20
231.2265980356
 30
0.0
 10
185.844685252
 20
231.3539269591
 30
0.0
 10
185.8697601697
 20
231.6101926776
 30
0.0
 10
185.9817761947
 20
231.9812650904
 30
0.0
 10
186.1349607588
 20
232.2689408222
 30
0.0
 10
186.2905872116
 20
232.4795569362
 30
0.0
 10
186.4685812261
 20
232.676602284
 30
0.0
 10
186.7286491948
 20
232.8903089995
 30
0.0
 10
187.0270756328
 20
233.0496182148
 30
0.0
 10
187.28222749
 20
233.1407357865
 30
0.0
 10
187.5456790432
 20
233.2065804079
 30
0.0
 10
187.7498491999
 20
233.2265980356
 30
0.0
 10
187.8853356585
 20
233.2265980356
 30
0.0
  0
SPLINE
  5
4F8
330
22A
100
AcDbEntity
  8
0
  6
Continuous
100
AcDbSpline
210
0.0
220
0.0
230
1.0
 70
     8
 71
     3
 72
    17
 73
    13
 74
     0
 42
0.000000001
 43
0.0000001
 40
0.0
 40
0.0
 40
0.0
 40
0.0
 40
0.1284661486
 40
0.1927589488
 40
0.2569519831
 40
0.3845341326
 40
0.5108015051
 40
0.5733880965
 40
0.6355270947000001
 40
0.7583553773000001
 40
0.8797668041999997
 40
1.0
 40
1.0
 40
1.0
 40
1.0
 10
194.4154169593
 20
233.2265980356
 30
0.0
 10
194.5511403575
 20
233.2265980356
 30
0.0
 10
194.7555230768
 20
233.2065260819
 30
0.0
 10
195.0191717857
 20
233.1405371779
 30
0.0
 10
195.274293597
 20
233.0493443161
 30
0.0
 10
195.5726951188
 20
232.8899151702
 30
0.0
 10
195.8327025548
 20
232.6761047878
 30
0.0
 10
196.0106363824
 20
232.4789821788
 30
0.0
 10
196.1661963224
 20
232.2682897681
 30
0.0
 10
196.3192947884
 20
231.9805024987
 30
0.0
 10
196.4310789407
 20
231.609620199
 30
0.0
 10
196.4560673658
 20
231.3536233889
 30
0.0
 10
196.4560673658
 20
231.2265980356
 30
0.0
  0
SPLINE
  5
4F9
330
22A
100
AcDbEntity
  8
0
  6
Continuous
100
AcDbSpline
210
0.0
220
0.0
230
1.0
 70
     8
 71
     3
 72
    17
 73
    13
 74
     0
 42
0.000000001
 43
0.0000001
 40
0.0
 40
0.0
 40
0.0
 40
0.0
 40
0.1205205153
 40
0.2418943316
 40
0.3647101395
 40
0.4268446246
 40
0.4894276635
 40
0.6156870851000002
 40
0.7432628533
 40
0.8074383139
 40
0.8717581505
 40
1.0
 40
1.0
 40
1.0
 40
1.0
 10
196.4560673658
 20
230.6265980356
 30
0.0
 10
196.4560673658
 20
230.4992691121
 30
0.0
 10
196.4309924481
 20
230.2430033933
 30
0.0
 10
196.3189764228
 20
229.8719309795
 30
0.0
 10
196.1657918578
 20
229.5842552468
 30
0.0
 10
196.010165404
 20
229.3736391322
 30
0.0
 10
195.8321713884999
 20
229.1765937841
 30
0.0
 10
195.5721034156
 20
228.962887066
 30
0.0
 10
195.2736769704
 20
228.8035778493
 30
0.0
 10
195.0185251049
 20
228.7124602775
 30
0.0
 10
194.7550735568
 20
228.646615661
 30
0.0
 10
194.5509034081999
 20
228.6265980356
 30
0.0
 10
194.4154169593
 20
228.6265980356
 30
0.0
  0
SPLINE
  5
4FA
330
22A
100
AcDbEntity
  8
0
  6
Continuous
100
AcDbSpline
210
0.0
220
0.0
230
1.0
 70
     8
 71
     3
 72
    17
 73
    13
 74
     0
 42
0.000000001
 43
0.0000001
 40
0.0
 40
0.0
 40
0.0
 40
0.0
 40
0.12846615
 40
0.1927589502
 40
0.2569519829
 40
0.3845341286
 40
0.510801501
 40
0.5733880926000002
 40
0.6355270909000002
 40
0.7583553733000002
 40
0.8797667995999999
 40
1.0
 40
1.0
 40
1.0
 40
1.0
 10
187.8853356585
 20
228.6265980356
 30
0.0
 10
187.7496122588
 20
228.6265980356
 30
0.0
 10
187.545229538
 20
228.6466699896
 30
0.0
 10
187.2815808295
 20
228.7126588941
 30
0.0
 10
187.0264590237
 20
228.8038517542
 30
0.0
 10
186.7280575068
 20
228.9632808963
 30
0.0
 10
186.4680500724
 20
229.1770912745
 30
0.0
 10
186.2901162433
 20
229.3742138826
 30
0.0
 10
186.134556302
 20
229.5849062926
 30
0.0
 10
185.9814578345
 20
229.8726935602
 30
0.0
 10
185.8696736785
 20
230.2435758629
 30
0.0
 10
185.844685252
 20
230.4995726773
 30
0.0
 10
185.844685252
 20
230.6265980356
 30
0.0
  0
SPLINE
  5
4FB
330
22A
100
AcDbEntity
  8
0
  6
Continuous
100
AcDbSpline
210
0.0
220
0.0
230
1.0
 70
     8
 71
     3
 72
    15
 73
    11
 74
     0
 42
0.000000001
 43
0.0000001
 40
0.0
 40
0.0
 40
0.0
 40
0.0
 40
0.1308103768
 40
0.2606990219
 40
0.3888996868999999
 40
0.5149156783
 40
0.6386136861000002
 40
0.7602507895000002
 40
0.8804321740999998
 40
1.0
 40
1.0
 40
1.0
 40
1.0
 10
202.0400665686
 20
230.6265980356
 30
0.0
 10
202.0400665686
 20
230.5776305656
 30
0.0
 10
202.0314236786
 20
230.4798179372
 30
0.0
 10
201.9929357959
 20
230.3386408602
 30
0.0
 10
201.9302855215
 20
230.2082990893
 30
0.0
 10
201.8456773822
 20
230.0938339146
 30
0.0
 10
201.7421533938
 20
229.9996724925
 30
0.0
 10
201.6234945097
 20
229.9295545717
 30
0.0
 10
201.4942715643
 20
229.8863198094
 30
0.0
 10
201.404224991
 20
229.8765980352
 30
0.0
 10
201.3594660501
 20
229.8765980356
 30
0.0
  0
SPLINE
  5
4FC
330
22A
100
AcDbEntity
  8
0
  6
Continuous
100
AcDbSpline
210
0.0
220
0.0
230
1.0
 70
     8
 71
     3
 72
    19
 73
    15
 74
     0
 42
0.000000001
 43
0.0000001
 40
0.0
 40
0.0
 40
0.0
 40
0.0
 40
0.1941809704
 40
0.3808872524
 40
0.5529478633
 40
0.7037672641000002
 40
0.8276009462000001
 40
0.8779011281999999
 40
0.9198200040999999
 40
0.953003043
 40
0.9772278387
 40
0.9859788584
 40
0.992549222
 40
1.0
 40
1.0
 40
1.0
 40
1.0
 10
166.0665169567
 20
230.6265980356
 30
0.0
 10
166.0665169567
 20
230.6656409383
 30
0.0
 10
166.0667806468
 20
230.7422241617
 30
0.0
 10
166.067989818
 20
230.8533968864
 30
0.0
 10
166.0700350654999
 20
230.9558381866
 30
0.0
 10
166.0729639619
 20
231.0456117358
 30
0.0
 10
166.0762907994
 20
231.1108695573
 30
0.0
 10
166.0796549442
 20
231.1541872297
 30
0.0
 10
166.0821982937
 20
231.1792653366
 30
0.0
 10
166.0849764594
 20
231.1990784221
 30
0.0
 10
166.0875112786
 20
231.2120824458
 30
0.0
 10
166.0899285395
 20
231.2197853921
 30
0.0
 10
166.0916166876
 20
231.223797696
 30
0.0
 10
166.0937390648
 20
231.2265976359
 30
0.0
 10
166.0952371519
 20
231.2265976716
 30
0.0
  0
SPLINE
  5
4FD
330
22A
100
AcDbEntity
  8
0
  6
Continuous
100
AcDbSpline
210
0.0
220
0.0
230
1.0
 70
     8
 71
     3
 72
    19
 73
    15
 74
     0
 42
0.000000001
 43
0.0000001
 40
0.0
 40
0.0
 40
0.0
 40
0.0
 40
0.1889165346
 40
0.3704892640999999
 40
0.5377800861999999
 40
0.6846216904000002
 40
0.7487573397000002
 40
0.8060055380999997
 40
0.8559839288999999
 40
0.8984544456999998
 40
0.9333816468
 40
0.961068342
 40
0.9824894894999999
 40
1.0
 40
1.0
 40
1.0
 40
1.0
 10
166.3552154907
 20
230.6265980356
 30
0.0
 10
166.3552154907
 20
230.6658980378
 30
0.0
 10
166.3563942628
 20
230.7429756852
 30
0.0
 10
166.3616789462
 20
230.8547461041
 30
0.0
 10
166.3703251289
 20
230.9575276101
 30
0.0
 10
166.3804846351
 20
231.0356063263
 30
0.0
 10
166.3904735049
 20
231.0905156283
 30
0.0
 10
166.3982859595
 20
231.1253097216
 30
0.0
 10
166.4066906636
 20
231.15531527
 30
0.0
 10
166.4156200628
 20
231.1802920267
 30
0.0
 10
166.4250005513
 20
231.2001003735
 30
0.0
 10
166.434829602
 20
231.2146609133
 30
0.0
 10
166.4452752223
 20
231.2241322003
 30
0.0
 10
166.4534147282
 20
231.2265976845
 30
0.0
 10
166.4570574115
 20
231.2265977025
 30
0.0
  0
SPLINE
  5
4FE
330
22A
100
AcDbEntity
  8
0
  6
Continuous
100
AcDbSpline
210
0.0
220
0.0
230
1.0
 70
     8
 71
     3
 72
    13
 73
     9
 74
     0
 42
0.000000001
 43
0.0000001
 40
0.0
 40
0.0
 40
0.0
 40
0.0
 40
0.2861863468
 40
0.5518277096000001
 40
0.6735276437000001
 40
0.7874753437000001
 40
0.8953253088
 40
1.0
 40
1.0
 40
1.0
 40
1.0
 10
209.012922962
 20
230.1265980356
 30
0.0
 10
209.012922962
 20
230.0493136351
 30
0.0
 10
208.9929625479
 20
229.8995403523
 30
0.0
 10
208.9167649398
 20
229.7304279683
 30
0.0
 10
208.8284613373
 20
229.6267026802
 30
0.0
 10
208.7540478902
 20
229.5699414991
 30
0.0
 10
208.6722554263
 20
229.5346122313
 30
0.0
 10
208.6145687017
 20
229.5265984633
 30
0.0
 10
208.5863013828
 20
229.5265984028
 30
0.0
  0
SPLINE
  5
4FF
330
22A
100
AcDbEntity
  8
0
  6
Continuous
100
AcDbSpline
210
0.0
220
0.0
230
1.0
 70
     8
 71
     3
 72
    19
 73
    15
 74
     0
 42
0.000000001
 43
0.0000001
 40
0.0
 40
0.0
 40
0.0
 40
0.0
 40
0.0175105181
 40
0.0389318257
 40
0.0666190207
 40
0.1015468311
 40
0.1440176839
 40
0.1939961659
 40
0.2512443704
 40
0.3153799558
 40
0.4622212809000001
 40
0.6295117165000002
 40
0.8110840778
 40
1.0
 40
1.0
 40
1.0
 40
1.0
 10
166.4570574116
 20
228.7265983671
 30
0.0
 10
166.4534147269
 20
228.7265983364
 30
0.0
 10
166.4452752058
 20
228.7290639718
 30
0.0
 10
166.4348294649
 20
228.7385352776
 30
0.0
 10
166.4250003131
 20
228.753096099
 30
0.0
 10
166.4156197803
 20
228.7729047465
 30
0.0
 10
166.4066903675
 20
228.7978817291
 30
0.0
 10
166.398285707
 20
228.8278873811
 30
0.0
 10
166.3904732938
 20
228.8626814896
 30
0.0
 10
166.3804844901
 20
228.9175907304
 30
0.0
 10
166.370325046
 20
228.9956692984
 30
0.0
 10
166.3616789089
 20
229.0984505889
 30
0.0
 10
166.356394256
 20
229.210220721
 30
0.0
 10
166.3552154907
 20
229.2872981619
 30
0.0
 10
166.3552154907
 20
229.3265980356
 30
0.0
  0
SPLINE
  5
500
330
22A
100
AcDbEntity
  8
0
  6
Continuous
100
AcDbSpline
210
0.0
220
0.0
230
1.0
 70
     8
 71
     3
 72
    11
 73
     7
 74
     0
 42
0.000000001
 43
0.0000001
 40
0.0
 40
0.0
 40
0.0
 40
0.0
 40
0.2104805885
 40
0.4371613884000001
 40
0.6968769634000001
 40
1.0
 40
1.0
 40
1.0
 40
1.0
 10
215.1349197116
 20
232.2265980356
 30
0.0
 10
215.1535643335
 20
232.2265980356
 30
0.0
 10
215.1925771485
 20
232.2197207866
 30
0.0
 10
215.2473509796
 20
232.1894510033
 30
0.0
 10
215.2984850507
 20
232.140959833
 30
0.0
 10
215.3278922573
 20
232.100414232
 30
0.0
 10
215.3422881212
 20
232.0777485017
 30
0.0
  0
SPLINE
  5
501
330
22A
100
AcDbEntity
  8
0
  6
Continuous
100
AcDbSpline
210
0.0
220
0.0
230
1.0
 70
     8
 71
     3
 72
    11
 73
     7
 74
     0
 42
0.000000001
 43
0.0000001
 40
0.0
 40
0.0
 40
0.0
 40
0.0
 40
0.3031239156
 40
0.5628397471
 40
0.7895201703
 40
1.0
 40
1.0
 40
1.0
 40
1.0
 10
215.3422904413
 20
228.5754512207
 30
0.0
 10
215.3278944566
 20
228.5527849595
 30
0.0
 10
215.2984870026
 20
228.512238412
 30
0.0
 10
215.2473524
 20
228.4637460424
 30
0.0
 10
215.192577919
 20
228.4334754738
 30
0.0
 10
215.1535645683
 20
228.4265980356
 30
0.0
 10
215.1349197116
 20
228.4265980356
 30
0.0
  0
SPLINE
  5
502
330
22A
100
AcDbEntity
  8
0
  6
Continuous
100
AcDbSpline
210
0.0
220
0.0
230
1.0
 70
     8
 71
     3
 72
    29
 73
    25
 74
     0
 42
0.000000001
 43
0.0000001
 40
0.0
 40
0.0
 40
0.0
 40
0.0
 40
0.1948633548
 40
0.3822891654
 40
0.4709131623
 40
0.5550385702
 40
0.6338495895000002
 40
0.7065725804000002
 40
0.7725209618000001
 40
0.8310425426000001
 40
0.8815845237000001
 40
0.9036989386
 40
0.9236328117999999
 40
0.9413428666999999
 40
0.9567862984999999
 40
0.9699202938999999
 40
0.9807067888999998
 40
0.9891249126999998
 40
0.9924405268999999
 40
0.9951576776999999
 40
0.9972742415
 40
0.9987880943
 40
0.9996971138000001
 40
1.0
 40
1.0
 40
1.0
 40
1.0
 10
282.4063487157
 20
275.8393867838
 30
0.0
 10
282.371508161
 20
275.9478263588
 30
0.0
 10
282.304142155
 20
276.1608845364
 30
0.0
 10
282.2235418471
 20
276.4240754896
 30
0.0
 10
282.1632164705
 20
276.6257730481
 30
0.0
 10
282.1216637368
 20
276.7668189557
 30
0.0
 10
282.0832449948
 20
276.8990978009
 30
0.0
 10
282.0482329918
 20
277.0213015044
 30
0.0
 10
282.0168512826
 20
277.1322081148
 30
0.0
 10
281.9892901712
 20
277.2307212837
 30
0.0
 10
281.9688255168
 20
277.3046143818
 30
0.0
 10
281.9544698336
 20
277.35679542
 30
0.0
 10
281.9452375136
 20
277.3904823613
 30
0.0
 10
281.9370635055
 20
277.420416543
 30
0.0
 10
281.9299572579
 20
277.4465214557
 30
0.0
 10
281.9239311524
 20
277.468728416
 30
0.0
 10
281.9189839575
 20
277.4869672184
 30
0.0
 10
281.91555659
 20
277.4996867286
 30
0.0
 10
281.9133399989
 20
277.5078216118
 30
0.0
 10
281.912128759
 20
277.5124616231
 30
0.0
 10
281.9110855728
 20
277.5159373237
 30
0.0
 10
281.9105699332
 20
277.5187406344
 30
0.0
 10
281.9098484787
 20
277.5198552483
 30
0.0
 10
281.9099817152
 20
277.5209778242
 30
0.0
 10
281.9098049167
 20
277.5209685936
 30
0.0
  0
SPLINE
  5
503
330
22A
100
AcDbEntity
  8
0
  6
Continuous
100
AcDbSpline
210
0.0
220
0.0
230
1.0
 70
     8
 71
     3
 72
    22
 73
    18
 74
     0
 42
0.000000001
 43
0.0000001
 40
0.0
 40
0.0
 40
0.0
 40
0.0
 40
0.0012139729
 40
0.0048419973
 40
0.0108740495
 40
0.0193001005
 40
0.0301040337
 40
0.0432521578
 40
0.0764336248
 40
0.1185324721
 40
0.1691134106
 40
0.2276808606
 40
0.2936548784
 40
0.4451914336
 40
0.6178963277000002
 40
0.8051894006999999
 40
1.0
 40
1.0
 40
1.0
 40
1.0
 10
283.9619244048
 20
271.8828166328
 30
0.0
 10
283.9615359996
 20
271.8834104673
 30
0.0
 10
283.960559362
 20
271.8860971978
 30
0.0
 10
283.9576750908
 20
271.8917465805
 30
0.0
 10
283.9533451724
 20
271.9014024289
 30
0.0
 10
283.9470839266
 20
271.9147703429
 30
0.0
 10
283.9391517307
 20
271.9319549201
 30
0.0
 10
283.9251280765
 20
271.9622617913
 30
0.0
 10
283.9034990641
 20
272.0092063905
 30
0.0
 10
283.8728182711
 20
272.0760699584
 30
0.0
 10
283.8361322827
 20
272.1565039677
 30
0.0
 10
283.7938956685
 20
272.2497441068
 30
0.0
 10
283.72774503
 20
272.3969321168
 30
0.0
 10
283.6353228329
 20
272.605453808
 30
0.0
 10
283.5162754796
 20
272.8797312519
 30
0.0
 10
283.3897043631
 20
273.1783047618
 30
0.0
 10
283.3044016153
 20
273.3847192401
 30
0.0
 10
283.2613991223
 20
273.4901552494
 30
0.0
  0
SPLINE
  5
504
330
22A
100
AcDbEntity
  8
0
  6
Continuous
100
AcDbSpline
210
0.0
220
0.0
230
1.0
 70
     8
 71
     3
 72
    29
 73
    25
 74
     0
 42
0.000000001
 43
0.0000001
 40
0.0
 40
0.0
 40
0.0
 40
0.0
 40
0.1948633548
 40
0.3822891654
 40
0.4709131623
 40
0.5550385702
 40
0.6338495895000002
 40
0.7065725804000002
 40
0.7725209618000001
 40
0.8310425426000001
 40
0.8815845237000001
 40
0.9036989386
 40
0.9236328117999999
 40
0.9413428666999999
 40
0.9567862984999999
 40
0.9699202938999999
 40
0.9807067888999998
 40
0.9891249126999998
 40
0.9924405268999999
 40
0.9951576776999999
 40
0.9972742415
 40
0.9987880943
 40
0.9996971138000001
 40
1.0
 40
1.0
 40
1.0
 40
1.0
 10
283.261399074
 20
293.2639777519
 30
0.0
 10
283.3044132758
 20
293.3694423626
 30
0.0
 10
283.389759078
 20
293.5759564296
 30
0.0
 10
283.4971915438
 20
293.829381276
 30
0.0
 10
283.5806283157
 20
294.0226669745
 30
0.0
 10
283.6394596368
 20
294.1574239906
 30
0.0
 10
283.6950563757
 20
294.2834505563
 30
0.0
 10
283.7467866518
 20
294.399569306
 30
0.0
 10
283.7940362629
 20
294.5047004725
 30
0.0
 10
283.836246271
 20
294.597881879
 30
0.0
 10
283.8680670041
 20
294.6676417024
 30
0.0
 10
283.8906112376
 20
294.7168423521
 30
0.0
 10
283.9051924186
 20
294.7485824671
 30
0.0
 10
283.9181720863
 20
294.7767675318999
 30
0.0
 10
283.9295082992
 20
294.8013328631
 30
0.0
 10
283.9391663935
 20
294.8222178875
 30
0.0
 10
283.9471002985
 20
294.8393696163
 30
0.0
 10
283.9526507262
 20
294.8513163958002
 30
0.0
 10
283.9561817211
 20
294.8589728752
 30
0.0
 10
283.9582363993
 20
294.8633059
 30
0.0
 10
283.9596714096
 20
294.8666389884
 30
0.0
 10
283.9610783400999
 20
294.8691178957
 30
0.0
 10
283.9612421339
 20
294.8704354814
 30
0.0
 10
283.9620657768
 20
294.8712097817
 30
0.0
 10
283.961924408
 20
294.8713163545999
 30
0.0
  0
SPLINE
  5
505
330
22A
100
AcDbEntity
  8
0
  6
Continuous
100
AcDbSpline
210
0.0
220
0.0
230
1.0
 70
     8
 71
     3
 72
    22
 73
    18
 74
     0
 42
0.000000001
 43
0.0000001
 40
0.0
 40
0.0
 40
0.0
 40
0.0
 40
0.0012139729
 40
0.0048419973
 40
0.0108740495
 40
0.0193001005
 40
0.0301040337
 40
0.0432521578
 40
0.0764336248
 40
0.1185324721
 40
0.1691134106
 40
0.2276808606
 40
0.2936548784
 40
0.4451914336
 40
0.6178963277000002
 40
0.8051894006999999
 40
1.0
 40
1.0
 40
1.0
 40
1.0
 10
281.9098049166001
 20
289.233164395
 30
0.0
 10
281.9098890904
 20
289.2338689606
 30
0.0
 10
281.9108679397
 20
289.2365548862
 30
0.0
 10
281.912289813
 20
289.2427365382
 30
0.0
 10
281.9151795627
 20
289.252916565
 30
0.0
 10
281.9189758996
 20
289.2671816326
 30
0.0
 10
281.9239455184
 20
289.2854444996
 30
0.0
 10
281.9326836573
 20
289.3176751411
 30
0.0
 10
281.9462902791999
 20
289.3675396517
 30
0.0
 10
281.9657665012
 20
289.4384813499
 30
0.0
 10
281.9893653882
 20
289.5236786745
 30
0.0
 10
282.0169438707
 20
289.6222539372
 30
0.0
 10
282.0608801709
 20
289.7775273052
 30
0.0
 10
282.1241158199
 20
289.9966720311
 30
0.0
 10
282.2092223989
 20
290.2833029066
 30
0.0
 10
282.3041826513001
 20
290.5933818301
 30
0.0
 10
282.3715176244
 20
290.8063360436
 30
0.0
 10
282.406348764
 20
290.9147461823
 30
0.0
  0
ELLIPSE
  5
506
330
22A
100
AcDbEntity
  8
0
  6
Continuous
100
AcDbEllipse
 10
189.7928764996
 20
230.8615980356
 30
0.0
 11
0.0
 21
0.27
 31
0.0
210
0.0
220
0.0
230
1.0
 40
0.1750004768
 41
-3.141592654499998
 42
-2.7621849385
  0
ELLIPSE
  5
507
330
22A
100
AcDbEntity
  8
0
  6
Continuous
100
AcDbEllipse
 10
190.027876595
 20
230.8615980356
 30
0.0
 11
0.0
 21
0.27
 31
0.0
210
0.0
220
0.0
230
1.0
 40
0.1750004768
 41
-3.521000368799998
 42
-3.141592652599998
  0
ELLIPSE
  5
508
330
22A
100
AcDbEntity
  8
0
  6
Continuous
100
AcDbEllipse
 10
192.2928760228
 20
230.8615980356
 30
0.0
 11
0.0
 21
0.27
 31
0.0
210
0.0
220
0.0
230
1.0
 40
0.1750004768
 41
-3.141592654499998
 42
-2.762184938399999
  0
ELLIPSE
  5
509
330
22A
100
AcDbEntity
  8
0
  6
Continuous
100
AcDbEllipse
 10
192.5278761182
 20
230.8615980356
 30
0.0
 11
0.0
 21
0.27
 31
0.0
210
0.0
220
0.0
230
1.0
 40
0.1750004768
 41
-3.5210003687
 42
-3.141592652599998
  0
DIMENSION
  5
5DB
330
22A
100
AcDbEntity
  8
DIM
370
     5
100
AcDbDimension
  2
*D2
 10
174.7895277498278
 20
270.2118610462146
 30
0.0
 11
218.5433587671436
 21
305.4195810063969
 31
0.0
 70
   163
  1
{\Ftxt,gbcbig|c134;<>} 弧宽
 71
     5
 42
41.99999999999996
 73
     0
 74
     0
 75
     0
  3
STANDARD
100
AcDbDiametricDimension
 15
207.5112248679722
 25
296.5422719375855
 35
0.0
 40
0.0
1001
ACAD
1000
DSTYLE
1002
{
1070
    41
1040
2.0
1070
    42
1040
0.5
1070
    43
1040
3.75
1070
    44
1040
0.0
1070
    47
1040
0.0
1070
    48
1040
0.000000001
1070
    49
1040
1.25
1070
    50
1040
1.570796326794896
1070
    73
1070
     0
1070
    74
1070
     0
1070
    77
1070
     1
1070
    78
1070
     1
1070
    90
1070
     1
1070
   140
1040
2.0
1070
   141
1040
0.0
1070
   143
1040
0.03937007874016
1070
   147
1040
0.11
1070
   171
1070
     3
1070
   176
1070
   256
1070
   177
1070
     4
1070
   178
1070
   256
1070
   271
1070
     2
1070
   272
1070
     2
1070
   274
1070
     3
1070
   283
1070
     0
1070
   284
1070
     8
1070
   288
1070
     1
1070
   340
1005
55E
1070
   341
1005
0
1070
   342
1005
0
1070
   343
1005
0
1070
   344
1005
0
1070
   345
1005
15
1070
   346
1005
15
1070
   347
1005
15
1070
   371
1070
     5
1070
   372
1070
     5
1002
}
  0
DIMENSION
  5
5DE
330
22A
100
AcDbEntity
  8
DIM
370
     5
100
AcDbDimension
  2
*D3
 10
211.905166959627
 20
271.3255659610742
 30
0.0
 11
153.7464233308525
 21
305.0960887049299
 31
0.0
 70
   163
  1
\fSimSun|b0|i0|c134|p0;<>\fSimSun|b0|i0|c134|p2; OD
 71
     5
 42
47.99999999999998
 73
     0
 74
     0
 75
     0
  3
STANDARD
100
AcDbDiametricDimension
 15
170.395585658173
 25
295.4285670227259
 35
0.0
 40
0.0
1001
ACAD
1000
DSTYLE
1002
{
1070
    41
1040
2.0
1070
    42
1040
0.5
1070
    43
1040
3.75
1070
    44
1040
0.0
1070
    47
1040
0.0
1070
    48
1040
0.000000001
1070
    49
1040
1.25
1070
    50
1040
1.570796326794896
1070
    73
1070
     0
1070
    74
1070
     0
1070
    77
1070
     1
1070
    78
1070
     1
1070
    90
1070
     1
1070
   140
1040
2.0
1070
   141
1040
0.0
1070
   143
1040
0.03937007874016
1070
   147
1040
0.11
1070
   171
1070
     3
1070
   176
1070
   256
1070
   177
1070
     4
1070
   178
1070
   256
1070
   271
1070
     2
1070
   272
1070
     2
1070
   274
1070
     3
1070
   283
1070
     0
1070
   284
1070
     8
1070
   288
1070
     1
1070
   340
1005
55E
1070
   341
1005
0
1070
   342
1005
0
1070
   343
1005
0
1070
   344
1005
0
1070
   345
1005
15
1070
   346
1005
15
1070
   347
1005
15
1070
   371
1070
     5
1070
   372
1070
     5
1002
}
  0
DIMENSION
  5
782
102
{ACAD_XDICTIONARY
360
783
102
}
102
{ACAD_REACTORS
330
784
102
}
330
22A
100
AcDbEntity
  8
DIM
370
     5
100
AcDbDimension
  2
*D12
 10
216.2435183230169
 20
283.9637724313277
 30
0.0
 11
146.6316277336781
 21
282.3361679790604
 31
0.0
 70
   163
 71
     5
 42
50.19999999999997
 73
     0
 74
     0
 75
     0
  3
STANDARD
100
AcDbDiametricDimension
 15
166.0572342947831
 25
282.7903605524724
 35
0.0
 40
0.0
1001
ACAD_DSTYLE_DIMRADIAL_EXTENSION
1070
   387
1070
     1
1070
   388
1040
0.0
1070
   390
1040
6.283185307179585
1001
ACAD
1000
DSTYLE
1002
{
1070
   171
1070
     3
1070
   143
1040
0.03937007874016
1070
   274
1070
     3
1070
    41
1040
2.0
1070
   342
1005
0
1070
   343
1005
0
1070
   344
1005
0
1070
   141
1040
0.0
1070
   176
1070
   256
1070
   177
1070
     4
1070
   178
1070
   256
1070
    43
1040
3.75
1070
    44
1040
0.0
1070
    42
1040
0.5
1070
   147
1040
0.11
1070
   341
1005
0
1070
   371
1070
     5
1070
   372
1070
     5
1070
    77
1070
     1
1070
    73
1070
     0
1070
    48
1040
0.000000001
1070
    74
1070
     0
1070
   283
1070
     0
1070
    47
1040
0.0
1070
   340
1005
55E
1070
   140
1040
2.0
1070
   288
1070
     1
1070
    78
1070
     1
1070
    49
1040
1.25
1070
    50
1040
1.570796326794896
1070
    90
1070
     1
1070
   345
1005
15
1070
   346
1005
15
1070
   347
1005
15
1002
}
1001
ACAD_DSTYLE_DIMINSPECT
1070
   393
1070
     0
1070
   394
1070
     0
1070
   395
1000

1070
   396
1000

  0
DIMENSION
  5
7A9
102
{ACAD_XDICTIONARY
360
7AA
102
}
102
{ACAD_REACTORS
330
7AB
102
}
330
22A
100
AcDbEntity
  8
DIM
100
AcDbDimension
  2
*D13
 10
257.3348283478
 20
315.0435942371569
 30
0.0
 11
250.0848283478
 21
316.6927715373583
 31
0.0
 70
    32
 71
     5
 42
14.5
 73
     0
 74
     0
 75
     0
  3
aaaaaaaa 3.0
100
AcDbAlignedDimension
 13
242.8348283478
 23
304.8770664919
 33
0.0
 14
257.3348283478
 24
306.5270664919
 34
0.0
 50
0.0
100
AcDbRotatedDimension
  0
CIRCLE
  5
819
102
{ACAD_REACTORS
330
81C
102
}
330
22A
100
AcDbEntity
  8
0
  6
Continuous
 62
     8
100
AcDbCircle
 10
191.1503763089
 20
283.3770664919
 30
0.0
 40
18.175
  0
DIMENSION
  5
81A
102
{ACAD_XDICTIONARY
360
81B
102
}
102
{ACAD_REACTORS
330
81C
102
}
330
22A
100
AcDbEntity
  8
DIM
370
     5
100
AcDbDimension
  2
*D14
 10
207.993694706402
 20
276.5482122424398
 30
0.0
 11
149.8143228404526
 21
300.1361087258688
 31
0.0
 70
   163
  1
<> AA
 71
     5
 42
36.34999999999998
 73
     0
 74
     0
 75
     0
  3
STANDARD
100
AcDbDiametricDimension
 15
174.307057911398
 25
290.2059207413602
 35
0.0
 40
0.0
1001
ACAD_DSTYLE_DIMRADIAL_EXTENSION
1070
   387
1070
     1
1070
   388
1040
0.0
1070
   390
1040
6.283185307179586
1001
ACAD
1000
DSTYLE
1002
{
1070
   171
1070
     3
1070
   143
1040
0.03937007874016
1070
   274
1070
     3
1070
    41
1040
2.0
1070
   342
1005
0
1070
   343
1005
0
1070
   344
1005
0
1070
   141
1040
0.0
1070
   176
1070
   256
1070
   177
1070
     4
1070
   178
1070
   256
1070
    43
1040
3.75
1070
    44
1040
0.0
1070
    42
1040
0.5
1070
   147
1040
0.11
1070
   341
1005
0
1070
   371
1070
     5
1070
   372
1070
     5
1070
    77
1070
     1
1070
    73
1070
     0
1070
    48
1040
0.000000001
1070
    74
1070
     0
1070
   283
1070
     0
1070
    47
1040
0.0
1070
   340
1005
55E
1070
   140
1040
2.0
1070
   288
1070
     1
1070
    78
1070
     1
1070
    49
1040
1.25
1070
    50
1040
1.570796326794896
1070
    90
1070
     1
1070
   345
1005
15
1070
   346
1005
15
1070
   347
1005
15
1002
}
1001
ACAD_DSTYLE_DIMINSPECT
1070
   393
1070
     0
1070
   394
1070
     0
1070
   395
1000

1070
   396
1000

  0
DIMENSION
  5
83D
102
{ACAD_XDICTIONARY
360
83E
102
}
102
{ACAD_REACTORS
330
83F
102
}
330
22A
100
AcDbEntity
  8
DIM
370
     5
100
AcDbDimension
  2
*D15
 10
208.9843121027148
 20
279.3862822203451
 30
0.0
 11
148.0419339891176
 21
293.023646785224
 31
0.0
 70
   163
  1
<> AA
 71
     5
 42
36.55000000000002
 73
     0
 74
     0
 75
     0
  3
STANDARD
100
AcDbDiametricDimension
 15
173.3164405150851
 25
287.3678507634549
 35
0.0
 40
0.0
1001
ACAD_DSTYLE_DIMRADIAL_EXTENSION
1070
   387
1070
     1
1070
   388
1040
0.0
1070
   390
1040
6.283185307179586
1001
ACAD
1000
DSTYLE
1002
{
1070
   171
1070
     3
1070
   143
1040
0.03937007874016
1070
   274
1070
     3
1070
    41
1040
2.0
1070
   342
1005
0
1070
   343
1005
0
1070
   344
1005
0
1070
   141
1040
0.0
1070
   176
1070
   256
1070
   177
1070
     4
1070
   178
1070
   256
1070
    43
1040
3.75
1070
    44
1040
0.0
1070
    42
1040
0.5
1070
   147
1040
0.11
1070
   341
1005
0
1070
   371
1070
     5
1070
   372
1070
     5
1070
    77
1070
     1
1070
    73
1070
     0
1070
    48
1040
0.000000001
1070
    74
1070
     0
1070
   283
1070
     0
1070
    47
1040
0.0
1070
   340
1005
55E
1070
   140
1040
2.0
1070
   288
1070
     1
1070
    78
1070
     1
1070
    49
1040
1.25
1070
    50
1040
1.570796326794896
1070
    90
1070
     1
1070
   345
1005
15
1070
   346
1005
15
1070
   347
1005
15
1002
}
1001
ACAD_DSTYLE_DIMINSPECT
1070
   393
1070
     0
1070
   394
1070
     0
1070
   395
1000

1070
   396
1000

  0
ENDSEC
  0
SECTION
  2
OBJECTS
  0
DICTIONARY
  5
C
330
0
100
AcDbDictionary
281
     1
  3
ACAD_COLOR
350
529
  3
ACAD_GROUP
350
D
  3
ACAD_IMAGE_VARS
350
87C
  3
ACAD_LAYOUT
350
1A
  3
ACAD_MATERIAL
350
50C
  3
ACAD_MLEADERSTYLE
350
52C
  3
ACAD_MLINESTYLE
350
17
  3
ACAD_PLOTSETTINGS
350
19
  3
ACAD_PLOTSTYLENAME
350
E
  3
ACAD_SCALELIST
350
52E
  3
ACAD_TABLESTYLE
350
52A
  3
ACAD_VISUALSTYLE
350
510
  3
ACDB_RECOMPOSE_DATA
350
815
  3
AcDbVariableDictionary
350
77E
  0
DICTIONARY
  5
5D2
330
2
100
AcDbDictionary
280
     1
281
     1
  3
ACAD_LAYERSTATES
360
5D3
  3
ACLYDICTIONARY
360
832
  0
DICTIONARY
  5
54C
330
54B
100
AcDbDictionary
280
     1
281
     1
  3
ADSK_XREC_LAYER_RECONCILED
360
54D
  0
DICTIONARY
  5
783
330
782
100
AcDbDictionary
280
     1
281
     1
  3
ACAD_DIMASSOC
360
784
  0
DICTIONARY
  5
7AA
330
7A9
100
AcDbDictionary
280
     1
281
     1
  3
ACAD_DIMASSOC
360
7AB
  0
DICTIONARY
  5
81B
330
81A
100
AcDbDictionary
280
     1
281
     1
  3
ACAD_DIMASSOC
360
81C
  0
DICTIONARY
  5
83E
330
83D
100
AcDbDictionary
280
     1
281
     1
  3
ACAD_DIMASSOC
360
83F
  0
DICTIONARY
  5
529
102
{ACAD_REACTORS
330
C
102
}
330
C
100
AcDbDictionary
281
     1
  0
DICTIONARY
  5
D
102
{ACAD_REACTORS
330
C
102
}
330
C
100
AcDbDictionary
281
     1
  0
RASTERVARIABLES
  5
87C
102
{ACAD_REACTORS
330
C
102
}
330
C
100
AcDbRasterVariables
 90
        0
 70
     1
 71
     1
 72
     1
  0
DICTIONARY
  5
1A
102
{ACAD_REACTORS
330
C
102
}
330
C
100
AcDbDictionary
281
     1
  3
Layout1
350
50B
  3
Model
350
50A
  0
DICTIONARY
  5
50C
102
{ACAD_REACTORS
330
C
102
}
330
C
100
AcDbDictionary
281
     1
  3
ByBlock
350
50E
  3
ByLayer
350
50D
  3
Global
350
50F
  0
DICTIONARY
  5
52C
102
{ACAD_REACTORS
330
C
102
}
330
C
100
AcDbDictionary
281
     1
  3
Standard
350
52D
  0
DICTIONARY
  5
17
102
{ACAD_REACTORS
330
C
102
}
330
C
100
AcDbDictionary
281
     1
  3
Standard
350
18
  0
DICTIONARY
  5
19
102
{ACAD_REACTORS
330
C
102
}
330
C
100
AcDbDictionary
281
     1
  0
ACDBDICTIONARYWDFLT
  5
E
102
{ACAD_REACTORS
330
C
102
}
330
C
100
AcDbDictionary
281
     1
  3
Normal
350
F
100
AcDbDictionaryWithDefault
340
F
  0
DICTIONARY
  5
52E
102
{ACAD_REACTORS
330
C
102
}
330
C
100
AcDbDictionary
281
     1
  3
A0
350
52F
  3
A1
350
530
  3
A2
350
531
  3
A3
350
532
  3
A4
350
533
  3
A5
350
534
  3
A6
350
535
  3
A7
350
536
  3
A8
350
537
  3
A9
350
538
  3
B0
350
539
  3
B1
350
53A
  3
B2
350
53B
  3
B3
350
53C
  3
B4
350
53D
  3
B5
350
53E
  3
B6
350
53F
  0
DICTIONARY
  5
52A
102
{ACAD_REACTORS
330
C
102
}
330
C
100
AcDbDictionary
281
     1
  3
Standard
350
52B
  0
DICTIONARY
  5
510
102
{ACAD_REACTORS
330
C
102
}
330
C
100
AcDbDictionary
281
     1
  3
2dWireframe
350
515
  3
Basic
350
518
  3
Brighten
350
51C
  3
ColorChange
350
520
  3
Conceptual
350
51A
  3
Dim
350
51B
  3
EdgeColorOff
350
523
  3
Facepattern
350
51F
  3
Flat
350
511
  3
FlatWithEdges
350
512
  3
Gouraud
350
513
  3
GouraudWithEdges
350
514
  3
Hidden
350
517
  3
JitterOff
350
521
  3
Linepattern
350
51E
  3
OverhangOff
350
522
  3
Realistic
350
519
  3
Shaded
350
528
  3
Shaded with edges
350
527
  3
Shades of Gray
350
524
  3
Sketchy
350
525
  3
Thicken
350
51D
  3
Wireframe
350
516
  3
X-Ray
350
526
  0
XRECORD
  5
815
102
{ACAD_REACTORS
330
C
102
}
330
C
100
AcDbXrecord
280
     1
 90
        1
330
52B
  0
DICTIONARY
  5
77E
102
{ACAD_REACTORS
330
C
102
}
330
C
100
AcDbDictionary
281
     1
  3
CANNOSCALE
350
781
  3
CMLEADERSTYLE
350
780
  3
CTABLESTYLE
350
77F
  0
DICTIONARY
  5
5D3
102
{ACAD_REACTORS
330
5D2
102
}
330
5D2
100
AcDbDictionary
281
     1
  0
DICTIONARY
  5
832
102
{ACAD_REACTORS
330
5D2
102
}
330
5D2
100
AcDbDictionary
281
     1
1001
ACAD
1000
<All
  0
XRECORD
  5
54D
102
{ACAD_REACTORS
330
54C
102
}
330
54C
100
AcDbXrecord
280
     1
290
     1
  0
DIMASSOC
  5
784
102
{ACAD_REACTORS
330
783
102
}
330
783
100
AcDbDimAssoc
330
782
 90
        2
 70
     0
 71
     0
  1
AcDbOsnapPointRef
 72
     3
331
41E
 73
     2
 91
        0
 40
0.0
 10
0.0
 20
0.0
 30
0.0
 75
     0
  0
DIMASSOC
  5
7AB
102
{ACAD_REACTORS
330
7AA
102
}
330
7AA
100
AcDbDimAssoc
330
7A9
 90
        3
 70
     0
 71
     0
  1
AcDbOsnapPointRef
 72
    13
331
4A7
 73
     2
 91
        0
 40
0.0
 10
0.0
 20
0.0
 30
1.999999999999999E+50
 75
     0
  1
AcDbOsnapPointRef
 72
    13
331
268
 73
     2
 91
        0
 40
0.0
 10
0.0
 20
0.0
 30
1.999999999999999E+50
 75
     0
  0
DIMASSOC
  5
81C
102
{ACAD_REACTORS
330
81B
102
}
330
81B
100
AcDbDimAssoc
330
81A
 90
        2
 70
     0
 71
     0
  1
AcDbOsnapPointRef
 72
     3
331
819
 73
     2
 91
        0
 40
0.0
 10
0.0
 20
0.0
 30
0.0
 75
     0
  0
DIMASSOC
  5
83F
102
{ACAD_REACTORS
330
83E
102
}
330
83E
100
AcDbDimAssoc
330
83D
 90
        2
 70
     0
 71
     0
  1
AcDbOsnapPointRef
 72
     3
331
423
 73
     2
 91
        0
 40
0.0
 10
0.0
 20
0.0
 30
0.0
 75
     0
  0
LAYOUT
  5
50B
102
{ACAD_REACTORS
330
1A
102
}
330
1A
100
AcDbPlotSettings
  1

  2
none_device
  4
ANSI_C_(22.00_x_17.00_Inches)
  6

 40
0.0
 41
0.0
 42
0.0
 43
0.0
 44
558.8
 45
431.8
 46
0.0
 47
0.0
 48
0.0
 49
0.0
140
0.0
141
0.0
142
1.0
143
1.0
 70
     0
 72
     1
 73
     0
 74
     0
  7

 75
     0
 76
     0
 77
     2
 78
   300
147
1.0
148
0.0
149
0.0
100
AcDbLayout
  1
Layout1
 70
     0
 71
     1
 10
0.0
 20
0.0
 11
558.8
 21
431.8
 12
0.0
 22
0.0
 32
0.0
 14
0.0
 24
0.0
 34
0.0
 15
0.0
 25
0.0
 35
0.0
146
0.0
 13
0.0
 23
0.0
 33
0.0
 16
1.0
 26
0.0
 36
0.0
 17
0.0
 27
1.0
 37
0.0
 76
     0
330
22B
  0
LAYOUT
  5
50A
102
{ACAD_REACTORS
330
1A
102
}
330
1A
100
AcDbPlotSettings
  1

  2
DWG to PDF.pc5
  4
ISO_expand_A4_(297.00_x_210.00_MM)
  6

 40
3.0
 41
3.0
 42
3.0
 43
3.0
 44
297.0
 45
210.0
 46
145.5
 47
8.962964558996588
 48
0.0
 49
0.0
140
0.0
141
0.0
142
1.0
143
1.0
 70
  1028
 72
     1
 73
     0
 74
     0
  7

 75
    33
 76
     0
 77
     2
 78
   300
147
176.0
148
0.0
149
93.03703544100342
100
AcDbLayout
  1
Model
 70
     0
 71
     0
 10
0.0
 20
0.0
 11
558.8
 21
431.8
 12
0.0
 22
0.0
 32
0.0
 14
0.0
 24
0.0
 34
0.0
 15
0.0
 25
0.0
 35
0.0
146
0.0
 13
0.0
 23
0.0
 33
0.0
 16
1.0
 26
0.0
 36
0.0
 17
0.0
 27
1.0
 37
0.0
 76
     0
330
22A
331
1F4
1001
ACAD_PSEXT
1000
DWG to PDF.pc5
1000
DWG to PDF
1000
文件
1000

1070
     0
  0
MATERIAL
  5
50E
102
{ACAD_REACTORS
330
50C
102
}
330
50C
100
AcDbMaterial
  1
ByBlock
 72
     0
 73
     2
 77
     0
 78
     2
171
     0
172
     2
175
     0
176
     2
179
     0
270
     2
274
     2
 94
      127
  0
MATERIAL
  5
50D
102
{ACAD_REACTORS
330
50C
102
}
330
50C
100
AcDbMaterial
  1
ByLayer
 72
     0
 73
     2
 77
     0
 78
     2
171
     0
172
     2
175
     0
176
     2
179
     0
270
     2
274
     2
 94
      127
  0
MATERIAL
  5
50F
102
{ACAD_REACTORS
330
50C
102
}
330
50C
100
AcDbMaterial
  1
Global
 72
     0
 73
     2
 77
     0
 78
     2
171
     0
172
     2
175
     0
176
     2
179
     0
270
     2
274
     2
 94
      127
  0
MLEADERSTYLE
  5
52D
102
{ACAD_XDICTIONARY
360
7E1
102
}
102
{ACAD_REACTORS
330
52C
102
}
330
52C
100
AcDbMLeaderStyle
170
     2
171
     1
172
     0
 90
        2
 40
0.0
 41
0.0
173
     1
 91
-1056964608
340
14
 92
       -2
290
     1
 42
0.4
291
     1
 43
2.0
  3
Standard
 44
0.18
300

342
11
174
     1
178
     1
175
     1
176
     0
 93
-1056964608
 45
0.2
292
     0
297
     0
 46
5.0
 94
-1056964608
 47
1.0
 49
1.0
140
1.0
293
     1
141
0.0
294
     1
177
     0
142
1.0
295
     0
296
     0
143
0.125
1001
ACAD_MLEADERVER
1070
     2
  0
MLINESTYLE
  5
18
102
{ACAD_REACTORS
330
17
102
}
330
17
100
AcDbMlineStyle
  2
STANDARD
 70
     0
  3

 62
   256
 51
90.0
 52
90.0
 71
     2
 49
0.5
 62
   256
  6
BYLAYER
 49
-0.5
 62
   256
  6
BYLAYER
  0
ACDBPLACEHOLDER
  5
F
102
{ACAD_REACTORS
330
E
102
}
330
E
  0
SCALE
  5
52F
102
{ACAD_REACTORS
330
52E
102
}
330
52E
100
AcDbScale
 70
     0
300
1:1
140
1.0
141
1.0
290
     1
  0
SCALE
  5
530
102
{ACAD_REACTORS
330
52E
102
}
330
52E
100
AcDbScale
 70
     0
300
1:2
140
1.0
141
2.0
290
     0
  0
SCALE
  5
531
102
{ACAD_REACTORS
330
52E
102
}
330
52E
100
AcDbScale
 70
     0
300
1:4
140
1.0
141
4.0
290
     0
  0
SCALE
  5
532
102
{ACAD_REACTORS
330
52E
102
}
330
52E
100
AcDbScale
 70
     0
300
1:5
140
1.0
141
5.0
290
     0
  0
SCALE
  5
533
102
{ACAD_REACTORS
330
52E
102
}
330
52E
100
AcDbScale
 70
     0
300
1:8
140
1.0
141
8.0
290
     0
  0
SCALE
  5
534
102
{ACAD_REACTORS
330
52E
102
}
330
52E
100
AcDbScale
 70
     0
300
1:10
140
1.0
141
10.0
290
     0
  0
SCALE
  5
535
102
{ACAD_REACTORS
330
52E
102
}
330
52E
100
AcDbScale
 70
     0
300
1:16
140
1.0
141
16.0
290
     0
  0
SCALE
  5
536
102
{ACAD_REACTORS
330
52E
102
}
330
52E
100
AcDbScale
 70
     0
300
1:20
140
1.0
141
20.0
290
     0
  0
SCALE
  5
537
102
{ACAD_REACTORS
330
52E
102
}
330
52E
100
AcDbScale
 70
     0
300
1:30
140
1.0
141
30.0
290
     0
  0
SCALE
  5
538
102
{ACAD_REACTORS
330
52E
102
}
330
52E
100
AcDbScale
 70
     0
300
1:40
140
1.0
141
40.0
290
     0
  0
SCALE
  5
539
102
{ACAD_REACTORS
330
52E
102
}
330
52E
100
AcDbScale
 70
     0
300
1:50
140
1.0
141
50.0
290
     0
  0
SCALE
  5
53A
102
{ACAD_REACTORS
330
52E
102
}
330
52E
100
AcDbScale
 70
     0
300
1:100
140
1.0
141
100.0
290
     0
  0
SCALE
  5
53B
102
{ACAD_REACTORS
330
52E
102
}
330
52E
100
AcDbScale
 70
     0
300
2:1
140
2.0
141
1.0
290
     0
  0
SCALE
  5
53C
102
{ACAD_REACTORS
330
52E
102
}
330
52E
100
AcDbScale
 70
     0
300
4:1
140
4.0
141
1.0
290
     0
  0
SCALE
  5
53D
102
{ACAD_REACTORS
330
52E
102
}
330
52E
100
AcDbScale
 70
     0
300
8:1
140
8.0
141
1.0
290
     0
  0
SCALE
  5
53E
102
{ACAD_REACTORS
330
52E
102
}
330
52E
100
AcDbScale
 70
     0
300
10:1
140
10.0
141
1.0
290
     0
  0
SCALE
  5
53F
102
{ACAD_REACTORS
330
52E
102
}
330
52E
100
AcDbScale
 70
     0
300
100:1
140
100.0
141
1.0
290
     0
  0
TABLESTYLE
  5
52B
102
{ACAD_XDICTIONARY
360
7E3
102
}
102
{ACAD_REACTORS
330
52A
102
}
330
52A
100
AcDbTableStyle
  3
Standard
 70
     0
 71
     0
 40
1.5
 41
1.5
280
     0
281
     0
  7
STANDARD
140
4.5
170
     2
 62
     7
 63
   257
283
     0
 90
        4
 91
        0
  1

274
    -2
284
     1
 64
     0
275
    -2
285
     1
 65
     0
276
    -2
286
     1
 66
     0
277
    -2
287
     1
 67
     0
278
    -2
288
     1
 68
     0
279
    -2
289
     1
 69
     0
  7
STANDARD
140
6.0
170
     5
 62
     7
 63
   257
283
     0
 90
        4
 91
        0
  1

274
    -2
284
     1
 64
     0
275
    -2
285
     1
 65
     0
276
    -2
286
     1
 66
     0
277
    -2
287
     1
 67
     0
278
    -2
288
     1
 68
     0
279
    -2
289
     1
 69
     0
  7
STANDARD
140
4.5
170
     5
 62
     7
 63
   257
283
     0
 90
        4
 91
        0
  1

274
    -2
284
     1
 64
     0
275
    -2
285
     1
 65
     0
276
    -2
286
     1
 66
     0
277
    -2
287
     1
 67
     0
278
    -2
288
     1
 68
     0
279
    -2
289
     1
 69
     0
  0
VISUALSTYLE
  5
515
102
{ACAD_XDICTIONARY
360
7E5
102
}
102
{ACAD_REACTORS
330
510
102
}
330
510
100
AcDbVisualStyle
  2
2dWireframe
 70
     4
 71
     0
 72
     2
 73
     0
 90
        0
 40
0.6
 41
30.0
 62
     5
 63
     7
421
 16777215
 74
     1
 91
        4
 64
     7
 65
   257
 75
     1
175
     1
 42
1.0
 92
        0
 66
   257
 43
1.0
 76
     1
 77
     6
 78
     2
 67
     7
 79
     5
170
     0
171
     0
290
     0
174
     0
 93
        1
 44
0.0
173
     0
291
     0
 45
0.0
  0
VISUALSTYLE
  5
518
102
{ACAD_XDICTIONARY
360
7E7
102
}
102
{ACAD_REACTORS
330
510
102
}
330
510
100
AcDbVisualStyle
  2
Basic
 70
     7
 71
     1
 72
     0
 73
     1
 90
        0
 40
0.6
 41
30.0
 62
     5
 63
     7
421
 16777215
 74
     0
 91
        4
 64
     7
 65
   257
 75
     1
175
     1
 42
1.0
 92
        8
 66
     7
 43
1.0
 76
     1
 77
     6
 78
     2
 67
     7
 79
     5
170
     0
171
     0
290
     0
174
     0
 93
        1
 44
0.0
173
     0
291
     1
 45
0.0
  0
VISUALSTYLE
  5
51C
102
{ACAD_XDICTIONARY
360
7E9
102
}
102
{ACAD_REACTORS
330
510
102
}
330
510
100
AcDbVisualStyle
  2
Brighten
 70
    12
 71
     2
 72
     2
 73
     0
 90
        0
 40
0.6
 41
30.0
 62
     5
 63
     7
421
 16777215
 74
     1
 91
        4
 64
     7
 65
   257
 75
     1
175
     1
 42
1.0
 92
        8
 66
     7
 43
1.0
 76
     1
 77
     6
 78
     2
 67
     7
 79
     5
170
     0
171
     0
290
     0
174
     0
 93
        1
 44
50.0
173
     0
291
     1
 45
0.0
  0
VISUALSTYLE
  5
520
102
{ACAD_XDICTIONARY
360
7EB
102
}
102
{ACAD_REACTORS
330
510
102
}
330
510
100
AcDbVisualStyle
  2
ColorChange
 70
    16
 71
     2
 72
     2
 73
     3
 90
        0
 40
0.6
 41
30.0
 62
     5
 63
     8
421
  8421504
 74
     1
 91
        4
 64
     7
 65
   257
 75
     1
175
     1
 42
1.0
 92
        8
 66
     8
424
  8421504
 43
1.0
 76
     1
 77
     6
 78
     2
 67
     7
 79
     5
170
     0
171
     0
290
     0
174
     0
 93
        1
 44
0.0
173
     0
291
     1
 45
0.0
  0
VISUALSTYLE
  5
51A
102
{ACAD_XDICTIONARY
360
7ED
102
}
102
{ACAD_REACTORS
330
510
102
}
330
510
100
AcDbVisualStyle
  2
Conceptual
 70
     9
 71
     3
 72
     2
 73
     0
 90
        0
 40
0.6
 41
30.0
 62
     5
 63
     7
421
 16777215
 74
     2
 91
        2
 64
     7
 65
   257
 75
     1
175
     1
 42
179.0
 92
        8
 66
     7
 43
1.0
 76
     1
 77
     6
 78
     2
 67
     7
 79
     3
170
     0
171
     0
290
     0
174
     0
 93
        1
 44
0.0
173
     0
291
     0
 45
0.0
  0
VISUALSTYLE
  5
51B
102
{ACAD_XDICTIONARY
360
7EF
102
}
102
{ACAD_REACTORS
330
510
102
}
330
510
100
AcDbVisualStyle
  2
Dim
 70
    11
 71
     2
 72
     2
 73
     0
 90
        0
 40
0.6
 41
30.0
 62
     5
 63
     7
421
 16777215
 74
     1
 91
        4
 64
     7
 65
   257
 75
     1
175
     1
 42
1.0
 92
        8
 66
     7
 43
1.0
 76
     1
 77
     6
 78
     2
 67
     7
 79
     5
170
     0
171
     0
290
     0
174
     0
 93
        1
 44
-50.0
173
     0
291
     1
 45
0.0
  0
VISUALSTYLE
  5
523
102
{ACAD_XDICTIONARY
360
7F1
102
}
102
{ACAD_REACTORS
330
510
102
}
330
510
100
AcDbVisualStyle
  2
EdgeColorOff
 70
    22
 71
     2
 72
     2
 73
     0
 90
        0
 40
0.6
 41
30.0
 62
     5
 63
     7
421
 16777215
 74
     1
 91
        4
 64
     7
 65
   257
 75
     1
175
     1
 42
1.0
 92
        8
 66
     7
 43
1.0
 76
     1
 77
     6
 78
     2
 67
     7
 79
     5
170
     0
171
     0
290
     0
174
     0
 93
        1
 44
0.0
173
     0
291
     1
 45
0.0
  0
VISUALSTYLE
  5
51F
102
{ACAD_XDICTIONARY
360
7F3
102
}
102
{ACAD_REACTORS
330
510
102
}
330
510
100
AcDbVisualStyle
  2
Facepattern
 70
    15
 71
     2
 72
     2
 73
     0
 90
        0
 40
0.6
 41
30.0
 62
     5
 63
     7
421
 16777215
 74
     1
 91
        4
 64
     7
 65
   257
 75
     1
175
     1
 42
1.0
 92
        8
 66
     7
 43
1.0
 76
     1
 77
     6
 78
     2
 67
     7
 79
     5
170
     0
171
     0
290
     0
174
     0
 93
        1
 44
0.0
173
     0
291
     1
 45
0.0
  0
VISUALSTYLE
  5
511
102
{ACAD_XDICTIONARY
360
7F5
102
}
102
{ACAD_REACTORS
330
510
102
}
330
510
100
AcDbVisualStyle
  2
Flat
 70
     0
 71
     2
 72
     1
 73
     1
 90
        2
 40
0.6
 41
30.0
 62
     5
 63
     7
421
 16777215
 74
     0
 91
        0
 64
     7
 65
   257
 75
     1
175
     1
 42
1.0
 92
        8
 66
     7
 43
1.0
 76
     1
 77
     6
 78
     2
 67
     7
 79
     5
170
     0
171
     0
290
     0
174
     0
 93
       13
 44
0.0
173
     0
291
     1
 45
0.0
  0
VISUALSTYLE
  5
512
102
{ACAD_XDICTIONARY
360
7F7
102
}
102
{ACAD_REACTORS
330
510
102
}
330
510
100
AcDbVisualStyle
  2
FlatWithEdges
 70
     1
 71
     2
 72
     1
 73
     1
 90
        2
 40
0.6
 41
30.0
 62
     5
 63
     7
421
 16777215
 74
     1
 91
        0
 64
     7
 65
   257
 75
     1
175
     1
 42
1.0
 92
        0
 66
   257
 43
1.0
 76
     1
 77
     6
 78
     2
 67
     7
 79
     5
170
     0
171
     0
290
     0
174
     0
 93
       13
 44
0.0
173
     0
291
     1
 45
0.0
  0
VISUALSTYLE
  5
513
102
{ACAD_XDICTIONARY
360
7F9
102
}
102
{ACAD_REACTORS
330
510
102
}
330
510
100
AcDbVisualStyle
  2
Gouraud
 70
     2
 71
     2
 72
     2
 73
     1
 90
        2
 40
0.6
 41
30.0
 62
     5
 63
     7
421
 16777215
 74
     0
 91
        0
 64
     7
 65
   257
 75
     1
175
     1
 42
1.0
 92
        0
 66
     7
 43
1.0
 76
     1
 77
     6
 78
     2
 67
     7
 79
     5
170
     0
171
     0
290
     0
174
     0
 93
       13
 44
0.0
173
     0
291
     1
 45
0.0
  0
VISUALSTYLE
  5
514
102
{ACAD_XDICTIONARY
360
7FB
102
}
102
{ACAD_REACTORS
330
510
102
}
330
510
100
AcDbVisualStyle
  2
GouraudWithEdges
 70
     3
 71
     2
 72
     2
 73
     1
 90
        2
 40
0.6
 41
30.0
 62
     5
 63
     7
421
 16777215
 74
     1
 91
        0
 64
     7
 65
   257
 75
     1
175
     1
 42
1.0
 92
        0
 66
   257
 43
1.0
 76
     1
 77
     6
 78
     2
 67
     7
 79
     5
170
     0
171
     0
290
     0
174
     0
 93
       13
 44
0.0
173
     0
291
     1
 45
0.0
  0
VISUALSTYLE
  5
517
102
{ACAD_XDICTIONARY
360
7FD
102
}
102
{ACAD_REACTORS
330
510
102
}
330
510
100
AcDbVisualStyle
  2
Hidden
 70
     6
 71
     1
 72
     2
 73
     2
 90
        0
 40
0.6
 41
30.0
 62
     5
 63
     7
421
 16777215
 74
     2
 91
        2
 64
     7
 65
   257
 75
     2
175
     1
 42
40.0
 92
        0
 66
   257
 43
1.0
 76
     1
 77
     6
 78
     2
 67
     7
 79
     3
170
     0
171
     0
290
     0
174
     0
 93
        1
 44
0.0
173
     0
291
     0
 45
0.0
  0
VISUALSTYLE
  5
521
102
{ACAD_XDICTIONARY
360
7FF
102
}
102
{ACAD_REACTORS
330
510
102
}
330
510
100
AcDbVisualStyle
  2
JitterOff
 70
    20
 71
     2
 72
     2
 73
     0
 90
        0
 40
0.6
 41
30.0
 62
     5
 63
     7
421
 16777215
 74
     1
 91
        4
 64
     7
 65
   257
 75
     1
175
     1
 42
1.0
 92
       10
 66
     7
 43
1.0
 76
     1
 77
     6
 78
     2
 67
     7
 79
     5
170
     0
171
     0
290
     0
174
     0
 93
        1
 44
0.0
173
     0
291
     1
 45
0.0
  0
VISUALSTYLE
  5
51E
102
{ACAD_XDICTIONARY
360
801
102
}
102
{ACAD_REACTORS
330
510
102
}
330
510
100
AcDbVisualStyle
  2
Linepattern
 70
    14
 71
     2
 72
     2
 73
     0
 90
        0
 40
0.6
 41
30.0
 62
     5
 63
     7
421
 16777215
 74
     1
 91
        4
 64
     7
 65
   257
 75
     7
175
     7
 42
1.0
 92
        8
 66
     7
 43
1.0
 76
     1
 77
     6
 78
     2
 67
     7
 79
     5
170
     0
171
     0
290
     0
174
     0
 93
        1
 44
0.0
173
     0
291
     1
 45
0.0
  0
VISUALSTYLE
  5
522
102
{ACAD_XDICTIONARY
360
803
102
}
102
{ACAD_REACTORS
330
510
102
}
330
510
100
AcDbVisualStyle
  2
OverhangOff
 70
    21
 71
     2
 72
     2
 73
     0
 90
        0
 40
0.6
 41
30.0
 62
     5
 63
     7
421
 16777215
 74
     1
 91
        4
 64
     7
 65
   257
 75
     1
175
     1
 42
1.0
 92
        9
 66
     7
 43
1.0
 76
     1
 77
     6
 78
     2
 67
     7
 79
     5
170
     0
171
     0
290
     0
174
     0
 93
        1
 44
0.0
173
     0
291
     1
 45
0.0
  0
VISUALSTYLE
  5
519
102
{ACAD_XDICTIONARY
360
805
102
}
102
{ACAD_REACTORS
330
510
102
}
330
510
100
AcDbVisualStyle
  2
Realistic
 70
     8
 71
     2
 72
     3
 73
     0
 90
        2
 40
0.6
 41
30.0
 62
     5
 63
     7
421
 16777215
 74
     0
 91
        0
 64
     7
 65
   257
 75
     1
175
     1
 42
1.0
 92
        8
 66
   257
 43
1.0
 76
     1
 77
     6
 78
     2
 67
     7
 79
     3
170
     0
171
     0
290
     0
174
     0
 93
       13
 44
0.0
173
     0
291
     0
 45
0.0
  0
VISUALSTYLE
  5
528
102
{ACAD_XDICTIONARY
360
807
102
}
102
{ACAD_REACTORS
330
510
102
}
330
510
100
AcDbVisualStyle
  2
Shaded
 70
    27
 71
     2
 72
     2
 73
     1
 90
        2
 40
0.6
 41
30.0
 62
     5
 63
     7
421
 16777215
 74
     0
 91
        4
 64
     7
 65
   257
 75
     1
175
     1
 42
1.0
 92
        8
 66
   257
 43
1.0
 76
     1
 77
     6
 78
     2
 67
     8
425
  7895160
 79
     3
170
     0
171
     0
290
     0
174
     0
 93
        5
 44
0.0
173
     0
291
     0
 45
0.0
  0
VISUALSTYLE
  5
527
102
{ACAD_XDICTIONARY
360
809
102
}
102
{ACAD_REACTORS
330
510
102
}
330
510
100
AcDbVisualStyle
  2
Shaded with edges
 70
    26
 71
     2
 72
     2
 73
     1
 90
        2
 40
0.6
 41
30.0
 62
     5
 63
     7
421
 16777215
 74
     1
 91
       10
 64
     7
 65
   257
 75
     2
175
     1
 42
1.0
 92
        8
 66
   257
 43
1.0
 76
     1
 77
     6
 78
     2
 67
     7
 79
     3
170
     0
171
     0
290
     0
174
     0
 93
        5
 44
0.0
173
     0
291
     0
 45
0.0
  0
VISUALSTYLE
  5
524
102
{ACAD_XDICTIONARY
360
80B
102
}
102
{ACAD_REACTORS
330
510
102
}
330
510
100
AcDbVisualStyle
  2
Shades of Gray
 70
    23
 71
     2
 72
     2
 73
     3
 90
        0
 40
0.6
 41
30.0
 62
     5
 63
     7
421
 16777215
 74
     2
 91
        2
 64
     7
 65
     7
 75
     1
175
     1
 42
40.0
 92
        8
 66
     7
 43
1.0
 76
     1
 77
     6
 78
     2
 67
     7
 79
     3
170
     0
171
     0
290
     0
174
     0
 93
        1
 44
0.0
173
     0
291
     0
 45
0.0
  0
VISUALSTYLE
  5
525
102
{ACAD_XDICTIONARY
360
80D
102
}
102
{ACAD_REACTORS
330
510
102
}
330
510
100
AcDbVisualStyle
  2
Sketchy
 70
    24
 71
     1
 72
     2
 73
     2
 90
        0
 40
0.6
 41
30.0
 62
     5
 63
     7
421
 16777215
 74
     2
 91
        2
 64
     7
 65
     7
 75
     1
175
     1
 42
40.0
 92
       11
 66
     7
 43
1.0
 76
     1
 77
     6
 78
     2
 67
     7
 79
     6
170
     0
171
     0
290
     0
174
     0
 93
        1
 44
0.0
173
     0
291
     0
 45
0.0
  0
VISUALSTYLE
  5
51D
102
{ACAD_XDICTIONARY
360
80F
102
}
102
{ACAD_REACTORS
330
510
102
}
330
510
100
AcDbVisualStyle
  2
Thicken
 70
    13
 71
     2
 72
     2
 73
     0
 90
        0
 40
0.6
 41
30.0
 62
     5
 63
     7
421
 16777215
 74
     1
 91
        4
 64
     7
 65
   257
 75
     1
175
     1
 42
1.0
 92
       12
 66
     7
 43
1.0
 76
     1
 77
     6
 78
     2
 67
     7
 79
     5
170
     0
171
     0
290
     0
174
     0
 93
        1
 44
0.0
173
     0
291
     1
 45
0.0
  0
VISUALSTYLE
  5
516
102
{ACAD_XDICTIONARY
360
811
102
}
102
{ACAD_REACTORS
330
510
102
}
330
510
100
AcDbVisualStyle
  2
Wireframe
 70
     5
 71
     0
 72
     2
 73
     0
 90
        0
 40
0.6
 41
30.0
 62
     5
 63
     7
421
 16777215
 74
     1
 91
        4
 64
     7
 65
   257
 75
     1
175
     1
 42
1.0
 92
        0
 66
   257
 43
1.0
 76
     1
 77
     6
 78
     2
 67
     7
 79
     3
170
     0
171
     0
290
     0
174
     0
 93
        1
 44
0.0
173
     0
291
     0
 45
0.0
  0
VISUALSTYLE
  5
526
102
{ACAD_XDICTIONARY
360
813
102
}
102
{ACAD_REACTORS
330
510
102
}
330
510
100
AcDbVisualStyle
  2
X-Ray
 70
    25
 71
     2
 72
     2
 73
     1
 90
        1
 40
0.5
 41
30.0
 62
     5
 63
     7
421
 16777215
 74
     1
 91
        0
 64
     7
 65
   257
 75
     1
175
     1
 42
1.0
 92
        8
 66
     7
 43
1.0
 76
     1
 77
     6
 78
     2
 67
     7
 79
     3
170
     0
171
     0
290
     0
174
     0
 93
       13
 44
0.0
173
     0
291
     0
 45
0.0
  0
DICTIONARYVAR
  5
781
102
{ACAD_REACTORS
330
77E
102
}
330
77E
100
DictionaryVariables
280
     0
  1
1:1
  0
DICTIONARYVAR
  5
780
102
{ACAD_REACTORS
330
77E
102
}
330
77E
100
DictionaryVariables
280
     0
  1
Standard
  0
DICTIONARYVAR
  5
77F
102
{ACAD_REACTORS
330
77E
102
}
330
77E
100
DictionaryVariables
280
     0
  1
Standard
  0
DICTIONARY
  5
7E1
330
52D
100
AcDbDictionary
280
     1
281
     1
  3
ACAD_XREC_ROUNDTRIP
360
87D
  0
DICTIONARY
  5
7E3
330
52B
100
AcDbDictionary
280
     1
281
     1
  3
ACAD_ROUNDTRIP_2008_TABLESTYLE_CELLSTYLEMAP
360
87E
  0
DICTIONARY
  5
7E5
330
515
100
AcDbDictionary
280
     1
281
     1
  3
ACAD_XREC_ROUNDTRIP
360
87F
  0
DICTIONARY
  5
7E7
330
518
100
AcDbDictionary
280
     1
281
     1
  3
ACAD_XREC_ROUNDTRIP
360
880
  0
DICTIONARY
  5
7E9
330
51C
100
AcDbDictionary
280
     1
281
     1
  3
ACAD_XREC_ROUNDTRIP
360
881
  0
DICTIONARY
  5
7EB
330
520
100
AcDbDictionary
280
     1
281
     1
  3
ACAD_XREC_ROUNDTRIP
360
882
  0
DICTIONARY
  5
7ED
330
51A
100
AcDbDictionary
280
     1
281
     1
  3
ACAD_XREC_ROUNDTRIP
360
883
  0
DICTIONARY
  5
7EF
330
51B
100
AcDbDictionary
280
     1
281
     1
  3
ACAD_XREC_ROUNDTRIP
360
884
  0
DICTIONARY
  5
7F1
330
523
100
AcDbDictionary
280
     1
281
     1
  3
ACAD_XREC_ROUNDTRIP
360
885
  0
DICTIONARY
  5
7F3
330
51F
100
AcDbDictionary
280
     1
281
     1
  3
ACAD_XREC_ROUNDTRIP
360
886
  0
DICTIONARY
  5
7F5
330
511
100
AcDbDictionary
280
     1
281
     1
  3
ACAD_XREC_ROUNDTRIP
360
887
  0
DICTIONARY
  5
7F7
330
512
100
AcDbDictionary
280
     1
281
     1
  3
ACAD_XREC_ROUNDTRIP
360
888
  0
DICTIONARY
  5
7F9
330
513
100
AcDbDictionary
280
     1
281
     1
  3
ACAD_XREC_ROUNDTRIP
360
889
  0
DICTIONARY
  5
7FB
330
514
100
AcDbDictionary
280
     1
281
     1
  3
ACAD_XREC_ROUNDTRIP
360
88A
  0
DICTIONARY
  5
7FD
330
517
100
AcDbDictionary
280
     1
281
     1
  3
ACAD_XREC_ROUNDTRIP
360
88B
  0
DICTIONARY
  5
7FF
330
521
100
AcDbDictionary
280
     1
281
     1
  3
ACAD_XREC_ROUNDTRIP
360
88C
  0
DICTIONARY
  5
801
330
51E
100
AcDbDictionary
280
     1
281
     1
  3
ACAD_XREC_ROUNDTRIP
360
88D
  0
DICTIONARY
  5
803
330
522
100
AcDbDictionary
280
     1
281
     1
  3
ACAD_XREC_ROUNDTRIP
360
88E
  0
DICTIONARY
  5
805
330
519
100
AcDbDictionary
280
     1
281
     1
  3
ACAD_XREC_ROUNDTRIP
360
88F
  0
DICTIONARY
  5
807
330
528
100
AcDbDictionary
280
     1
281
     1
  3
ACAD_XREC_ROUNDTRIP
360
890
  0
DICTIONARY
  5
809
330
527
100
AcDbDictionary
280
     1
281
     1
  3
ACAD_XREC_ROUNDTRIP
360
891
  0
DICTIONARY
  5
80B
330
524
100
AcDbDictionary
280
     1
281
     1
  3
ACAD_XREC_ROUNDTRIP
360
892
  0
DICTIONARY
  5
80D
330
525
100
AcDbDictionary
280
     1
281
     1
  3
ACAD_XREC_ROUNDTRIP
360
893
  0
DICTIONARY
  5
80F
330
51D
100
AcDbDictionary
280
     1
281
     1
  3
ACAD_XREC_ROUNDTRIP
360
894
  0
DICTIONARY
  5
811
330
516
100
AcDbDictionary
280
     1
281
     1
  3
ACAD_XREC_ROUNDTRIP
360
895
  0
DICTIONARY
  5
813
330
526
100
AcDbDictionary
280
     1
281
     1
  3
ACAD_XREC_ROUNDTRIP
360
896
  0
XRECORD
  5
87D
102
{ACAD_REACTORS
330
7E1
102
}
330
7E1
100
AcDbXrecord
280
     1
102
ACAD_ROUNDTRIP_2010_MLEADER_STYLE
  0
CELLSTYLEMAP
  5
87E
102
{ACAD_REACTORS
330
7E3
102
}
330
7E3
100
AcDbCellStyleMap
 90
        3
300
CELLSTYLE
  1
TABLEFORMAT_BEGIN
 90
        5
170
     1
 91
        0
 92
    32768
 62
   257
 93
        1
300
CONTENTFORMAT
  1
CONTENTFORMAT_BEGIN
 90
        0
 91
        0
 92
        4
 93
        0
300

 40
0.0
140
1.0
 94
        5
 62
     7
340
11
144
6.0
309
CONTENTFORMAT_END
171
     1
301
MARGIN
  1
CELLMARGIN_BEGIN
 40
1.5
 40
1.5
 40
1.5
 40
1.5
 40
0.18
 40
0.18
309
CELLMARGIN_END
 94
        6
 95
        1
302
GRIDFORMAT
  1
GRIDFORMAT_BEGIN
 90
        0
 91
        1
 62
     0
 92
       -2
340
0
 93
        0
 40
0.045
309
GRIDFORMAT_END
 95
        2
302
GRIDFORMAT
  1
GRIDFORMAT_BEGIN
 90
        0
 91
        1
 62
     0
 92
       -2
340
0
 93
        0
 40
0.045
309
GRIDFORMAT_END
 95
        4
302
GRIDFORMAT
  1
GRIDFORMAT_BEGIN
 90
        0
 91
        1
 62
     0
 92
       -2
340
0
 93
        0
 40
0.045
309
GRIDFORMAT_END
 95
        8
302
GRIDFORMAT
  1
GRIDFORMAT_BEGIN
 90
        0
 91
        1
 62
     0
 92
       -2
340
0
 93
        0
 40
0.045
309
GRIDFORMAT_END
 95
       16
302
GRIDFORMAT
  1
GRIDFORMAT_BEGIN
 90
        0
 91
        1
 62
     0
 92
       -2
340
0
 93
        0
 40
0.045
309
GRIDFORMAT_END
 95
       32
302
GRIDFORMAT
  1
GRIDFORMAT_BEGIN
 90
        0
 91
        1
 62
     0
 92
       -2
340
0
 93
        0
 40
0.045
309
GRIDFORMAT_END
309
TABLEFORMAT_END
  1
CELLSTYLE_BEGIN
 90
        1
 91
        1
300
_TITLE
309
CELLSTYLE_END
300
CELLSTYLE
  1
TABLEFORMAT_BEGIN
 90
        5
170
     1
 91
        0
 92
        0
 62
   257
 93
        1
300
CONTENTFORMAT
  1
CONTENTFORMAT_BEGIN
 90
        0
 91
        0
 92
        4
 93
        0
300

 40
0.0
140
1.0
 94
        5
 62
     7
340
11
144
4.5
309
CONTENTFORMAT_END
171
     1
301
MARGIN
  1
CELLMARGIN_BEGIN
 40
1.5
 40
1.5
 40
1.5
 40
1.5
 40
0.18
 40
0.18
309
CELLMARGIN_END
 94
        6
 95
        1
302
GRIDFORMAT
  1
GRIDFORMAT_BEGIN
 90
        0
 91
        1
 62
     0
 92
       -2
340
0
 93
        0
 40
0.045
309
GRIDFORMAT_END
 95
        2
302
GRIDFORMAT
  1
GRIDFORMAT_BEGIN
 90
        0
 91
        1
 62
     0
 92
       -2
340
0
 93
        0
 40
0.045
309
GRIDFORMAT_END
 95
        4
302
GRIDFORMAT
  1
GRIDFORMAT_BEGIN
 90
        0
 91
        1
 62
     0
 92
       -2
340
0
 93
        0
 40
0.045
309
GRIDFORMAT_END
 95
        8
302
GRIDFORMAT
  1
GRIDFORMAT_BEGIN
 90
        0
 91
        1
 62
     0
 92
       -2
340
0
 93
        0
 40
0.045
309
GRIDFORMAT_END
 95
       16
302
GRIDFORMAT
  1
GRIDFORMAT_BEGIN
 90
        0
 91
        1
 62
     0
 92
       -2
340
0
 93
        0
 40
0.045
309
GRIDFORMAT_END
 95
       32
302
GRIDFORMAT
  1
GRIDFORMAT_BEGIN
 90
        0
 91
        1
 62
     0
 92
       -2
340
0
 93
        0
 40
0.045
309
GRIDFORMAT_END
309
TABLEFORMAT_END
  1
CELLSTYLE_BEGIN
 90
        2
 91
        1
300
_HEADER
309
CELLSTYLE_END
300
CELLSTYLE
  1
TABLEFORMAT_BEGIN
 90
        5
170
     1
 91
        0
 92
        0
 62
   257
 93
        1
300
CONTENTFORMAT
  1
CONTENTFORMAT_BEGIN
 90
        0
 91
        0
 92
        4
 93
        0
300

 40
0.0
140
1.0
 94
        2
 62
     7
340
11
144
4.5
309
CONTENTFORMAT_END
171
     1
301
MARGIN
  1
CELLMARGIN_BEGIN
 40
1.5
 40
1.5
 40
1.5
 40
1.5
 40
0.18
 40
0.18
309
CELLMARGIN_END
 94
        6
 95
        1
302
GRIDFORMAT
  1
GRIDFORMAT_BEGIN
 90
        0
 91
        1
 62
     0
 92
       -2
340
0
 93
        0
 40
0.045
309
GRIDFORMAT_END
 95
        2
302
GRIDFORMAT
  1
GRIDFORMAT_BEGIN
 90
        0
 91
        1
 62
     0
 92
       -2
340
0
 93
        0
 40
0.045
309
GRIDFORMAT_END
 95
        4
302
GRIDFORMAT
  1
GRIDFORMAT_BEGIN
 90
        0
 91
        1
 62
     0
 92
       -2
340
0
 93
        0
 40
0.045
309
GRIDFORMAT_END
 95
        8
302
GRIDFORMAT
  1
GRIDFORMAT_BEGIN
 90
        0
 91
        1
 62
     0
 92
       -2
340
0
 93
        0
 40
0.045
309
GRIDFORMAT_END
 95
       16
302
GRIDFORMAT
  1
GRIDFORMAT_BEGIN
 90
        0
 91
        1
 62
     0
 92
       -2
340
0
 93
        0
 40
0.045
309
GRIDFORMAT_END
 95
       32
302
GRIDFORMAT
  1
GRIDFORMAT_BEGIN
 90
        0
 91
        1
 62
     0
 92
       -2
340
0
 93
        0
 40
0.045
309
GRIDFORMAT_END
309
TABLEFORMAT_END
  1
CELLSTYLE_BEGIN
 90
        3
 91
        2
300
_DATA
309
CELLSTYLE_END
  0
XRECORD
  5
87F
102
{ACAD_REACTORS
330
7E5
102
}
330
7E5
100
AcDbXrecord
280
     1
102
RTVSPropertyOp0
 70
     1
102
RTVSPropertyOp1
 70
     1
102
RTVSPropertyOp2
 70
     1
102
RTVSPropertyOp3
 70
     1
102
RTVSPropertyOp4
 70
     1
102
RTVSPropertyOp5
 70
     1
102
RTVSPropertyOp6
 70
     1
102
RTVSPropertyOp7
 70
     1
102
RTVSPropertyOp8
 70
     1
102
RTVSPropertyOp9
 70
     1
102
RTVSPropertyOp10
 70
     1
102
RTVSPropertyOp11
 70
     1
102
RTVSPropertyOp12
 70
     1
102
RTVSPropertyOp13
 70
     1
102
RTVSPropertyOp14
 70
     1
102
RTVSPropertyOp15
 70
     1
102
RTVSPropertyOp16
 70
     1
102
RTVSPropertyOp17
 70
     1
102
RTVSPropertyOp18
 70
     1
102
RTVSPropertyOp19
 70
     1
102
RTVSPropertyOp20
 70
     1
102
RTVSPropertyOp21
 70
     1
102
RTVSPropertyOp22
 70
     1
102
RTVSPropertyOp23
 70
     1
102
RTVSPropertyOp24
 70
     1
102
RTVSPropertyOp25
 70
     1
102
RTVSPropertyOp26
 70
     1
102
RTVSPropertyOp27
 70
     1
102
RTVSPropertyOp28
 70
     1
102
RTVSPropertyOp29
 70
     1
102
RTVSPropertyOp30
 70
     1
102
RTVSPropertyOp31
 70
     1
102
RTVSPropertyOp32
 70
     1
102
RTVSPropertyOp33
 70
     1
102
RTVSPropertyOp34
 70
     1
102
RTVSPropertyOp35
 70
     1
102
RTVSPropertyOp36
 70
     1
102
RTVSPropertyOp37
 70
     1
102
RTVSPropertyOp38
 70
     1
102
RTVSPropertyOp39
 70
     1
102
RTVSPropertyOp40
 70
     1
102
RTVSPropertyOp41
 70
     1
102
RTVSPropertyOp42
 70
     1
102
RTVSPropertyOp43
 70
     1
102
RTVSPropertyOp44
 70
     1
102
RTVSPropertyOp45
 70
     1
102
RTVSPropertyOp46
 70
     1
102
RTVSPropertyOp47
 70
     1
102
RTVSPropertyOp48
 70
     1
102
RTVSPropertyOp49
 70
     1
102
RTVSPropertyOp50
 70
     1
102
RTVSPropertyOp51
 70
     0
102
RTVSPropertyOp52
 70
     0
102
RTVSPropertyOp53
 70
     1
102
RTVSPropertyOp54
 70
     1
102
RTVSPropertyOp55
 70
     1
102
RTVSPropertyOp56
 70
     1
102
RTVSPropertyOp57
 70
     1
102
RTVSPost2010Prop28
280
     1
102
RTVSPost2010PropOp28
 70
     1
102
RTVSPost2010Prop29
280
     1
102
RTVSPost2010PropOp29
 70
     1
102
RTVSPost2010Prop30
280
     0
102
RTVSPost2010PropOp30
 70
     1
102
RTVSPost2010Prop31
280
     0
102
RTVSPost2010PropOp31
 70
     1
102
RTVSPost2010Prop32
280
     0
102
RTVSPost2010PropOp32
 70
     1
102
RTVSPost2010Prop33
280
     0
102
RTVSPost2010PropOp33
 70
     1
102
RTVSPost2010Prop34
280
     0
102
RTVSPost2010PropOp34
 70
     1
102
RTVSPost2010Prop35
280
     0
102
RTVSPost2010PropOp35
 70
     1
102
RTVSPost2010Prop36
280
     0
102
RTVSPost2010PropOp36
 70
     1
102
RTVSPost2010Prop37
 90
       50
102
RTVSPost2010PropOp37
 70
     1
102
RTVSPost2010Prop38
140
0.0
102
RTVSPost2010PropOp38
 70
     1
102
RTVSPost2010Prop39
140
1.0
102
RTVSPost2010PropOp39
 70
     1
102
RTVSPost2010Prop40
 90
        0
102
RTVSPost2010PropOp40
 70
     1
102
RTVSPost2010Prop41ColorIndex
 90
       18
102
RTVSPost2010Prop41ColorRGB
 90
        0
102
RTVSPost2010PropOp41
 70
     1
102
RTVSPost2010Prop42
 90
       50
102
RTVSPost2010PropOp42
 70
     1
102
RTVSPost2010Prop43
 90
        3
102
RTVSPost2010PropOp43
 70
     1
102
RTVSPost2010Prop44ColorIndex
 90
        5
102
RTVSPost2010Prop44ColorRGB
 90
      255
102
RTVSPost2010PropOp44
 70
     1
102
RTVSPost2010Prop45
280
     0
102
RTVSPost2010PropOp45
 70
     1
102
RTVSPost2010Prop46
 90
       50
102
RTVSPost2010PropOp46
 70
     1
102
RTVSPost2010Prop47
 90
       50
102
RTVSPost2010PropOp47
 70
     1
102
RTVSPost2010Prop48
 90
       50
102
RTVSPost2010PropOp48
 70
     1
102
RTVSPost2010Prop49
280
     0
102
RTVSPost2010PropOp49
 70
     1
102
RTVSPost2010Prop50
 90
       50
102
RTVSPost2010PropOp50
 70
     1
102
RTVSPost2010Prop51ColorIndex
 90
      256
102
RTVSPost2010Prop51ColorRGB
 90
-16777216
102
RTVSPost2010PropOp51
 70
     0
102
RTVSPost2010Prop52
140
1.0
102
RTVSPost2010PropOp52
 70
     0
102
RTVSPost2010Prop53
 90
        2
102
RTVSPost2010PropOp53
 70
     1
102
RTVSPost2010Prop54
  1
strokes_ogs.tif
102
RTVSPost2010PropOp54
 70
     1
102
RTVSPost2010Prop55
280
     0
102
RTVSPost2010PropOp55
 70
     1
102
RTVSPost2010Prop56
140
1.0
102
RTVSPost2010PropOp56
 70
     1
102
RTVSPost2010Prop57
140
1.0
102
RTVSPost2010PropOp57
 70
     1
  0
XRECORD
  5
880
102
{ACAD_REACTORS
330
7E7
102
}
330
7E7
100
AcDbXrecord
280
     1
102
RTVSPropertyOp0
 70
     1
102
RTVSPropertyOp1
 70
     1
102
RTVSPropertyOp2
 70
     1
102
RTVSPropertyOp3
 70
     1
102
RTVSPropertyOp4
 70
     1
102
RTVSPropertyOp5
 70
     1
102
RTVSPropertyOp6
 70
     1
102
RTVSPropertyOp7
 70
     1
102
RTVSPropertyOp8
 70
     1
102
RTVSPropertyOp9
 70
     1
102
RTVSPropertyOp10
 70
     1
102
RTVSPropertyOp11
 70
     1
102
RTVSPropertyOp12
 70
     1
102
RTVSPropertyOp13
 70
     1
102
RTVSPropertyOp14
 70
     1
102
RTVSPropertyOp15
 70
     1
102
RTVSPropertyOp16
 70
     1
102
RTVSPropertyOp17
 70
     1
102
RTVSPropertyOp18
 70
     1
102
RTVSPropertyOp19
 70
     1
102
RTVSPropertyOp20
 70
     1
102
RTVSPropertyOp21
 70
     1
102
RTVSPropertyOp22
 70
     1
102
RTVSPropertyOp23
 70
     1
102
RTVSPropertyOp24
 70
     1
102
RTVSPropertyOp25
 70
     1
102
RTVSPropertyOp26
 70
     1
102
RTVSPropertyOp27
 70
     1
102
RTVSPropertyOp28
 70
     1
102
RTVSPropertyOp29
 70
     1
102
RTVSPropertyOp30
 70
     1
102
RTVSPropertyOp31
 70
     1
102
RTVSPropertyOp32
 70
     1
102
RTVSPropertyOp33
 70
     1
102
RTVSPropertyOp34
 70
     1
102
RTVSPropertyOp35
 70
     1
102
RTVSPropertyOp36
 70
     1
102
RTVSPropertyOp37
 70
     1
102
RTVSPropertyOp38
 70
     1
102
RTVSPropertyOp39
 70
     1
102
RTVSPropertyOp40
 70
     1
102
RTVSPropertyOp41
 70
     1
102
RTVSPropertyOp42
 70
     1
102
RTVSPropertyOp43
 70
     1
102
RTVSPropertyOp44
 70
     1
102
RTVSPropertyOp45
 70
     1
102
RTVSPropertyOp46
 70
     1
102
RTVSPropertyOp47
 70
     1
102
RTVSPropertyOp48
 70
     1
102
RTVSPropertyOp49
 70
     1
102
RTVSPropertyOp50
 70
     1
102
RTVSPropertyOp51
 70
     0
102
RTVSPropertyOp52
 70
     0
102
RTVSPropertyOp53
 70
     1
102
RTVSPropertyOp54
 70
     1
102
RTVSPropertyOp55
 70
     1
102
RTVSPropertyOp56
 70
     1
102
RTVSPropertyOp57
 70
     1
102
RTVSPost2010Prop28
280
     0
102
RTVSPost2010PropOp28
 70
     1
102
RTVSPost2010Prop29
280
     1
102
RTVSPost2010PropOp29
 70
     1
102
RTVSPost2010Prop30
280
     1
102
RTVSPost2010PropOp30
 70
     1
102
RTVSPost2010Prop31
280
     0
102
RTVSPost2010PropOp31
 70
     1
102
RTVSPost2010Prop32
280
     0
102
RTVSPost2010PropOp32
 70
     1
102
RTVSPost2010Prop33
280
     0
102
RTVSPost2010PropOp33
 70
     1
102
RTVSPost2010Prop34
280
     0
102
RTVSPost2010PropOp34
 70
     1
102
RTVSPost2010Prop35
280
     0
102
RTVSPost2010PropOp35
 70
     1
102
RTVSPost2010Prop36
280
     0
102
RTVSPost2010PropOp36
 70
     1
102
RTVSPost2010Prop37
 90
       50
102
RTVSPost2010PropOp37
 70
     1
102
RTVSPost2010Prop38
140
0.0
102
RTVSPost2010PropOp38
 70
     1
102
RTVSPost2010Prop39
140
1.0
102
RTVSPost2010PropOp39
 70
     1
102
RTVSPost2010Prop40
 90
        0
102
RTVSPost2010PropOp40
 70
     1
102
RTVSPost2010Prop41ColorIndex
 90
       18
102
RTVSPost2010Prop41ColorRGB
 90
        0
102
RTVSPost2010PropOp41
 70
     1
102
RTVSPost2010Prop42
 90
       50
102
RTVSPost2010PropOp42
 70
     1
102
RTVSPost2010Prop43
 90
        3
102
RTVSPost2010PropOp43
 70
     1
102
RTVSPost2010Prop44ColorIndex
 90
        5
102
RTVSPost2010Prop44ColorRGB
 90
      255
102
RTVSPost2010PropOp44
 70
     1
102
RTVSPost2010Prop45
280
     0
102
RTVSPost2010PropOp45
 70
     1
102
RTVSPost2010Prop46
 90
       50
102
RTVSPost2010PropOp46
 70
     1
102
RTVSPost2010Prop47
 90
       50
102
RTVSPost2010PropOp47
 70
     1
102
RTVSPost2010Prop48
 90
       50
102
RTVSPost2010PropOp48
 70
     1
102
RTVSPost2010Prop49
280
     0
102
RTVSPost2010PropOp49
 70
     1
102
RTVSPost2010Prop50
 90
       50
102
RTVSPost2010PropOp50
 70
     1
102
RTVSPost2010Prop51ColorIndex
 90
      256
102
RTVSPost2010Prop51ColorRGB
 90
-16777216
102
RTVSPost2010PropOp51
 70
     0
102
RTVSPost2010Prop52
140
1.0
102
RTVSPost2010PropOp52
 70
     0
102
RTVSPost2010Prop53
 90
        2
102
RTVSPost2010PropOp53
 70
     1
102
RTVSPost2010Prop54
  1
strokes_ogs.tif
102
RTVSPost2010PropOp54
 70
     1
102
RTVSPost2010Prop55
280
     0
102
RTVSPost2010PropOp55
 70
     1
102
RTVSPost2010Prop56
140
1.0
102
RTVSPost2010PropOp56
 70
     1
102
RTVSPost2010Prop57
140
1.0
102
RTVSPost2010PropOp57
 70
     1
  0
XRECORD
  5
881
102
{ACAD_REACTORS
330
7E9
102
}
330
7E9
100
AcDbXrecord
280
     1
102
RTVSPropertyOp0
 70
     1
102
RTVSPropertyOp1
 70
     1
102
RTVSPropertyOp2
 70
     1
102
RTVSPropertyOp3
 70
     1
102
RTVSPropertyOp4
 70
     1
102
RTVSPropertyOp5
 70
     1
102
RTVSPropertyOp6
 70
     1
102
RTVSPropertyOp7
 70
     1
102
RTVSPropertyOp8
 70
     1
102
RTVSPropertyOp9
 70
     1
102
RTVSPropertyOp10
 70
     1
102
RTVSPropertyOp11
 70
     1
102
RTVSPropertyOp12
 70
     1
102
RTVSPropertyOp13
 70
     1
102
RTVSPropertyOp14
 70
     1
102
RTVSPropertyOp15
 70
     1
102
RTVSPropertyOp16
 70
     1
102
RTVSPropertyOp17
 70
     1
102
RTVSPropertyOp18
 70
     1
102
RTVSPropertyOp19
 70
     1
102
RTVSPropertyOp20
 70
     1
102
RTVSPropertyOp21
 70
     1
102
RTVSPropertyOp22
 70
     1
102
RTVSPropertyOp23
 70
     1
102
RTVSPropertyOp24
 70
     1
102
RTVSPropertyOp25
 70
     1
102
RTVSPropertyOp26
 70
     1
102
RTVSPropertyOp27
 70
     1
102
RTVSPropertyOp28
 70
     1
102
RTVSPropertyOp29
 70
     1
102
RTVSPropertyOp30
 70
     1
102
RTVSPropertyOp31
 70
     1
102
RTVSPropertyOp32
 70
     1
102
RTVSPropertyOp33
 70
     1
102
RTVSPropertyOp34
 70
     1
102
RTVSPropertyOp35
 70
     1
102
RTVSPropertyOp36
 70
     1
102
RTVSPropertyOp37
 70
     1
102
RTVSPropertyOp38
 70
     1
102
RTVSPropertyOp39
 70
     1
102
RTVSPropertyOp40
 70
     1
102
RTVSPropertyOp41
 70
     1
102
RTVSPropertyOp42
 70
     1
102
RTVSPropertyOp43
 70
     1
102
RTVSPropertyOp44
 70
     1
102
RTVSPropertyOp45
 70
     1
102
RTVSPropertyOp46
 70
     1
102
RTVSPropertyOp47
 70
     1
102
RTVSPropertyOp48
 70
     1
102
RTVSPropertyOp49
 70
     1
102
RTVSPropertyOp50
 70
     1
102
RTVSPropertyOp51
 70
     0
102
RTVSPropertyOp52
 70
     0
102
RTVSPropertyOp53
 70
     1
102
RTVSPropertyOp54
 70
     1
102
RTVSPropertyOp55
 70
     1
102
RTVSPropertyOp56
 70
     1
102
RTVSPropertyOp57
 70
     1
102
RTVSPost2010Prop28
280
     0
102
RTVSPost2010PropOp28
 70
     1
102
RTVSPost2010Prop29
280
     1
102
RTVSPost2010PropOp29
 70
     1
102
RTVSPost2010Prop30
280
     1
102
RTVSPost2010PropOp30
 70
     1
102
RTVSPost2010Prop31
280
     0
102
RTVSPost2010PropOp31
 70
     1
102
RTVSPost2010Prop32
280
     0
102
RTVSPost2010PropOp32
 70
     1
102
RTVSPost2010Prop33
280
     0
102
RTVSPost2010PropOp33
 70
     1
102
RTVSPost2010Prop34
280
     0
102
RTVSPost2010PropOp34
 70
     1
102
RTVSPost2010Prop35
280
     0
102
RTVSPost2010PropOp35
 70
     1
102
RTVSPost2010Prop36
280
     0
102
RTVSPost2010PropOp36
 70
     1
102
RTVSPost2010Prop37
 90
       50
102
RTVSPost2010PropOp37
 70
     1
102
RTVSPost2010Prop38
140
0.0
102
RTVSPost2010PropOp38
 70
     1
102
RTVSPost2010Prop39
140
1.0
102
RTVSPost2010PropOp39
 70
     1
102
RTVSPost2010Prop40
 90
        0
102
RTVSPost2010PropOp40
 70
     1
102
RTVSPost2010Prop41ColorIndex
 90
       18
102
RTVSPost2010Prop41ColorRGB
 90
        0
102
RTVSPost2010PropOp41
 70
     1
102
RTVSPost2010Prop42
 90
       50
102
RTVSPost2010PropOp42
 70
     1
102
RTVSPost2010Prop43
 90
        3
102
RTVSPost2010PropOp43
 70
     1
102
RTVSPost2010Prop44ColorIndex
 90
        5
102
RTVSPost2010Prop44ColorRGB
 90
      255
102
RTVSPost2010PropOp44
 70
     1
102
RTVSPost2010Prop45
280
     0
102
RTVSPost2010PropOp45
 70
     1
102
RTVSPost2010Prop46
 90
       50
102
RTVSPost2010PropOp46
 70
     1
102
RTVSPost2010Prop47
 90
       50
102
RTVSPost2010PropOp47
 70
     1
102
RTVSPost2010Prop48
 90
       50
102
RTVSPost2010PropOp48
 70
     1
102
RTVSPost2010Prop49
280
     0
102
RTVSPost2010PropOp49
 70
     1
102
RTVSPost2010Prop50
 90
       50
102
RTVSPost2010PropOp50
 70
     1
102
RTVSPost2010Prop51ColorIndex
 90
      256
102
RTVSPost2010Prop51ColorRGB
 90
-16777216
102
RTVSPost2010PropOp51
 70
     0
102
RTVSPost2010Prop52
140
1.0
102
RTVSPost2010PropOp52
 70
     0
102
RTVSPost2010Prop53
 90
        2
102
RTVSPost2010PropOp53
 70
     1
102
RTVSPost2010Prop54
  1
strokes_ogs.tif
102
RTVSPost2010PropOp54
 70
     1
102
RTVSPost2010Prop55
280
     0
102
RTVSPost2010PropOp55
 70
     1
102
RTVSPost2010Prop56
140
1.0
102
RTVSPost2010PropOp56
 70
     1
102
RTVSPost2010Prop57
140
1.0
102
RTVSPost2010PropOp57
 70
     1
  0
XRECORD
  5
882
102
{ACAD_REACTORS
330
7EB
102
}
330
7EB
100
AcDbXrecord
280
     1
102
RTVSPropertyOp0
 70
     1
102
RTVSPropertyOp1
 70
     1
102
RTVSPropertyOp2
 70
     1
102
RTVSPropertyOp3
 70
     1
102
RTVSPropertyOp4
 70
     1
102
RTVSPropertyOp5
 70
     1
102
RTVSPropertyOp6
 70
     1
102
RTVSPropertyOp7
 70
     1
102
RTVSPropertyOp8
 70
     1
102
RTVSPropertyOp9
 70
     1
102
RTVSPropertyOp10
 70
     1
102
RTVSPropertyOp11
 70
     1
102
RTVSPropertyOp12
 70
     1
102
RTVSPropertyOp13
 70
     1
102
RTVSPropertyOp14
 70
     1
102
RTVSPropertyOp15
 70
     1
102
RTVSPropertyOp16
 70
     1
102
RTVSPropertyOp17
 70
     1
102
RTVSPropertyOp18
 70
     1
102
RTVSPropertyOp19
 70
     1
102
RTVSPropertyOp20
 70
     1
102
RTVSPropertyOp21
 70
     1
102
RTVSPropertyOp22
 70
     1
102
RTVSPropertyOp23
 70
     1
102
RTVSPropertyOp24
 70
     1
102
RTVSPropertyOp25
 70
     1
102
RTVSPropertyOp26
 70
     1
102
RTVSPropertyOp27
 70
     1
102
RTVSPropertyOp28
 70
     1
102
RTVSPropertyOp29
 70
     1
102
RTVSPropertyOp30
 70
     1
102
RTVSPropertyOp31
 70
     1
102
RTVSPropertyOp32
 70
     1
102
RTVSPropertyOp33
 70
     1
102
RTVSPropertyOp34
 70
     1
102
RTVSPropertyOp35
 70
     1
102
RTVSPropertyOp36
 70
     1
102
RTVSPropertyOp37
 70
     1
102
RTVSPropertyOp38
 70
     1
102
RTVSPropertyOp39
 70
     1
102
RTVSPropertyOp40
 70
     1
102
RTVSPropertyOp41
 70
     1
102
RTVSPropertyOp42
 70
     1
102
RTVSPropertyOp43
 70
     1
102
RTVSPropertyOp44
 70
     1
102
RTVSPropertyOp45
 70
     1
102
RTVSPropertyOp46
 70
     1
102
RTVSPropertyOp47
 70
     1
102
RTVSPropertyOp48
 70
     1
102
RTVSPropertyOp49
 70
     1
102
RTVSPropertyOp50
 70
     1
102
RTVSPropertyOp51
 70
     0
102
RTVSPropertyOp52
 70
     0
102
RTVSPropertyOp53
 70
     1
102
RTVSPropertyOp54
 70
     1
102
RTVSPropertyOp55
 70
     1
102
RTVSPropertyOp56
 70
     1
102
RTVSPropertyOp57
 70
     1
102
RTVSPost2010Prop28
280
     0
102
RTVSPost2010PropOp28
 70
     1
102
RTVSPost2010Prop29
280
     1
102
RTVSPost2010PropOp29
 70
     1
102
RTVSPost2010Prop30
280
     1
102
RTVSPost2010PropOp30
 70
     1
102
RTVSPost2010Prop31
280
     0
102
RTVSPost2010PropOp31
 70
     1
102
RTVSPost2010Prop32
280
     0
102
RTVSPost2010PropOp32
 70
     1
102
RTVSPost2010Prop33
280
     0
102
RTVSPost2010PropOp33
 70
     1
102
RTVSPost2010Prop34
280
     0
102
RTVSPost2010PropOp34
 70
     1
102
RTVSPost2010Prop35
280
     0
102
RTVSPost2010PropOp35
 70
     1
102
RTVSPost2010Prop36
280
     0
102
RTVSPost2010PropOp36
 70
     1
102
RTVSPost2010Prop37
 90
       50
102
RTVSPost2010PropOp37
 70
     1
102
RTVSPost2010Prop38
140
0.0
102
RTVSPost2010PropOp38
 70
     1
102
RTVSPost2010Prop39
140
1.0
102
RTVSPost2010PropOp39
 70
     1
102
RTVSPost2010Prop40
 90
        0
102
RTVSPost2010PropOp40
 70
     1
102
RTVSPost2010Prop41ColorIndex
 90
       18
102
RTVSPost2010Prop41ColorRGB
 90
        0
102
RTVSPost2010PropOp41
 70
     1
102
RTVSPost2010Prop42
 90
       50
102
RTVSPost2010PropOp42
 70
     1
102
RTVSPost2010Prop43
 90
        3
102
RTVSPost2010PropOp43
 70
     1
102
RTVSPost2010Prop44ColorIndex
 90
        5
102
RTVSPost2010Prop44ColorRGB
 90
      255
102
RTVSPost2010PropOp44
 70
     1
102
RTVSPost2010Prop45
280
     0
102
RTVSPost2010PropOp45
 70
     1
102
RTVSPost2010Prop46
 90
       50
102
RTVSPost2010PropOp46
 70
     1
102
RTVSPost2010Prop47
 90
       50
102
RTVSPost2010PropOp47
 70
     1
102
RTVSPost2010Prop48
 90
       50
102
RTVSPost2010PropOp48
 70
     1
102
RTVSPost2010Prop49
280
     0
102
RTVSPost2010PropOp49
 70
     1
102
RTVSPost2010Prop50
 90
       50
102
RTVSPost2010PropOp50
 70
     1
102
RTVSPost2010Prop51ColorIndex
 90
      256
102
RTVSPost2010Prop51ColorRGB
 90
-16777216
102
RTVSPost2010PropOp51
 70
     0
102
RTVSPost2010Prop52
140
1.0
102
RTVSPost2010PropOp52
 70
     0
102
RTVSPost2010Prop53
 90
        2
102
RTVSPost2010PropOp53
 70
     1
102
RTVSPost2010Prop54
  1
strokes_ogs.tif
102
RTVSPost2010PropOp54
 70
     1
102
RTVSPost2010Prop55
280
     0
102
RTVSPost2010PropOp55
 70
     1
102
RTVSPost2010Prop56
140
1.0
102
RTVSPost2010PropOp56
 70
     1
102
RTVSPost2010Prop57
140
1.0
102
RTVSPost2010PropOp57
 70
     1
  0
XRECORD
  5
883
102
{ACAD_REACTORS
330
7ED
102
}
330
7ED
100
AcDbXrecord
280
     1
102
RTVSPropertyOp0
 70
     1
102
RTVSPropertyOp1
 70
     1
102
RTVSPropertyOp2
 70
     1
102
RTVSPropertyOp3
 70
     1
102
RTVSPropertyOp4
 70
     1
102
RTVSPropertyOp5
 70
     1
102
RTVSPropertyOp6
 70
     1
102
RTVSPropertyOp7
 70
     1
102
RTVSPropertyOp8
 70
     1
102
RTVSPropertyOp9
 70
     1
102
RTVSPropertyOp10
 70
     1
102
RTVSPropertyOp11
 70
     1
102
RTVSPropertyOp12
 70
     1
102
RTVSPropertyOp13
 70
     1
102
RTVSPropertyOp14
 70
     1
102
RTVSPropertyOp15
 70
     1
102
RTVSPropertyOp16
 70
     1
102
RTVSPropertyOp17
 70
     1
102
RTVSPropertyOp18
 70
     1
102
RTVSPropertyOp19
 70
     1
102
RTVSPropertyOp20
 70
     1
102
RTVSPropertyOp21
 70
     1
102
RTVSPropertyOp22
 70
     1
102
RTVSPropertyOp23
 70
     1
102
RTVSPropertyOp24
 70
     1
102
RTVSPropertyOp25
 70
     1
102
RTVSPropertyOp26
 70
     1
102
RTVSPropertyOp27
 70
     1
102
RTVSPropertyOp28
 70
     1
102
RTVSPropertyOp29
 70
     1
102
RTVSPropertyOp30
 70
     1
102
RTVSPropertyOp31
 70
     1
102
RTVSPropertyOp32
 70
     1
102
RTVSPropertyOp33
 70
     1
102
RTVSPropertyOp34
 70
     1
102
RTVSPropertyOp35
 70
     1
102
RTVSPropertyOp36
 70
     1
102
RTVSPropertyOp37
 70
     1
102
RTVSPropertyOp38
 70
     1
102
RTVSPropertyOp39
 70
     1
102
RTVSPropertyOp40
 70
     1
102
RTVSPropertyOp41
 70
     1
102
RTVSPropertyOp42
 70
     1
102
RTVSPropertyOp43
 70
     1
102
RTVSPropertyOp44
 70
     1
102
RTVSPropertyOp45
 70
     1
102
RTVSPropertyOp46
 70
     1
102
RTVSPropertyOp47
 70
     1
102
RTVSPropertyOp48
 70
     1
102
RTVSPropertyOp49
 70
     1
102
RTVSPropertyOp50
 70
     1
102
RTVSPropertyOp51
 70
     0
102
RTVSPropertyOp52
 70
     0
102
RTVSPropertyOp53
 70
     1
102
RTVSPropertyOp54
 70
     1
102
RTVSPropertyOp55
 70
     1
102
RTVSPropertyOp56
 70
     1
102
RTVSPropertyOp57
 70
     1
102
RTVSPost2010Prop28
280
     0
102
RTVSPost2010PropOp28
 70
     1
102
RTVSPost2010Prop29
280
     1
102
RTVSPost2010PropOp29
 70
     1
102
RTVSPost2010Prop30
280
     1
102
RTVSPost2010PropOp30
 70
     1
102
RTVSPost2010Prop31
280
     0
102
RTVSPost2010PropOp31
 70
     1
102
RTVSPost2010Prop32
280
     0
102
RTVSPost2010PropOp32
 70
     1
102
RTVSPost2010Prop33
280
     0
102
RTVSPost2010PropOp33
 70
     1
102
RTVSPost2010Prop34
280
     0
102
RTVSPost2010PropOp34
 70
     1
102
RTVSPost2010Prop35
280
     0
102
RTVSPost2010PropOp35
 70
     1
102
RTVSPost2010Prop36
280
     0
102
RTVSPost2010PropOp36
 70
     1
102
RTVSPost2010Prop37
 90
       50
102
RTVSPost2010PropOp37
 70
     1
102
RTVSPost2010Prop38
140
0.0
102
RTVSPost2010PropOp38
 70
     1
102
RTVSPost2010Prop39
140
1.0
102
RTVSPost2010PropOp39
 70
     1
102
RTVSPost2010Prop40
 90
        0
102
RTVSPost2010PropOp40
 70
     1
102
RTVSPost2010Prop41ColorIndex
 90
       18
102
RTVSPost2010Prop41ColorRGB
 90
        0
102
RTVSPost2010PropOp41
 70
     1
102
RTVSPost2010Prop42
 90
       50
102
RTVSPost2010PropOp42
 70
     1
102
RTVSPost2010Prop43
 90
        3
102
RTVSPost2010PropOp43
 70
     1
102
RTVSPost2010Prop44ColorIndex
 90
        5
102
RTVSPost2010Prop44ColorRGB
 90
      255
102
RTVSPost2010PropOp44
 70
     1
102
RTVSPost2010Prop45
280
     0
102
RTVSPost2010PropOp45
 70
     1
102
RTVSPost2010Prop46
 90
       50
102
RTVSPost2010PropOp46
 70
     1
102
RTVSPost2010Prop47
 90
       50
102
RTVSPost2010PropOp47
 70
     1
102
RTVSPost2010Prop48
 90
       50
102
RTVSPost2010PropOp48
 70
     1
102
RTVSPost2010Prop49
280
     0
102
RTVSPost2010PropOp49
 70
     1
102
RTVSPost2010Prop50
 90
       50
102
RTVSPost2010PropOp50
 70
     1
102
RTVSPost2010Prop51ColorIndex
 90
      256
102
RTVSPost2010Prop51ColorRGB
 90
-16777216
102
RTVSPost2010PropOp51
 70
     0
102
RTVSPost2010Prop52
140
1.0
102
RTVSPost2010PropOp52
 70
     0
102
RTVSPost2010Prop53
 90
        2
102
RTVSPost2010PropOp53
 70
     1
102
RTVSPost2010Prop54
  1
strokes_ogs.tif
102
RTVSPost2010PropOp54
 70
     1
102
RTVSPost2010Prop55
280
     0
102
RTVSPost2010PropOp55
 70
     1
102
RTVSPost2010Prop56
140
1.0
102
RTVSPost2010PropOp56
 70
     1
102
RTVSPost2010Prop57
140
1.0
102
RTVSPost2010PropOp57
 70
     1
  0
XRECORD
  5
884
102
{ACAD_REACTORS
330
7EF
102
}
330
7EF
100
AcDbXrecord
280
     1
102
RTVSPropertyOp0
 70
     1
102
RTVSPropertyOp1
 70
     1
102
RTVSPropertyOp2
 70
     1
102
RTVSPropertyOp3
 70
     1
102
RTVSPropertyOp4
 70
     1
102
RTVSPropertyOp5
 70
     1
102
RTVSPropertyOp6
 70
     1
102
RTVSPropertyOp7
 70
     1
102
RTVSPropertyOp8
 70
     1
102
RTVSPropertyOp9
 70
     1
102
RTVSPropertyOp10
 70
     1
102
RTVSPropertyOp11
 70
     1
102
RTVSPropertyOp12
 70
     1
102
RTVSPropertyOp13
 70
     1
102
RTVSPropertyOp14
 70
     1
102
RTVSPropertyOp15
 70
     1
102
RTVSPropertyOp16
 70
     1
102
RTVSPropertyOp17
 70
     1
102
RTVSPropertyOp18
 70
     1
102
RTVSPropertyOp19
 70
     1
102
RTVSPropertyOp20
 70
     1
102
RTVSPropertyOp21
 70
     1
102
RTVSPropertyOp22
 70
     1
102
RTVSPropertyOp23
 70
     1
102
RTVSPropertyOp24
 70
     1
102
RTVSPropertyOp25
 70
     1
102
RTVSPropertyOp26
 70
     1
102
RTVSPropertyOp27
 70
     1
102
RTVSPropertyOp28
 70
     1
102
RTVSPropertyOp29
 70
     1
102
RTVSPropertyOp30
 70
     1
102
RTVSPropertyOp31
 70
     1
102
RTVSPropertyOp32
 70
     1
102
RTVSPropertyOp33
 70
     1
102
RTVSPropertyOp34
 70
     1
102
RTVSPropertyOp35
 70
     1
102
RTVSPropertyOp36
 70
     1
102
RTVSPropertyOp37
 70
     1
102
RTVSPropertyOp38
 70
     1
102
RTVSPropertyOp39
 70
     1
102
RTVSPropertyOp40
 70
     1
102
RTVSPropertyOp41
 70
     1
102
RTVSPropertyOp42
 70
     1
102
RTVSPropertyOp43
 70
     1
102
RTVSPropertyOp44
 70
     1
102
RTVSPropertyOp45
 70
     1
102
RTVSPropertyOp46
 70
     1
102
RTVSPropertyOp47
 70
     1
102
RTVSPropertyOp48
 70
     1
102
RTVSPropertyOp49
 70
     1
102
RTVSPropertyOp50
 70
     1
102
RTVSPropertyOp51
 70
     0
102
RTVSPropertyOp52
 70
     0
102
RTVSPropertyOp53
 70
     1
102
RTVSPropertyOp54
 70
     1
102
RTVSPropertyOp55
 70
     1
102
RTVSPropertyOp56
 70
     1
102
RTVSPropertyOp57
 70
     1
102
RTVSPost2010Prop28
280
     0
102
RTVSPost2010PropOp28
 70
     1
102
RTVSPost2010Prop29
280
     1
102
RTVSPost2010PropOp29
 70
     1
102
RTVSPost2010Prop30
280
     1
102
RTVSPost2010PropOp30
 70
     1
102
RTVSPost2010Prop31
280
     0
102
RTVSPost2010PropOp31
 70
     1
102
RTVSPost2010Prop32
280
     0
102
RTVSPost2010PropOp32
 70
     1
102
RTVSPost2010Prop33
280
     0
102
RTVSPost2010PropOp33
 70
     1
102
RTVSPost2010Prop34
280
     0
102
RTVSPost2010PropOp34
 70
     1
102
RTVSPost2010Prop35
280
     0
102
RTVSPost2010PropOp35
 70
     1
102
RTVSPost2010Prop36
280
     0
102
RTVSPost2010PropOp36
 70
     1
102
RTVSPost2010Prop37
 90
       50
102
RTVSPost2010PropOp37
 70
     1
102
RTVSPost2010Prop38
140
0.0
102
RTVSPost2010PropOp38
 70
     1
102
RTVSPost2010Prop39
140
1.0
102
RTVSPost2010PropOp39
 70
     1
102
RTVSPost2010Prop40
 90
        0
102
RTVSPost2010PropOp40
 70
     1
102
RTVSPost2010Prop41ColorIndex
 90
       18
102
RTVSPost2010Prop41ColorRGB
 90
        0
102
RTVSPost2010PropOp41
 70
     1
102
RTVSPost2010Prop42
 90
       50
102
RTVSPost2010PropOp42
 70
     1
102
RTVSPost2010Prop43
 90
        3
102
RTVSPost2010PropOp43
 70
     1
102
RTVSPost2010Prop44ColorIndex
 90
        5
102
RTVSPost2010Prop44ColorRGB
 90
      255
102
RTVSPost2010PropOp44
 70
     1
102
RTVSPost2010Prop45
280
     0
102
RTVSPost2010PropOp45
 70
     1
102
RTVSPost2010Prop46
 90
       50
102
RTVSPost2010PropOp46
 70
     1
102
RTVSPost2010Prop47
 90
       50
102
RTVSPost2010PropOp47
 70
     1
102
RTVSPost2010Prop48
 90
       50
102
RTVSPost2010PropOp48
 70
     1
102
RTVSPost2010Prop49
280
     0
102
RTVSPost2010PropOp49
 70
     1
102
RTVSPost2010Prop50
 90
       50
102
RTVSPost2010PropOp50
 70
     1
102
RTVSPost2010Prop51ColorIndex
 90
      256
102
RTVSPost2010Prop51ColorRGB
 90
-16777216
102
RTVSPost2010PropOp51
 70
     0
102
RTVSPost2010Prop52
140
1.0
102
RTVSPost2010PropOp52
 70
     0
102
RTVSPost2010Prop53
 90
        2
102
RTVSPost2010PropOp53
 70
     1
102
RTVSPost2010Prop54
  1
strokes_ogs.tif
102
RTVSPost2010PropOp54
 70
     1
102
RTVSPost2010Prop55
280
     0
102
RTVSPost2010PropOp55
 70
     1
102
RTVSPost2010Prop56
140
1.0
102
RTVSPost2010PropOp56
 70
     1
102
RTVSPost2010Prop57
140
1.0
102
RTVSPost2010PropOp57
 70
     1
  0
XRECORD
  5
885
102
{ACAD_REACTORS
330
7F1
102
}
330
7F1
100
AcDbXrecord
280
     1
102
RTVSPropertyOp0
 70
     0
102
RTVSPropertyOp1
 70
     0
102
RTVSPropertyOp2
 70
     0
102
RTVSPropertyOp3
 70
     0
102
RTVSPropertyOp4
 70
     0
102
RTVSPropertyOp5
 70
     0
102
RTVSPropertyOp6
 70
     0
102
RTVSPropertyOp7
 70
     0
102
RTVSPropertyOp8
 70
     0
102
RTVSPropertyOp9
 70
     0
102
RTVSPropertyOp10
 70
     0
102
RTVSPropertyOp11
 70
     0
102
RTVSPropertyOp12
 70
     0
102
RTVSPropertyOp13
 70
     0
102
RTVSPropertyOp14
 70
     2
102
RTVSPropertyOp15
 70
     0
102
RTVSPropertyOp16
 70
     0
102
RTVSPropertyOp17
 70
     0
102
RTVSPropertyOp18
 70
     0
102
RTVSPropertyOp19
 70
     0
102
RTVSPropertyOp20
 70
     0
102
RTVSPropertyOp21
 70
     0
102
RTVSPropertyOp22
 70
     0
102
RTVSPropertyOp23
 70
     0
102
RTVSPropertyOp24
 70
     0
102
RTVSPropertyOp25
 70
     0
102
RTVSPropertyOp26
 70
     0
102
RTVSPropertyOp27
 70
     0
102
RTVSPropertyOp28
 70
     0
102
RTVSPropertyOp29
 70
     0
102
RTVSPropertyOp30
 70
     0
102
RTVSPropertyOp31
 70
     0
102
RTVSPropertyOp32
 70
     0
102
RTVSPropertyOp33
 70
     0
102
RTVSPropertyOp34
 70
     0
102
RTVSPropertyOp35
 70
     0
102
RTVSPropertyOp36
 70
     0
102
RTVSPropertyOp37
 70
     0
102
RTVSPropertyOp38
 70
     0
102
RTVSPropertyOp39
 70
     0
102
RTVSPropertyOp40
 70
     0
102
RTVSPropertyOp41
 70
     0
102
RTVSPropertyOp42
 70
     0
102
RTVSPropertyOp43
 70
     0
102
RTVSPropertyOp44
 70
     0
102
RTVSPropertyOp45
 70
     0
102
RTVSPropertyOp46
 70
     0
102
RTVSPropertyOp47
 70
     0
102
RTVSPropertyOp48
 70
     0
102
RTVSPropertyOp49
 70
     0
102
RTVSPropertyOp50
 70
     0
102
RTVSPropertyOp51
 70
     0
102
RTVSPropertyOp52
 70
     0
102
RTVSPropertyOp53
 70
     0
102
RTVSPropertyOp54
 70
     0
102
RTVSPropertyOp55
 70
     0
102
RTVSPropertyOp56
 70
     0
102
RTVSPropertyOp57
 70
     0
102
RTVSPost2010Prop28
280
     0
102
RTVSPost2010PropOp28
 70
     0
102
RTVSPost2010Prop29
280
     1
102
RTVSPost2010PropOp29
 70
     0
102
RTVSPost2010Prop30
280
     1
102
RTVSPost2010PropOp30
 70
     0
102
RTVSPost2010Prop31
280
     0
102
RTVSPost2010PropOp31
 70
     0
102
RTVSPost2010Prop32
280
     0
102
RTVSPost2010PropOp32
 70
     0
102
RTVSPost2010Prop33
280
     0
102
RTVSPost2010PropOp33
 70
     0
102
RTVSPost2010Prop34
280
     0
102
RTVSPost2010PropOp34
 70
     0
102
RTVSPost2010Prop35
280
     0
102
RTVSPost2010PropOp35
 70
     0
102
RTVSPost2010Prop36
280
     0
102
RTVSPost2010PropOp36
 70
     0
102
RTVSPost2010Prop37
 90
       50
102
RTVSPost2010PropOp37
 70
     0
102
RTVSPost2010Prop38
140
0.0
102
RTVSPost2010PropOp38
 70
     0
102
RTVSPost2010Prop39
140
1.0
102
RTVSPost2010PropOp39
 70
     0
102
RTVSPost2010Prop40
 90
        0
102
RTVSPost2010PropOp40
 70
     0
102
RTVSPost2010Prop41ColorIndex
 90
       18
102
RTVSPost2010Prop41ColorRGB
 90
        0
102
RTVSPost2010PropOp41
 70
     0
102
RTVSPost2010Prop42
 90
       50
102
RTVSPost2010PropOp42
 70
     0
102
RTVSPost2010Prop43
 90
        3
102
RTVSPost2010PropOp43
 70
     0
102
RTVSPost2010Prop44ColorIndex
 90
        5
102
RTVSPost2010Prop44ColorRGB
 90
      255
102
RTVSPost2010PropOp44
 70
     0
102
RTVSPost2010Prop45
280
     0
102
RTVSPost2010PropOp45
 70
     0
102
RTVSPost2010Prop46
 90
       50
102
RTVSPost2010PropOp46
 70
     0
102
RTVSPost2010Prop47
 90
       50
102
RTVSPost2010PropOp47
 70
     0
102
RTVSPost2010Prop48
 90
       50
102
RTVSPost2010PropOp48
 70
     0
102
RTVSPost2010Prop49
280
     0
102
RTVSPost2010PropOp49
 70
     0
102
RTVSPost2010Prop50
 90
       50
102
RTVSPost2010PropOp50
 70
     0
102
RTVSPost2010Prop51ColorIndex
 90
      256
102
RTVSPost2010Prop51ColorRGB
 90
-16777216
102
RTVSPost2010PropOp51
 70
     0
102
RTVSPost2010Prop52
140
1.0
102
RTVSPost2010PropOp52
 70
     0
102
RTVSPost2010Prop53
 90
        2
102
RTVSPost2010PropOp53
 70
     0
102
RTVSPost2010Prop54
  1
strokes_ogs.tif
102
RTVSPost2010PropOp54
 70
     0
102
RTVSPost2010Prop55
280
     0
102
RTVSPost2010PropOp55
 70
     0
102
RTVSPost2010Prop56
140
1.0
102
RTVSPost2010PropOp56
 70
     0
102
RTVSPost2010Prop57
140
1.0
102
RTVSPost2010PropOp57
 70
     0
  0
XRECORD
  5
886
102
{ACAD_REACTORS
330
7F3
102
}
330
7F3
100
AcDbXrecord
280
     1
102
RTVSPropertyOp0
 70
     1
102
RTVSPropertyOp1
 70
     1
102
RTVSPropertyOp2
 70
     1
102
RTVSPropertyOp3
 70
     1
102
RTVSPropertyOp4
 70
     1
102
RTVSPropertyOp5
 70
     1
102
RTVSPropertyOp6
 70
     1
102
RTVSPropertyOp7
 70
     1
102
RTVSPropertyOp8
 70
     1
102
RTVSPropertyOp9
 70
     1
102
RTVSPropertyOp10
 70
     1
102
RTVSPropertyOp11
 70
     1
102
RTVSPropertyOp12
 70
     1
102
RTVSPropertyOp13
 70
     1
102
RTVSPropertyOp14
 70
     1
102
RTVSPropertyOp15
 70
     1
102
RTVSPropertyOp16
 70
     1
102
RTVSPropertyOp17
 70
     1
102
RTVSPropertyOp18
 70
     1
102
RTVSPropertyOp19
 70
     1
102
RTVSPropertyOp20
 70
     1
102
RTVSPropertyOp21
 70
     1
102
RTVSPropertyOp22
 70
     1
102
RTVSPropertyOp23
 70
     1
102
RTVSPropertyOp24
 70
     1
102
RTVSPropertyOp25
 70
     1
102
RTVSPropertyOp26
 70
     1
102
RTVSPropertyOp27
 70
     1
102
RTVSPropertyOp28
 70
     1
102
RTVSPropertyOp29
 70
     1
102
RTVSPropertyOp30
 70
     1
102
RTVSPropertyOp31
 70
     1
102
RTVSPropertyOp32
 70
     1
102
RTVSPropertyOp33
 70
     1
102
RTVSPropertyOp34
 70
     1
102
RTVSPropertyOp35
 70
     1
102
RTVSPropertyOp36
 70
     1
102
RTVSPropertyOp37
 70
     1
102
RTVSPropertyOp38
 70
     1
102
RTVSPropertyOp39
 70
     1
102
RTVSPropertyOp40
 70
     1
102
RTVSPropertyOp41
 70
     1
102
RTVSPropertyOp42
 70
     1
102
RTVSPropertyOp43
 70
     1
102
RTVSPropertyOp44
 70
     1
102
RTVSPropertyOp45
 70
     1
102
RTVSPropertyOp46
 70
     1
102
RTVSPropertyOp47
 70
     1
102
RTVSPropertyOp48
 70
     1
102
RTVSPropertyOp49
 70
     1
102
RTVSPropertyOp50
 70
     1
102
RTVSPropertyOp51
 70
     0
102
RTVSPropertyOp52
 70
     0
102
RTVSPropertyOp53
 70
     1
102
RTVSPropertyOp54
 70
     1
102
RTVSPropertyOp55
 70
     1
102
RTVSPropertyOp56
 70
     1
102
RTVSPropertyOp57
 70
     1
102
RTVSPost2010Prop28
280
     0
102
RTVSPost2010PropOp28
 70
     1
102
RTVSPost2010Prop29
280
     1
102
RTVSPost2010PropOp29
 70
     1
102
RTVSPost2010Prop30
280
     1
102
RTVSPost2010PropOp30
 70
     1
102
RTVSPost2010Prop31
280
     0
102
RTVSPost2010PropOp31
 70
     1
102
RTVSPost2010Prop32
280
     0
102
RTVSPost2010PropOp32
 70
     1
102
RTVSPost2010Prop33
280
     0
102
RTVSPost2010PropOp33
 70
     1
102
RTVSPost2010Prop34
280
     0
102
RTVSPost2010PropOp34
 70
     1
102
RTVSPost2010Prop35
280
     0
102
RTVSPost2010PropOp35
 70
     1
102
RTVSPost2010Prop36
280
     0
102
RTVSPost2010PropOp36
 70
     1
102
RTVSPost2010Prop37
 90
       50
102
RTVSPost2010PropOp37
 70
     1
102
RTVSPost2010Prop38
140
0.0
102
RTVSPost2010PropOp38
 70
     1
102
RTVSPost2010Prop39
140
1.0
102
RTVSPost2010PropOp39
 70
     1
102
RTVSPost2010Prop40
 90
        0
102
RTVSPost2010PropOp40
 70
     1
102
RTVSPost2010Prop41ColorIndex
 90
       18
102
RTVSPost2010Prop41ColorRGB
 90
        0
102
RTVSPost2010PropOp41
 70
     1
102
RTVSPost2010Prop42
 90
       50
102
RTVSPost2010PropOp42
 70
     1
102
RTVSPost2010Prop43
 90
        3
102
RTVSPost2010PropOp43
 70
     1
102
RTVSPost2010Prop44ColorIndex
 90
        5
102
RTVSPost2010Prop44ColorRGB
 90
      255
102
RTVSPost2010PropOp44
 70
     1
102
RTVSPost2010Prop45
280
     0
102
RTVSPost2010PropOp45
 70
     1
102
RTVSPost2010Prop46
 90
       50
102
RTVSPost2010PropOp46
 70
     1
102
RTVSPost2010Prop47
 90
       50
102
RTVSPost2010PropOp47
 70
     1
102
RTVSPost2010Prop48
 90
       50
102
RTVSPost2010PropOp48
 70
     1
102
RTVSPost2010Prop49
280
     0
102
RTVSPost2010PropOp49
 70
     1
102
RTVSPost2010Prop50
 90
       50
102
RTVSPost2010PropOp50
 70
     1
102
RTVSPost2010Prop51ColorIndex
 90
      256
102
RTVSPost2010Prop51ColorRGB
 90
-16777216
102
RTVSPost2010PropOp51
 70
     0
102
RTVSPost2010Prop52
140
1.0
102
RTVSPost2010PropOp52
 70
     0
102
RTVSPost2010Prop53
 90
        2
102
RTVSPost2010PropOp53
 70
     1
102
RTVSPost2010Prop54
  1
strokes_ogs.tif
102
RTVSPost2010PropOp54
 70
     1
102
RTVSPost2010Prop55
280
     0
102
RTVSPost2010PropOp55
 70
     1
102
RTVSPost2010Prop56
140
1.0
102
RTVSPost2010PropOp56
 70
     1
102
RTVSPost2010Prop57
140
1.0
102
RTVSPost2010PropOp57
 70
     1
  0
XRECORD
  5
887
102
{ACAD_REACTORS
330
7F5
102
}
330
7F5
100
AcDbXrecord
280
     1
102
RTVSPropertyOp0
 70
     1
102
RTVSPropertyOp1
 70
     1
102
RTVSPropertyOp2
 70
     1
102
RTVSPropertyOp3
 70
     1
102
RTVSPropertyOp4
 70
     1
102
RTVSPropertyOp5
 70
     1
102
RTVSPropertyOp6
 70
     1
102
RTVSPropertyOp7
 70
     1
102
RTVSPropertyOp8
 70
     1
102
RTVSPropertyOp9
 70
     1
102
RTVSPropertyOp10
 70
     1
102
RTVSPropertyOp11
 70
     1
102
RTVSPropertyOp12
 70
     1
102
RTVSPropertyOp13
 70
     1
102
RTVSPropertyOp14
 70
     1
102
RTVSPropertyOp15
 70
     1
102
RTVSPropertyOp16
 70
     1
102
RTVSPropertyOp17
 70
     1
102
RTVSPropertyOp18
 70
     1
102
RTVSPropertyOp19
 70
     1
102
RTVSPropertyOp20
 70
     1
102
RTVSPropertyOp21
 70
     1
102
RTVSPropertyOp22
 70
     1
102
RTVSPropertyOp23
 70
     1
102
RTVSPropertyOp24
 70
     1
102
RTVSPropertyOp25
 70
     1
102
RTVSPropertyOp26
 70
     1
102
RTVSPropertyOp27
 70
     1
102
RTVSPropertyOp28
 70
     1
102
RTVSPropertyOp29
 70
     1
102
RTVSPropertyOp30
 70
     1
102
RTVSPropertyOp31
 70
     1
102
RTVSPropertyOp32
 70
     1
102
RTVSPropertyOp33
 70
     1
102
RTVSPropertyOp34
 70
     1
102
RTVSPropertyOp35
 70
     1
102
RTVSPropertyOp36
 70
     1
102
RTVSPropertyOp37
 70
     1
102
RTVSPropertyOp38
 70
     1
102
RTVSPropertyOp39
 70
     1
102
RTVSPropertyOp40
 70
     1
102
RTVSPropertyOp41
 70
     1
102
RTVSPropertyOp42
 70
     1
102
RTVSPropertyOp43
 70
     1
102
RTVSPropertyOp44
 70
     1
102
RTVSPropertyOp45
 70
     1
102
RTVSPropertyOp46
 70
     1
102
RTVSPropertyOp47
 70
     1
102
RTVSPropertyOp48
 70
     1
102
RTVSPropertyOp49
 70
     1
102
RTVSPropertyOp50
 70
     1
102
RTVSPropertyOp51
 70
     0
102
RTVSPropertyOp52
 70
     0
102
RTVSPropertyOp53
 70
     1
102
RTVSPropertyOp54
 70
     1
102
RTVSPropertyOp55
 70
     1
102
RTVSPropertyOp56
 70
     1
102
RTVSPropertyOp57
 70
     1
102
RTVSPost2010Prop28
280
     0
102
RTVSPost2010PropOp28
 70
     1
102
RTVSPost2010Prop29
280
     1
102
RTVSPost2010PropOp29
 70
     1
102
RTVSPost2010Prop30
280
     1
102
RTVSPost2010PropOp30
 70
     1
102
RTVSPost2010Prop31
280
     0
102
RTVSPost2010PropOp31
 70
     1
102
RTVSPost2010Prop32
280
     0
102
RTVSPost2010PropOp32
 70
     1
102
RTVSPost2010Prop33
280
     0
102
RTVSPost2010PropOp33
 70
     1
102
RTVSPost2010Prop34
280
     0
102
RTVSPost2010PropOp34
 70
     1
102
RTVSPost2010Prop35
280
     0
102
RTVSPost2010PropOp35
 70
     1
102
RTVSPost2010Prop36
280
     0
102
RTVSPost2010PropOp36
 70
     1
102
RTVSPost2010Prop37
 90
       50
102
RTVSPost2010PropOp37
 70
     1
102
RTVSPost2010Prop38
140
0.0
102
RTVSPost2010PropOp38
 70
     1
102
RTVSPost2010Prop39
140
1.0
102
RTVSPost2010PropOp39
 70
     1
102
RTVSPost2010Prop40
 90
        0
102
RTVSPost2010PropOp40
 70
     1
102
RTVSPost2010Prop41ColorIndex
 90
       18
102
RTVSPost2010Prop41ColorRGB
 90
        0
102
RTVSPost2010PropOp41
 70
     1
102
RTVSPost2010Prop42
 90
       50
102
RTVSPost2010PropOp42
 70
     1
102
RTVSPost2010Prop43
 90
        3
102
RTVSPost2010PropOp43
 70
     1
102
RTVSPost2010Prop44ColorIndex
 90
        5
102
RTVSPost2010Prop44ColorRGB
 90
      255
102
RTVSPost2010PropOp44
 70
     1
102
RTVSPost2010Prop45
280
     0
102
RTVSPost2010PropOp45
 70
     1
102
RTVSPost2010Prop46
 90
       50
102
RTVSPost2010PropOp46
 70
     1
102
RTVSPost2010Prop47
 90
       50
102
RTVSPost2010PropOp47
 70
     1
102
RTVSPost2010Prop48
 90
       50
102
RTVSPost2010PropOp48
 70
     1
102
RTVSPost2010Prop49
280
     0
102
RTVSPost2010PropOp49
 70
     1
102
RTVSPost2010Prop50
 90
       50
102
RTVSPost2010PropOp50
 70
     1
102
RTVSPost2010Prop51ColorIndex
 90
      256
102
RTVSPost2010Prop51ColorRGB
 90
-16777216
102
RTVSPost2010PropOp51
 70
     0
102
RTVSPost2010Prop52
140
1.0
102
RTVSPost2010PropOp52
 70
     0
102
RTVSPost2010Prop53
 90
        2
102
RTVSPost2010PropOp53
 70
     1
102
RTVSPost2010Prop54
  1
strokes_ogs.tif
102
RTVSPost2010PropOp54
 70
     1
102
RTVSPost2010Prop55
280
     0
102
RTVSPost2010PropOp55
 70
     1
102
RTVSPost2010Prop56
140
1.0
102
RTVSPost2010PropOp56
 70
     1
102
RTVSPost2010Prop57
140
1.0
102
RTVSPost2010PropOp57
 70
     1
  0
XRECORD
  5
888
102
{ACAD_REACTORS
330
7F7
102
}
330
7F7
100
AcDbXrecord
280
     1
102
RTVSPropertyOp0
 70
     1
102
RTVSPropertyOp1
 70
     1
102
RTVSPropertyOp2
 70
     1
102
RTVSPropertyOp3
 70
     1
102
RTVSPropertyOp4
 70
     1
102
RTVSPropertyOp5
 70
     1
102
RTVSPropertyOp6
 70
     1
102
RTVSPropertyOp7
 70
     1
102
RTVSPropertyOp8
 70
     1
102
RTVSPropertyOp9
 70
     1
102
RTVSPropertyOp10
 70
     1
102
RTVSPropertyOp11
 70
     1
102
RTVSPropertyOp12
 70
     1
102
RTVSPropertyOp13
 70
     1
102
RTVSPropertyOp14
 70
     1
102
RTVSPropertyOp15
 70
     1
102
RTVSPropertyOp16
 70
     1
102
RTVSPropertyOp17
 70
     1
102
RTVSPropertyOp18
 70
     1
102
RTVSPropertyOp19
 70
     1
102
RTVSPropertyOp20
 70
     1
102
RTVSPropertyOp21
 70
     1
102
RTVSPropertyOp22
 70
     1
102
RTVSPropertyOp23
 70
     1
102
RTVSPropertyOp24
 70
     1
102
RTVSPropertyOp25
 70
     1
102
RTVSPropertyOp26
 70
     1
102
RTVSPropertyOp27
 70
     1
102
RTVSPropertyOp28
 70
     1
102
RTVSPropertyOp29
 70
     1
102
RTVSPropertyOp30
 70
     1
102
RTVSPropertyOp31
 70
     1
102
RTVSPropertyOp32
 70
     1
102
RTVSPropertyOp33
 70
     1
102
RTVSPropertyOp34
 70
     1
102
RTVSPropertyOp35
 70
     1
102
RTVSPropertyOp36
 70
     1
102
RTVSPropertyOp37
 70
     1
102
RTVSPropertyOp38
 70
     1
102
RTVSPropertyOp39
 70
     1
102
RTVSPropertyOp40
 70
     1
102
RTVSPropertyOp41
 70
     1
102
RTVSPropertyOp42
 70
     1
102
RTVSPropertyOp43
 70
     1
102
RTVSPropertyOp44
 70
     1
102
RTVSPropertyOp45
 70
     1
102
RTVSPropertyOp46
 70
     1
102
RTVSPropertyOp47
 70
     1
102
RTVSPropertyOp48
 70
     1
102
RTVSPropertyOp49
 70
     1
102
RTVSPropertyOp50
 70
     1
102
RTVSPropertyOp51
 70
     0
102
RTVSPropertyOp52
 70
     0
102
RTVSPropertyOp53
 70
     1
102
RTVSPropertyOp54
 70
     1
102
RTVSPropertyOp55
 70
     1
102
RTVSPropertyOp56
 70
     1
102
RTVSPropertyOp57
 70
     1
102
RTVSPost2010Prop28
280
     0
102
RTVSPost2010PropOp28
 70
     1
102
RTVSPost2010Prop29
280
     1
102
RTVSPost2010PropOp29
 70
     1
102
RTVSPost2010Prop30
280
     1
102
RTVSPost2010PropOp30
 70
     1
102
RTVSPost2010Prop31
280
     0
102
RTVSPost2010PropOp31
 70
     1
102
RTVSPost2010Prop32
280
     0
102
RTVSPost2010PropOp32
 70
     1
102
RTVSPost2010Prop33
280
     0
102
RTVSPost2010PropOp33
 70
     1
102
RTVSPost2010Prop34
280
     0
102
RTVSPost2010PropOp34
 70
     1
102
RTVSPost2010Prop35
280
     0
102
RTVSPost2010PropOp35
 70
     1
102
RTVSPost2010Prop36
280
     0
102
RTVSPost2010PropOp36
 70
     1
102
RTVSPost2010Prop37
 90
       50
102
RTVSPost2010PropOp37
 70
     1
102
RTVSPost2010Prop38
140
0.0
102
RTVSPost2010PropOp38
 70
     1
102
RTVSPost2010Prop39
140
1.0
102
RTVSPost2010PropOp39
 70
     1
102
RTVSPost2010Prop40
 90
        0
102
RTVSPost2010PropOp40
 70
     1
102
RTVSPost2010Prop41ColorIndex
 90
       18
102
RTVSPost2010Prop41ColorRGB
 90
        0
102
RTVSPost2010PropOp41
 70
     1
102
RTVSPost2010Prop42
 90
       50
102
RTVSPost2010PropOp42
 70
     1
102
RTVSPost2010Prop43
 90
        3
102
RTVSPost2010PropOp43
 70
     1
102
RTVSPost2010Prop44ColorIndex
 90
        5
102
RTVSPost2010Prop44ColorRGB
 90
      255
102
RTVSPost2010PropOp44
 70
     1
102
RTVSPost2010Prop45
280
     0
102
RTVSPost2010PropOp45
 70
     1
102
RTVSPost2010Prop46
 90
       50
102
RTVSPost2010PropOp46
 70
     1
102
RTVSPost2010Prop47
 90
       50
102
RTVSPost2010PropOp47
 70
     1
102
RTVSPost2010Prop48
 90
       50
102
RTVSPost2010PropOp48
 70
     1
102
RTVSPost2010Prop49
280
     0
102
RTVSPost2010PropOp49
 70
     1
102
RTVSPost2010Prop50
 90
       50
102
RTVSPost2010PropOp50
 70
     1
102
RTVSPost2010Prop51ColorIndex
 90
      256
102
RTVSPost2010Prop51ColorRGB
 90
-16777216
102
RTVSPost2010PropOp51
 70
     0
102
RTVSPost2010Prop52
140
1.0
102
RTVSPost2010PropOp52
 70
     0
102
RTVSPost2010Prop53
 90
        2
102
RTVSPost2010PropOp53
 70
     1
102
RTVSPost2010Prop54
  1
strokes_ogs.tif
102
RTVSPost2010PropOp54
 70
     1
102
RTVSPost2010Prop55
280
     0
102
RTVSPost2010PropOp55
 70
     1
102
RTVSPost2010Prop56
140
1.0
102
RTVSPost2010PropOp56
 70
     1
102
RTVSPost2010Prop57
140
1.0
102
RTVSPost2010PropOp57
 70
     1
  0
XRECORD
  5
889
102
{ACAD_REACTORS
330
7F9
102
}
330
7F9
100
AcDbXrecord
280
     1
102
RTVSPropertyOp0
 70
     1
102
RTVSPropertyOp1
 70
     1
102
RTVSPropertyOp2
 70
     1
102
RTVSPropertyOp3
 70
     1
102
RTVSPropertyOp4
 70
     1
102
RTVSPropertyOp5
 70
     1
102
RTVSPropertyOp6
 70
     1
102
RTVSPropertyOp7
 70
     1
102
RTVSPropertyOp8
 70
     1
102
RTVSPropertyOp9
 70
     1
102
RTVSPropertyOp10
 70
     1
102
RTVSPropertyOp11
 70
     1
102
RTVSPropertyOp12
 70
     1
102
RTVSPropertyOp13
 70
     1
102
RTVSPropertyOp14
 70
     1
102
RTVSPropertyOp15
 70
     1
102
RTVSPropertyOp16
 70
     1
102
RTVSPropertyOp17
 70
     1
102
RTVSPropertyOp18
 70
     1
102
RTVSPropertyOp19
 70
     1
102
RTVSPropertyOp20
 70
     1
102
RTVSPropertyOp21
 70
     1
102
RTVSPropertyOp22
 70
     1
102
RTVSPropertyOp23
 70
     1
102
RTVSPropertyOp24
 70
     1
102
RTVSPropertyOp25
 70
     1
102
RTVSPropertyOp26
 70
     1
102
RTVSPropertyOp27
 70
     1
102
RTVSPropertyOp28
 70
     1
102
RTVSPropertyOp29
 70
     1
102
RTVSPropertyOp30
 70
     1
102
RTVSPropertyOp31
 70
     1
102
RTVSPropertyOp32
 70
     1
102
RTVSPropertyOp33
 70
     1
102
RTVSPropertyOp34
 70
     1
102
RTVSPropertyOp35
 70
     1
102
RTVSPropertyOp36
 70
     1
102
RTVSPropertyOp37
 70
     1
102
RTVSPropertyOp38
 70
     1
102
RTVSPropertyOp39
 70
     1
102
RTVSPropertyOp40
 70
     1
102
RTVSPropertyOp41
 70
     1
102
RTVSPropertyOp42
 70
     1
102
RTVSPropertyOp43
 70
     1
102
RTVSPropertyOp44
 70
     1
102
RTVSPropertyOp45
 70
     1
102
RTVSPropertyOp46
 70
     1
102
RTVSPropertyOp47
 70
     1
102
RTVSPropertyOp48
 70
     1
102
RTVSPropertyOp49
 70
     1
102
RTVSPropertyOp50
 70
     1
102
RTVSPropertyOp51
 70
     0
102
RTVSPropertyOp52
 70
     0
102
RTVSPropertyOp53
 70
     1
102
RTVSPropertyOp54
 70
     1
102
RTVSPropertyOp55
 70
     1
102
RTVSPropertyOp56
 70
     1
102
RTVSPropertyOp57
 70
     1
102
RTVSPost2010Prop28
280
     0
102
RTVSPost2010PropOp28
 70
     1
102
RTVSPost2010Prop29
280
     1
102
RTVSPost2010PropOp29
 70
     1
102
RTVSPost2010Prop30
280
     1
102
RTVSPost2010PropOp30
 70
     1
102
RTVSPost2010Prop31
280
     0
102
RTVSPost2010PropOp31
 70
     1
102
RTVSPost2010Prop32
280
     0
102
RTVSPost2010PropOp32
 70
     1
102
RTVSPost2010Prop33
280
     0
102
RTVSPost2010PropOp33
 70
     1
102
RTVSPost2010Prop34
280
     0
102
RTVSPost2010PropOp34
 70
     1
102
RTVSPost2010Prop35
280
     0
102
RTVSPost2010PropOp35
 70
     1
102
RTVSPost2010Prop36
280
     0
102
RTVSPost2010PropOp36
 70
     1
102
RTVSPost2010Prop37
 90
       50
102
RTVSPost2010PropOp37
 70
     1
102
RTVSPost2010Prop38
140
0.0
102
RTVSPost2010PropOp38
 70
     1
102
RTVSPost2010Prop39
140
1.0
102
RTVSPost2010PropOp39
 70
     1
102
RTVSPost2010Prop40
 90
        0
102
RTVSPost2010PropOp40
 70
     1
102
RTVSPost2010Prop41ColorIndex
 90
       18
102
RTVSPost2010Prop41ColorRGB
 90
        0
102
RTVSPost2010PropOp41
 70
     1
102
RTVSPost2010Prop42
 90
       50
102
RTVSPost2010PropOp42
 70
     1
102
RTVSPost2010Prop43
 90
        3
102
RTVSPost2010PropOp43
 70
     1
102
RTVSPost2010Prop44ColorIndex
 90
        5
102
RTVSPost2010Prop44ColorRGB
 90
      255
102
RTVSPost2010PropOp44
 70
     1
102
RTVSPost2010Prop45
280
     0
102
RTVSPost2010PropOp45
 70
     1
102
RTVSPost2010Prop46
 90
       50
102
RTVSPost2010PropOp46
 70
     1
102
RTVSPost2010Prop47
 90
       50
102
RTVSPost2010PropOp47
 70
     1
102
RTVSPost2010Prop48
 90
       50
102
RTVSPost2010PropOp48
 70
     1
102
RTVSPost2010Prop49
280
     0
102
RTVSPost2010PropOp49
 70
     1
102
RTVSPost2010Prop50
 90
       50
102
RTVSPost2010PropOp50
 70
     1
102
RTVSPost2010Prop51ColorIndex
 90
      256
102
RTVSPost2010Prop51ColorRGB
 90
-16777216
102
RTVSPost2010PropOp51
 70
     0
102
RTVSPost2010Prop52
140
1.0
102
RTVSPost2010PropOp52
 70
     0
102
RTVSPost2010Prop53
 90
        2
102
RTVSPost2010PropOp53
 70
     1
102
RTVSPost2010Prop54
  1
strokes_ogs.tif
102
RTVSPost2010PropOp54
 70
     1
102
RTVSPost2010Prop55
280
     0
102
RTVSPost2010PropOp55
 70
     1
102
RTVSPost2010Prop56
140
1.0
102
RTVSPost2010PropOp56
 70
     1
102
RTVSPost2010Prop57
140
1.0
102
RTVSPost2010PropOp57
 70
     1
  0
XRECORD
  5
88A
102
{ACAD_REACTORS
330
7FB
102
}
330
7FB
100
AcDbXrecord
280
     1
102
RTVSPropertyOp0
 70
     1
102
RTVSPropertyOp1
 70
     1
102
RTVSPropertyOp2
 70
     1
102
RTVSPropertyOp3
 70
     1
102
RTVSPropertyOp4
 70
     1
102
RTVSPropertyOp5
 70
     1
102
RTVSPropertyOp6
 70
     1
102
RTVSPropertyOp7
 70
     1
102
RTVSPropertyOp8
 70
     1
102
RTVSPropertyOp9
 70
     1
102
RTVSPropertyOp10
 70
     1
102
RTVSPropertyOp11
 70
     1
102
RTVSPropertyOp12
 70
     1
102
RTVSPropertyOp13
 70
     1
102
RTVSPropertyOp14
 70
     1
102
RTVSPropertyOp15
 70
     1
102
RTVSPropertyOp16
 70
     1
102
RTVSPropertyOp17
 70
     1
102
RTVSPropertyOp18
 70
     1
102
RTVSPropertyOp19
 70
     1
102
RTVSPropertyOp20
 70
     1
102
RTVSPropertyOp21
 70
     1
102
RTVSPropertyOp22
 70
     1
102
RTVSPropertyOp23
 70
     1
102
RTVSPropertyOp24
 70
     1
102
RTVSPropertyOp25
 70
     1
102
RTVSPropertyOp26
 70
     1
102
RTVSPropertyOp27
 70
     1
102
RTVSPropertyOp28
 70
     1
102
RTVSPropertyOp29
 70
     1
102
RTVSPropertyOp30
 70
     1
102
RTVSPropertyOp31
 70
     1
102
RTVSPropertyOp32
 70
     1
102
RTVSPropertyOp33
 70
     1
102
RTVSPropertyOp34
 70
     1
102
RTVSPropertyOp35
 70
     1
102
RTVSPropertyOp36
 70
     1
102
RTVSPropertyOp37
 70
     1
102
RTVSPropertyOp38
 70
     1
102
RTVSPropertyOp39
 70
     1
102
RTVSPropertyOp40
 70
     1
102
RTVSPropertyOp41
 70
     1
102
RTVSPropertyOp42
 70
     1
102
RTVSPropertyOp43
 70
     1
102
RTVSPropertyOp44
 70
     1
102
RTVSPropertyOp45
 70
     1
102
RTVSPropertyOp46
 70
     1
102
RTVSPropertyOp47
 70
     1
102
RTVSPropertyOp48
 70
     1
102
RTVSPropertyOp49
 70
     1
102
RTVSPropertyOp50
 70
     1
102
RTVSPropertyOp51
 70
     0
102
RTVSPropertyOp52
 70
     0
102
RTVSPropertyOp53
 70
     1
102
RTVSPropertyOp54
 70
     1
102
RTVSPropertyOp55
 70
     1
102
RTVSPropertyOp56
 70
     1
102
RTVSPropertyOp57
 70
     1
102
RTVSPost2010Prop28
280
     0
102
RTVSPost2010PropOp28
 70
     1
102
RTVSPost2010Prop29
280
     1
102
RTVSPost2010PropOp29
 70
     1
102
RTVSPost2010Prop30
280
     1
102
RTVSPost2010PropOp30
 70
     1
102
RTVSPost2010Prop31
280
     0
102
RTVSPost2010PropOp31
 70
     1
102
RTVSPost2010Prop32
280
     0
102
RTVSPost2010PropOp32
 70
     1
102
RTVSPost2010Prop33
280
     0
102
RTVSPost2010PropOp33
 70
     1
102
RTVSPost2010Prop34
280
     0
102
RTVSPost2010PropOp34
 70
     1
102
RTVSPost2010Prop35
280
     0
102
RTVSPost2010PropOp35
 70
     1
102
RTVSPost2010Prop36
280
     0
102
RTVSPost2010PropOp36
 70
     1
102
RTVSPost2010Prop37
 90
       50
102
RTVSPost2010PropOp37
 70
     1
102
RTVSPost2010Prop38
140
0.0
102
RTVSPost2010PropOp38
 70
     1
102
RTVSPost2010Prop39
140
1.0
102
RTVSPost2010PropOp39
 70
     1
102
RTVSPost2010Prop40
 90
        0
102
RTVSPost2010PropOp40
 70
     1
102
RTVSPost2010Prop41ColorIndex
 90
       18
102
RTVSPost2010Prop41ColorRGB
 90
        0
102
RTVSPost2010PropOp41
 70
     1
102
RTVSPost2010Prop42
 90
       50
102
RTVSPost2010PropOp42
 70
     1
102
RTVSPost2010Prop43
 90
        3
102
RTVSPost2010PropOp43
 70
     1
102
RTVSPost2010Prop44ColorIndex
 90
        5
102
RTVSPost2010Prop44ColorRGB
 90
      255
102
RTVSPost2010PropOp44
 70
     1
102
RTVSPost2010Prop45
280
     0
102
RTVSPost2010PropOp45
 70
     1
102
RTVSPost2010Prop46
 90
       50
102
RTVSPost2010PropOp46
 70
     1
102
RTVSPost2010Prop47
 90
       50
102
RTVSPost2010PropOp47
 70
     1
102
RTVSPost2010Prop48
 90
       50
102
RTVSPost2010PropOp48
 70
     1
102
RTVSPost2010Prop49
280
     0
102
RTVSPost2010PropOp49
 70
     1
102
RTVSPost2010Prop50
 90
       50
102
RTVSPost2010PropOp50
 70
     1
102
RTVSPost2010Prop51ColorIndex
 90
      256
102
RTVSPost2010Prop51ColorRGB
 90
-16777216
102
RTVSPost2010PropOp51
 70
     0
102
RTVSPost2010Prop52
140
1.0
102
RTVSPost2010PropOp52
 70
     0
102
RTVSPost2010Prop53
 90
        2
102
RTVSPost2010PropOp53
 70
     1
102
RTVSPost2010Prop54
  1
strokes_ogs.tif
102
RTVSPost2010PropOp54
 70
     1
102
RTVSPost2010Prop55
280
     0
102
RTVSPost2010PropOp55
 70
     1
102
RTVSPost2010Prop56
140
1.0
102
RTVSPost2010PropOp56
 70
     1
102
RTVSPost2010Prop57
140
1.0
102
RTVSPost2010PropOp57
 70
     1
  0
XRECORD
  5
88B
102
{ACAD_REACTORS
330
7FD
102
}
330
7FD
100
AcDbXrecord
280
     1
102
RTVSPropertyOp0
 70
     1
102
RTVSPropertyOp1
 70
     1
102
RTVSPropertyOp2
 70
     1
102
RTVSPropertyOp3
 70
     1
102
RTVSPropertyOp4
 70
     1
102
RTVSPropertyOp5
 70
     1
102
RTVSPropertyOp6
 70
     1
102
RTVSPropertyOp7
 70
     1
102
RTVSPropertyOp8
 70
     1
102
RTVSPropertyOp9
 70
     1
102
RTVSPropertyOp10
 70
     1
102
RTVSPropertyOp11
 70
     1
102
RTVSPropertyOp12
 70
     1
102
RTVSPropertyOp13
 70
     1
102
RTVSPropertyOp14
 70
     1
102
RTVSPropertyOp15
 70
     1
102
RTVSPropertyOp16
 70
     1
102
RTVSPropertyOp17
 70
     1
102
RTVSPropertyOp18
 70
     1
102
RTVSPropertyOp19
 70
     1
102
RTVSPropertyOp20
 70
     1
102
RTVSPropertyOp21
 70
     1
102
RTVSPropertyOp22
 70
     1
102
RTVSPropertyOp23
 70
     1
102
RTVSPropertyOp24
 70
     1
102
RTVSPropertyOp25
 70
     1
102
RTVSPropertyOp26
 70
     1
102
RTVSPropertyOp27
 70
     1
102
RTVSPropertyOp28
 70
     1
102
RTVSPropertyOp29
 70
     1
102
RTVSPropertyOp30
 70
     1
102
RTVSPropertyOp31
 70
     1
102
RTVSPropertyOp32
 70
     1
102
RTVSPropertyOp33
 70
     1
102
RTVSPropertyOp34
 70
     1
102
RTVSPropertyOp35
 70
     1
102
RTVSPropertyOp36
 70
     1
102
RTVSPropertyOp37
 70
     1
102
RTVSPropertyOp38
 70
     1
102
RTVSPropertyOp39
 70
     1
102
RTVSPropertyOp40
 70
     1
102
RTVSPropertyOp41
 70
     1
102
RTVSPropertyOp42
 70
     1
102
RTVSPropertyOp43
 70
     1
102
RTVSPropertyOp44
 70
     1
102
RTVSPropertyOp45
 70
     1
102
RTVSPropertyOp46
 70
     1
102
RTVSPropertyOp47
 70
     1
102
RTVSPropertyOp48
 70
     1
102
RTVSPropertyOp49
 70
     1
102
RTVSPropertyOp50
 70
     1
102
RTVSPropertyOp51
 70
     0
102
RTVSPropertyOp52
 70
     0
102
RTVSPropertyOp53
 70
     1
102
RTVSPropertyOp54
 70
     1
102
RTVSPropertyOp55
 70
     1
102
RTVSPropertyOp56
 70
     1
102
RTVSPropertyOp57
 70
     1
102
RTVSPost2010Prop28
280
     0
102
RTVSPost2010PropOp28
 70
     1
102
RTVSPost2010Prop29
280
     1
102
RTVSPost2010PropOp29
 70
     1
102
RTVSPost2010Prop30
280
     1
102
RTVSPost2010PropOp30
 70
     1
102
RTVSPost2010Prop31
280
     0
102
RTVSPost2010PropOp31
 70
     1
102
RTVSPost2010Prop32
280
     0
102
RTVSPost2010PropOp32
 70
     1
102
RTVSPost2010Prop33
280
     0
102
RTVSPost2010PropOp33
 70
     1
102
RTVSPost2010Prop34
280
     0
102
RTVSPost2010PropOp34
 70
     1
102
RTVSPost2010Prop35
280
     0
102
RTVSPost2010PropOp35
 70
     1
102
RTVSPost2010Prop36
280
     0
102
RTVSPost2010PropOp36
 70
     1
102
RTVSPost2010Prop37
 90
       50
102
RTVSPost2010PropOp37
 70
     1
102
RTVSPost2010Prop38
140
0.0
102
RTVSPost2010PropOp38
 70
     1
102
RTVSPost2010Prop39
140
1.0
102
RTVSPost2010PropOp39
 70
     1
102
RTVSPost2010Prop40
 90
        0
102
RTVSPost2010PropOp40
 70
     1
102
RTVSPost2010Prop41ColorIndex
 90
       18
102
RTVSPost2010Prop41ColorRGB
 90
        0
102
RTVSPost2010PropOp41
 70
     1
102
RTVSPost2010Prop42
 90
       50
102
RTVSPost2010PropOp42
 70
     1
102
RTVSPost2010Prop43
 90
        3
102
RTVSPost2010PropOp43
 70
     1
102
RTVSPost2010Prop44ColorIndex
 90
        5
102
RTVSPost2010Prop44ColorRGB
 90
      255
102
RTVSPost2010PropOp44
 70
     1
102
RTVSPost2010Prop45
280
     0
102
RTVSPost2010PropOp45
 70
     1
102
RTVSPost2010Prop46
 90
       50
102
RTVSPost2010PropOp46
 70
     1
102
RTVSPost2010Prop47
 90
       50
102
RTVSPost2010PropOp47
 70
     1
102
RTVSPost2010Prop48
 90
       50
102
RTVSPost2010PropOp48
 70
     1
102
RTVSPost2010Prop49
280
     0
102
RTVSPost2010PropOp49
 70
     1
102
RTVSPost2010Prop50
 90
       50
102
RTVSPost2010PropOp50
 70
     1
102
RTVSPost2010Prop51ColorIndex
 90
      256
102
RTVSPost2010Prop51ColorRGB
 90
-16777216
102
RTVSPost2010PropOp51
 70
     0
102
RTVSPost2010Prop52
140
1.0
102
RTVSPost2010PropOp52
 70
     0
102
RTVSPost2010Prop53
 90
        2
102
RTVSPost2010PropOp53
 70
     1
102
RTVSPost2010Prop54
  1
strokes_ogs.tif
102
RTVSPost2010PropOp54
 70
     1
102
RTVSPost2010Prop55
280
     0
102
RTVSPost2010PropOp55
 70
     1
102
RTVSPost2010Prop56
140
1.0
102
RTVSPost2010PropOp56
 70
     1
102
RTVSPost2010Prop57
140
1.0
102
RTVSPost2010PropOp57
 70
     1
  0
XRECORD
  5
88C
102
{ACAD_REACTORS
330
7FF
102
}
330
7FF
100
AcDbXrecord
280
     1
102
RTVSPropertyOp0
 70
     0
102
RTVSPropertyOp1
 70
     0
102
RTVSPropertyOp2
 70
     0
102
RTVSPropertyOp3
 70
     0
102
RTVSPropertyOp4
 70
     0
102
RTVSPropertyOp5
 70
     0
102
RTVSPropertyOp6
 70
     0
102
RTVSPropertyOp7
 70
     0
102
RTVSPropertyOp8
 70
     0
102
RTVSPropertyOp9
 70
     0
102
RTVSPropertyOp10
 70
     0
102
RTVSPropertyOp11
 70
     0
102
RTVSPropertyOp12
 70
     0
102
RTVSPropertyOp13
 70
     0
102
RTVSPropertyOp14
 70
     2
102
RTVSPropertyOp15
 70
     0
102
RTVSPropertyOp16
 70
     0
102
RTVSPropertyOp17
 70
     0
102
RTVSPropertyOp18
 70
     0
102
RTVSPropertyOp19
 70
     0
102
RTVSPropertyOp20
 70
     0
102
RTVSPropertyOp21
 70
     0
102
RTVSPropertyOp22
 70
     0
102
RTVSPropertyOp23
 70
     0
102
RTVSPropertyOp24
 70
     0
102
RTVSPropertyOp25
 70
     0
102
RTVSPropertyOp26
 70
     0
102
RTVSPropertyOp27
 70
     0
102
RTVSPropertyOp28
 70
     0
102
RTVSPropertyOp29
 70
     0
102
RTVSPropertyOp30
 70
     0
102
RTVSPropertyOp31
 70
     0
102
RTVSPropertyOp32
 70
     0
102
RTVSPropertyOp33
 70
     0
102
RTVSPropertyOp34
 70
     0
102
RTVSPropertyOp35
 70
     0
102
RTVSPropertyOp36
 70
     0
102
RTVSPropertyOp37
 70
     0
102
RTVSPropertyOp38
 70
     0
102
RTVSPropertyOp39
 70
     0
102
RTVSPropertyOp40
 70
     0
102
RTVSPropertyOp41
 70
     0
102
RTVSPropertyOp42
 70
     0
102
RTVSPropertyOp43
 70
     0
102
RTVSPropertyOp44
 70
     0
102
RTVSPropertyOp45
 70
     0
102
RTVSPropertyOp46
 70
     0
102
RTVSPropertyOp47
 70
     0
102
RTVSPropertyOp48
 70
     0
102
RTVSPropertyOp49
 70
     0
102
RTVSPropertyOp50
 70
     0
102
RTVSPropertyOp51
 70
     0
102
RTVSPropertyOp52
 70
     0
102
RTVSPropertyOp53
 70
     0
102
RTVSPropertyOp54
 70
     0
102
RTVSPropertyOp55
 70
     0
102
RTVSPropertyOp56
 70
     0
102
RTVSPropertyOp57
 70
     0
102
RTVSPost2010Prop28
280
     0
102
RTVSPost2010PropOp28
 70
     0
102
RTVSPost2010Prop29
280
     1
102
RTVSPost2010PropOp29
 70
     0
102
RTVSPost2010Prop30
280
     1
102
RTVSPost2010PropOp30
 70
     0
102
RTVSPost2010Prop31
280
     0
102
RTVSPost2010PropOp31
 70
     0
102
RTVSPost2010Prop32
280
     0
102
RTVSPost2010PropOp32
 70
     0
102
RTVSPost2010Prop33
280
     0
102
RTVSPost2010PropOp33
 70
     0
102
RTVSPost2010Prop34
280
     0
102
RTVSPost2010PropOp34
 70
     0
102
RTVSPost2010Prop35
280
     0
102
RTVSPost2010PropOp35
 70
     0
102
RTVSPost2010Prop36
280
     0
102
RTVSPost2010PropOp36
 70
     0
102
RTVSPost2010Prop37
 90
       50
102
RTVSPost2010PropOp37
 70
     0
102
RTVSPost2010Prop38
140
0.0
102
RTVSPost2010PropOp38
 70
     0
102
RTVSPost2010Prop39
140
1.0
102
RTVSPost2010PropOp39
 70
     0
102
RTVSPost2010Prop40
 90
        0
102
RTVSPost2010PropOp40
 70
     0
102
RTVSPost2010Prop41ColorIndex
 90
       18
102
RTVSPost2010Prop41ColorRGB
 90
        0
102
RTVSPost2010PropOp41
 70
     0
102
RTVSPost2010Prop42
 90
       50
102
RTVSPost2010PropOp42
 70
     0
102
RTVSPost2010Prop43
 90
        3
102
RTVSPost2010PropOp43
 70
     0
102
RTVSPost2010Prop44ColorIndex
 90
        5
102
RTVSPost2010Prop44ColorRGB
 90
      255
102
RTVSPost2010PropOp44
 70
     0
102
RTVSPost2010Prop45
280
     0
102
RTVSPost2010PropOp45
 70
     0
102
RTVSPost2010Prop46
 90
       50
102
RTVSPost2010PropOp46
 70
     0
102
RTVSPost2010Prop47
 90
       50
102
RTVSPost2010PropOp47
 70
     0
102
RTVSPost2010Prop48
 90
       50
102
RTVSPost2010PropOp48
 70
     0
102
RTVSPost2010Prop49
280
     0
102
RTVSPost2010PropOp49
 70
     0
102
RTVSPost2010Prop50
 90
       50
102
RTVSPost2010PropOp50
 70
     0
102
RTVSPost2010Prop51ColorIndex
 90
      256
102
RTVSPost2010Prop51ColorRGB
 90
-16777216
102
RTVSPost2010PropOp51
 70
     0
102
RTVSPost2010Prop52
140
1.0
102
RTVSPost2010PropOp52
 70
     0
102
RTVSPost2010Prop53
 90
        2
102
RTVSPost2010PropOp53
 70
     0
102
RTVSPost2010Prop54
  1
strokes_ogs.tif
102
RTVSPost2010PropOp54
 70
     0
102
RTVSPost2010Prop55
280
     0
102
RTVSPost2010PropOp55
 70
     0
102
RTVSPost2010Prop56
140
1.0
102
RTVSPost2010PropOp56
 70
     0
102
RTVSPost2010Prop57
140
1.0
102
RTVSPost2010PropOp57
 70
     0
  0
XRECORD
  5
88D
102
{ACAD_REACTORS
330
801
102
}
330
801
100
AcDbXrecord
280
     1
102
RTVSPropertyOp0
 70
     1
102
RTVSPropertyOp1
 70
     1
102
RTVSPropertyOp2
 70
     1
102
RTVSPropertyOp3
 70
     1
102
RTVSPropertyOp4
 70
     1
102
RTVSPropertyOp5
 70
     1
102
RTVSPropertyOp6
 70
     1
102
RTVSPropertyOp7
 70
     1
102
RTVSPropertyOp8
 70
     1
102
RTVSPropertyOp9
 70
     1
102
RTVSPropertyOp10
 70
     1
102
RTVSPropertyOp11
 70
     1
102
RTVSPropertyOp12
 70
     1
102
RTVSPropertyOp13
 70
     1
102
RTVSPropertyOp14
 70
     1
102
RTVSPropertyOp15
 70
     1
102
RTVSPropertyOp16
 70
     1
102
RTVSPropertyOp17
 70
     1
102
RTVSPropertyOp18
 70
     1
102
RTVSPropertyOp19
 70
     1
102
RTVSPropertyOp20
 70
     1
102
RTVSPropertyOp21
 70
     1
102
RTVSPropertyOp22
 70
     1
102
RTVSPropertyOp23
 70
     1
102
RTVSPropertyOp24
 70
     1
102
RTVSPropertyOp25
 70
     1
102
RTVSPropertyOp26
 70
     1
102
RTVSPropertyOp27
 70
     1
102
RTVSPropertyOp28
 70
     1
102
RTVSPropertyOp29
 70
     1
102
RTVSPropertyOp30
 70
     1
102
RTVSPropertyOp31
 70
     1
102
RTVSPropertyOp32
 70
     1
102
RTVSPropertyOp33
 70
     1
102
RTVSPropertyOp34
 70
     1
102
RTVSPropertyOp35
 70
     1
102
RTVSPropertyOp36
 70
     1
102
RTVSPropertyOp37
 70
     1
102
RTVSPropertyOp38
 70
     1
102
RTVSPropertyOp39
 70
     1
102
RTVSPropertyOp40
 70
     1
102
RTVSPropertyOp41
 70
     1
102
RTVSPropertyOp42
 70
     1
102
RTVSPropertyOp43
 70
     1
102
RTVSPropertyOp44
 70
     1
102
RTVSPropertyOp45
 70
     1
102
RTVSPropertyOp46
 70
     1
102
RTVSPropertyOp47
 70
     1
102
RTVSPropertyOp48
 70
     1
102
RTVSPropertyOp49
 70
     1
102
RTVSPropertyOp50
 70
     1
102
RTVSPropertyOp51
 70
     0
102
RTVSPropertyOp52
 70
     0
102
RTVSPropertyOp53
 70
     1
102
RTVSPropertyOp54
 70
     1
102
RTVSPropertyOp55
 70
     1
102
RTVSPropertyOp56
 70
     1
102
RTVSPropertyOp57
 70
     1
102
RTVSPost2010Prop28
280
     0
102
RTVSPost2010PropOp28
 70
     1
102
RTVSPost2010Prop29
280
     1
102
RTVSPost2010PropOp29
 70
     1
102
RTVSPost2010Prop30
280
     1
102
RTVSPost2010PropOp30
 70
     1
102
RTVSPost2010Prop31
280
     0
102
RTVSPost2010PropOp31
 70
     1
102
RTVSPost2010Prop32
280
     0
102
RTVSPost2010PropOp32
 70
     1
102
RTVSPost2010Prop33
280
     0
102
RTVSPost2010PropOp33
 70
     1
102
RTVSPost2010Prop34
280
     0
102
RTVSPost2010PropOp34
 70
     1
102
RTVSPost2010Prop35
280
     0
102
RTVSPost2010PropOp35
 70
     1
102
RTVSPost2010Prop36
280
     0
102
RTVSPost2010PropOp36
 70
     1
102
RTVSPost2010Prop37
 90
       50
102
RTVSPost2010PropOp37
 70
     1
102
RTVSPost2010Prop38
140
0.0
102
RTVSPost2010PropOp38
 70
     1
102
RTVSPost2010Prop39
140
1.0
102
RTVSPost2010PropOp39
 70
     1
102
RTVSPost2010Prop40
 90
        0
102
RTVSPost2010PropOp40
 70
     1
102
RTVSPost2010Prop41ColorIndex
 90
       18
102
RTVSPost2010Prop41ColorRGB
 90
        0
102
RTVSPost2010PropOp41
 70
     1
102
RTVSPost2010Prop42
 90
       50
102
RTVSPost2010PropOp42
 70
     1
102
RTVSPost2010Prop43
 90
        3
102
RTVSPost2010PropOp43
 70
     1
102
RTVSPost2010Prop44ColorIndex
 90
        5
102
RTVSPost2010Prop44ColorRGB
 90
      255
102
RTVSPost2010PropOp44
 70
     1
102
RTVSPost2010Prop45
280
     0
102
RTVSPost2010PropOp45
 70
     1
102
RTVSPost2010Prop46
 90
       50
102
RTVSPost2010PropOp46
 70
     1
102
RTVSPost2010Prop47
 90
       50
102
RTVSPost2010PropOp47
 70
     1
102
RTVSPost2010Prop48
 90
       50
102
RTVSPost2010PropOp48
 70
     1
102
RTVSPost2010Prop49
280
     0
102
RTVSPost2010PropOp49
 70
     1
102
RTVSPost2010Prop50
 90
       50
102
RTVSPost2010PropOp50
 70
     1
102
RTVSPost2010Prop51ColorIndex
 90
      256
102
RTVSPost2010Prop51ColorRGB
 90
-16777216
102
RTVSPost2010PropOp51
 70
     0
102
RTVSPost2010Prop52
140
1.0
102
RTVSPost2010PropOp52
 70
     0
102
RTVSPost2010Prop53
 90
        2
102
RTVSPost2010PropOp53
 70
     1
102
RTVSPost2010Prop54
  1
strokes_ogs.tif
102
RTVSPost2010PropOp54
 70
     1
102
RTVSPost2010Prop55
280
     0
102
RTVSPost2010PropOp55
 70
     1
102
RTVSPost2010Prop56
140
1.0
102
RTVSPost2010PropOp56
 70
     1
102
RTVSPost2010Prop57
140
1.0
102
RTVSPost2010PropOp57
 70
     1
  0
XRECORD
  5
88E
102
{ACAD_REACTORS
330
803
102
}
330
803
100
AcDbXrecord
280
     1
102
RTVSPropertyOp0
 70
     0
102
RTVSPropertyOp1
 70
     0
102
RTVSPropertyOp2
 70
     0
102
RTVSPropertyOp3
 70
     0
102
RTVSPropertyOp4
 70
     0
102
RTVSPropertyOp5
 70
     0
102
RTVSPropertyOp6
 70
     0
102
RTVSPropertyOp7
 70
     0
102
RTVSPropertyOp8
 70
     0
102
RTVSPropertyOp9
 70
     0
102
RTVSPropertyOp10
 70
     0
102
RTVSPropertyOp11
 70
     0
102
RTVSPropertyOp12
 70
     0
102
RTVSPropertyOp13
 70
     0
102
RTVSPropertyOp14
 70
     2
102
RTVSPropertyOp15
 70
     0
102
RTVSPropertyOp16
 70
     0
102
RTVSPropertyOp17
 70
     0
102
RTVSPropertyOp18
 70
     0
102
RTVSPropertyOp19
 70
     0
102
RTVSPropertyOp20
 70
     0
102
RTVSPropertyOp21
 70
     0
102
RTVSPropertyOp22
 70
     0
102
RTVSPropertyOp23
 70
     0
102
RTVSPropertyOp24
 70
     0
102
RTVSPropertyOp25
 70
     0
102
RTVSPropertyOp26
 70
     0
102
RTVSPropertyOp27
 70
     0
102
RTVSPropertyOp28
 70
     0
102
RTVSPropertyOp29
 70
     0
102
RTVSPropertyOp30
 70
     0
102
RTVSPropertyOp31
 70
     0
102
RTVSPropertyOp32
 70
     0
102
RTVSPropertyOp33
 70
     0
102
RTVSPropertyOp34
 70
     0
102
RTVSPropertyOp35
 70
     0
102
RTVSPropertyOp36
 70
     0
102
RTVSPropertyOp37
 70
     0
102
RTVSPropertyOp38
 70
     0
102
RTVSPropertyOp39
 70
     0
102
RTVSPropertyOp40
 70
     0
102
RTVSPropertyOp41
 70
     0
102
RTVSPropertyOp42
 70
     0
102
RTVSPropertyOp43
 70
     0
102
RTVSPropertyOp44
 70
     0
102
RTVSPropertyOp45
 70
     0
102
RTVSPropertyOp46
 70
     0
102
RTVSPropertyOp47
 70
     0
102
RTVSPropertyOp48
 70
     0
102
RTVSPropertyOp49
 70
     0
102
RTVSPropertyOp50
 70
     0
102
RTVSPropertyOp51
 70
     0
102
RTVSPropertyOp52
 70
     0
102
RTVSPropertyOp53
 70
     0
102
RTVSPropertyOp54
 70
     0
102
RTVSPropertyOp55
 70
     0
102
RTVSPropertyOp56
 70
     0
102
RTVSPropertyOp57
 70
     0
102
RTVSPost2010Prop28
280
     0
102
RTVSPost2010PropOp28
 70
     0
102
RTVSPost2010Prop29
280
     1
102
RTVSPost2010PropOp29
 70
     0
102
RTVSPost2010Prop30
280
     1
102
RTVSPost2010PropOp30
 70
     0
102
RTVSPost2010Prop31
280
     0
102
RTVSPost2010PropOp31
 70
     0
102
RTVSPost2010Prop32
280
     0
102
RTVSPost2010PropOp32
 70
     0
102
RTVSPost2010Prop33
280
     0
102
RTVSPost2010PropOp33
 70
     0
102
RTVSPost2010Prop34
280
     0
102
RTVSPost2010PropOp34
 70
     0
102
RTVSPost2010Prop35
280
     0
102
RTVSPost2010PropOp35
 70
     0
102
RTVSPost2010Prop36
280
     0
102
RTVSPost2010PropOp36
 70
     0
102
RTVSPost2010Prop37
 90
       50
102
RTVSPost2010PropOp37
 70
     0
102
RTVSPost2010Prop38
140
0.0
102
RTVSPost2010PropOp38
 70
     0
102
RTVSPost2010Prop39
140
1.0
102
RTVSPost2010PropOp39
 70
     0
102
RTVSPost2010Prop40
 90
        0
102
RTVSPost2010PropOp40
 70
     0
102
RTVSPost2010Prop41ColorIndex
 90
       18
102
RTVSPost2010Prop41ColorRGB
 90
        0
102
RTVSPost2010PropOp41
 70
     0
102
RTVSPost2010Prop42
 90
       50
102
RTVSPost2010PropOp42
 70
     0
102
RTVSPost2010Prop43
 90
        3
102
RTVSPost2010PropOp43
 70
     0
102
RTVSPost2010Prop44ColorIndex
 90
        5
102
RTVSPost2010Prop44ColorRGB
 90
      255
102
RTVSPost2010PropOp44
 70
     0
102
RTVSPost2010Prop45
280
     0
102
RTVSPost2010PropOp45
 70
     0
102
RTVSPost2010Prop46
 90
       50
102
RTVSPost2010PropOp46
 70
     0
102
RTVSPost2010Prop47
 90
       50
102
RTVSPost2010PropOp47
 70
     0
102
RTVSPost2010Prop48
 90
       50
102
RTVSPost2010PropOp48
 70
     0
102
RTVSPost2010Prop49
280
     0
102
RTVSPost2010PropOp49
 70
     0
102
RTVSPost2010Prop50
 90
       50
102
RTVSPost2010PropOp50
 70
     0
102
RTVSPost2010Prop51ColorIndex
 90
      256
102
RTVSPost2010Prop51ColorRGB
 90
-16777216
102
RTVSPost2010PropOp51
 70
     0
102
RTVSPost2010Prop52
140
1.0
102
RTVSPost2010PropOp52
 70
     0
102
RTVSPost2010Prop53
 90
        2
102
RTVSPost2010PropOp53
 70
     0
102
RTVSPost2010Prop54
  1
strokes_ogs.tif
102
RTVSPost2010PropOp54
 70
     0
102
RTVSPost2010Prop55
280
     0
102
RTVSPost2010PropOp55
 70
     0
102
RTVSPost2010Prop56
140
1.0
102
RTVSPost2010PropOp56
 70
     0
102
RTVSPost2010Prop57
140
1.0
102
RTVSPost2010PropOp57
 70
     0
  0
XRECORD
  5
88F
102
{ACAD_REACTORS
330
805
102
}
330
805
100
AcDbXrecord
280
     1
102
RTVSPropertyOp0
 70
     1
102
RTVSPropertyOp1
 70
     1
102
RTVSPropertyOp2
 70
     1
102
RTVSPropertyOp3
 70
     1
102
RTVSPropertyOp4
 70
     1
102
RTVSPropertyOp5
 70
     1
102
RTVSPropertyOp6
 70
     1
102
RTVSPropertyOp7
 70
     1
102
RTVSPropertyOp8
 70
     1
102
RTVSPropertyOp9
 70
     1
102
RTVSPropertyOp10
 70
     1
102
RTVSPropertyOp11
 70
     1
102
RTVSPropertyOp12
 70
     1
102
RTVSPropertyOp13
 70
     1
102
RTVSPropertyOp14
 70
     1
102
RTVSPropertyOp15
 70
     1
102
RTVSPropertyOp16
 70
     1
102
RTVSPropertyOp17
 70
     1
102
RTVSPropertyOp18
 70
     1
102
RTVSPropertyOp19
 70
     1
102
RTVSPropertyOp20
 70
     1
102
RTVSPropertyOp21
 70
     1
102
RTVSPropertyOp22
 70
     1
102
RTVSPropertyOp23
 70
     1
102
RTVSPropertyOp24
 70
     1
102
RTVSPropertyOp25
 70
     1
102
RTVSPropertyOp26
 70
     1
102
RTVSPropertyOp27
 70
     1
102
RTVSPropertyOp28
 70
     1
102
RTVSPropertyOp29
 70
     1
102
RTVSPropertyOp30
 70
     1
102
RTVSPropertyOp31
 70
     1
102
RTVSPropertyOp32
 70
     1
102
RTVSPropertyOp33
 70
     1
102
RTVSPropertyOp34
 70
     1
102
RTVSPropertyOp35
 70
     1
102
RTVSPropertyOp36
 70
     1
102
RTVSPropertyOp37
 70
     1
102
RTVSPropertyOp38
 70
     1
102
RTVSPropertyOp39
 70
     1
102
RTVSPropertyOp40
 70
     1
102
RTVSPropertyOp41
 70
     1
102
RTVSPropertyOp42
 70
     1
102
RTVSPropertyOp43
 70
     1
102
RTVSPropertyOp44
 70
     1
102
RTVSPropertyOp45
 70
     1
102
RTVSPropertyOp46
 70
     1
102
RTVSPropertyOp47
 70
     1
102
RTVSPropertyOp48
 70
     1
102
RTVSPropertyOp49
 70
     1
102
RTVSPropertyOp50
 70
     1
102
RTVSPropertyOp51
 70
     0
102
RTVSPropertyOp52
 70
     0
102
RTVSPropertyOp53
 70
     1
102
RTVSPropertyOp54
 70
     1
102
RTVSPropertyOp55
 70
     1
102
RTVSPropertyOp56
 70
     1
102
RTVSPropertyOp57
 70
     1
102
RTVSPost2010Prop28
280
     0
102
RTVSPost2010PropOp28
 70
     1
102
RTVSPost2010Prop29
280
     1
102
RTVSPost2010PropOp29
 70
     1
102
RTVSPost2010Prop30
280
     1
102
RTVSPost2010PropOp30
 70
     1
102
RTVSPost2010Prop31
280
     0
102
RTVSPost2010PropOp31
 70
     1
102
RTVSPost2010Prop32
280
     0
102
RTVSPost2010PropOp32
 70
     1
102
RTVSPost2010Prop33
280
     0
102
RTVSPost2010PropOp33
 70
     1
102
RTVSPost2010Prop34
280
     0
102
RTVSPost2010PropOp34
 70
     1
102
RTVSPost2010Prop35
280
     0
102
RTVSPost2010PropOp35
 70
     1
102
RTVSPost2010Prop36
280
     0
102
RTVSPost2010PropOp36
 70
     1
102
RTVSPost2010Prop37
 90
       50
102
RTVSPost2010PropOp37
 70
     1
102
RTVSPost2010Prop38
140
0.0
102
RTVSPost2010PropOp38
 70
     1
102
RTVSPost2010Prop39
140
1.0
102
RTVSPost2010PropOp39
 70
     1
102
RTVSPost2010Prop40
 90
        0
102
RTVSPost2010PropOp40
 70
     1
102
RTVSPost2010Prop41ColorIndex
 90
       18
102
RTVSPost2010Prop41ColorRGB
 90
        0
102
RTVSPost2010PropOp41
 70
     1
102
RTVSPost2010Prop42
 90
       50
102
RTVSPost2010PropOp42
 70
     1
102
RTVSPost2010Prop43
 90
        3
102
RTVSPost2010PropOp43
 70
     1
102
RTVSPost2010Prop44ColorIndex
 90
        5
102
RTVSPost2010Prop44ColorRGB
 90
      255
102
RTVSPost2010PropOp44
 70
     1
102
RTVSPost2010Prop45
280
     0
102
RTVSPost2010PropOp45
 70
     1
102
RTVSPost2010Prop46
 90
       50
102
RTVSPost2010PropOp46
 70
     1
102
RTVSPost2010Prop47
 90
       50
102
RTVSPost2010PropOp47
 70
     1
102
RTVSPost2010Prop48
 90
       50
102
RTVSPost2010PropOp48
 70
     1
102
RTVSPost2010Prop49
280
     0
102
RTVSPost2010PropOp49
 70
     1
102
RTVSPost2010Prop50
 90
       50
102
RTVSPost2010PropOp50
 70
     1
102
RTVSPost2010Prop51ColorIndex
 90
      256
102
RTVSPost2010Prop51ColorRGB
 90
-16777216
102
RTVSPost2010PropOp51
 70
     0
102
RTVSPost2010Prop52
140
1.0
102
RTVSPost2010PropOp52
 70
     0
102
RTVSPost2010Prop53
 90
        2
102
RTVSPost2010PropOp53
 70
     1
102
RTVSPost2010Prop54
  1
strokes_ogs.tif
102
RTVSPost2010PropOp54
 70
     1
102
RTVSPost2010Prop55
280
     0
102
RTVSPost2010PropOp55
 70
     1
102
RTVSPost2010Prop56
140
1.0
102
RTVSPost2010PropOp56
 70
     1
102
RTVSPost2010Prop57
140
1.0
102
RTVSPost2010PropOp57
 70
     1
  0
XRECORD
  5
890
102
{ACAD_REACTORS
330
807
102
}
330
807
100
AcDbXrecord
280
     1
102
RTVSPropertyOp0
 70
     1
102
RTVSPropertyOp1
 70
     1
102
RTVSPropertyOp2
 70
     1
102
RTVSPropertyOp3
 70
     1
102
RTVSPropertyOp4
 70
     1
102
RTVSPropertyOp5
 70
     1
102
RTVSPropertyOp6
 70
     1
102
RTVSPropertyOp7
 70
     1
102
RTVSPropertyOp8
 70
     1
102
RTVSPropertyOp9
 70
     1
102
RTVSPropertyOp10
 70
     1
102
RTVSPropertyOp11
 70
     1
102
RTVSPropertyOp12
 70
     1
102
RTVSPropertyOp13
 70
     1
102
RTVSPropertyOp14
 70
     1
102
RTVSPropertyOp15
 70
     1
102
RTVSPropertyOp16
 70
     1
102
RTVSPropertyOp17
 70
     1
102
RTVSPropertyOp18
 70
     1
102
RTVSPropertyOp19
 70
     1
102
RTVSPropertyOp20
 70
     1
102
RTVSPropertyOp21
 70
     1
102
RTVSPropertyOp22
 70
     1
102
RTVSPropertyOp23
 70
     1
102
RTVSPropertyOp24
 70
     1
102
RTVSPropertyOp25
 70
     1
102
RTVSPropertyOp26
 70
     1
102
RTVSPropertyOp27
 70
     1
102
RTVSPropertyOp28
 70
     1
102
RTVSPropertyOp29
 70
     1
102
RTVSPropertyOp30
 70
     1
102
RTVSPropertyOp31
 70
     1
102
RTVSPropertyOp32
 70
     1
102
RTVSPropertyOp33
 70
     1
102
RTVSPropertyOp34
 70
     1
102
RTVSPropertyOp35
 70
     1
102
RTVSPropertyOp36
 70
     1
102
RTVSPropertyOp37
 70
     1
102
RTVSPropertyOp38
 70
     1
102
RTVSPropertyOp39
 70
     1
102
RTVSPropertyOp40
 70
     1
102
RTVSPropertyOp41
 70
     1
102
RTVSPropertyOp42
 70
     1
102
RTVSPropertyOp43
 70
     1
102
RTVSPropertyOp44
 70
     1
102
RTVSPropertyOp45
 70
     1
102
RTVSPropertyOp46
 70
     1
102
RTVSPropertyOp47
 70
     1
102
RTVSPropertyOp48
 70
     1
102
RTVSPropertyOp49
 70
     1
102
RTVSPropertyOp50
 70
     1
102
RTVSPropertyOp51
 70
     0
102
RTVSPropertyOp52
 70
     0
102
RTVSPropertyOp53
 70
     1
102
RTVSPropertyOp54
 70
     1
102
RTVSPropertyOp55
 70
     1
102
RTVSPropertyOp56
 70
     1
102
RTVSPropertyOp57
 70
     1
102
RTVSPost2010Prop28
280
     0
102
RTVSPost2010PropOp28
 70
     1
102
RTVSPost2010Prop29
280
     1
102
RTVSPost2010PropOp29
 70
     1
102
RTVSPost2010Prop30
280
     1
102
RTVSPost2010PropOp30
 70
     1
102
RTVSPost2010Prop31
280
     0
102
RTVSPost2010PropOp31
 70
     1
102
RTVSPost2010Prop32
280
     0
102
RTVSPost2010PropOp32
 70
     1
102
RTVSPost2010Prop33
280
     0
102
RTVSPost2010PropOp33
 70
     1
102
RTVSPost2010Prop34
280
     0
102
RTVSPost2010PropOp34
 70
     1
102
RTVSPost2010Prop35
280
     0
102
RTVSPost2010PropOp35
 70
     1
102
RTVSPost2010Prop36
280
     0
102
RTVSPost2010PropOp36
 70
     1
102
RTVSPost2010Prop37
 90
       50
102
RTVSPost2010PropOp37
 70
     1
102
RTVSPost2010Prop38
140
0.0
102
RTVSPost2010PropOp38
 70
     1
102
RTVSPost2010Prop39
140
1.0
102
RTVSPost2010PropOp39
 70
     1
102
RTVSPost2010Prop40
 90
        0
102
RTVSPost2010PropOp40
 70
     1
102
RTVSPost2010Prop41ColorIndex
 90
       18
102
RTVSPost2010Prop41ColorRGB
 90
        0
102
RTVSPost2010PropOp41
 70
     1
102
RTVSPost2010Prop42
 90
       50
102
RTVSPost2010PropOp42
 70
     1
102
RTVSPost2010Prop43
 90
        3
102
RTVSPost2010PropOp43
 70
     1
102
RTVSPost2010Prop44ColorIndex
 90
        5
102
RTVSPost2010Prop44ColorRGB
 90
      255
102
RTVSPost2010PropOp44
 70
     1
102
RTVSPost2010Prop45
280
     0
102
RTVSPost2010PropOp45
 70
     1
102
RTVSPost2010Prop46
 90
       50
102
RTVSPost2010PropOp46
 70
     1
102
RTVSPost2010Prop47
 90
       50
102
RTVSPost2010PropOp47
 70
     1
102
RTVSPost2010Prop48
 90
       50
102
RTVSPost2010PropOp48
 70
     1
102
RTVSPost2010Prop49
280
     0
102
RTVSPost2010PropOp49
 70
     1
102
RTVSPost2010Prop50
 90
       50
102
RTVSPost2010PropOp50
 70
     1
102
RTVSPost2010Prop51ColorIndex
 90
      256
102
RTVSPost2010Prop51ColorRGB
 90
-16777216
102
RTVSPost2010PropOp51
 70
     0
102
RTVSPost2010Prop52
140
1.0
102
RTVSPost2010PropOp52
 70
     0
102
RTVSPost2010Prop53
 90
        2
102
RTVSPost2010PropOp53
 70
     1
102
RTVSPost2010Prop54
  1
strokes_ogs.tif
102
RTVSPost2010PropOp54
 70
     1
102
RTVSPost2010Prop55
280
     0
102
RTVSPost2010PropOp55
 70
     1
102
RTVSPost2010Prop56
140
1.0
102
RTVSPost2010PropOp56
 70
     1
102
RTVSPost2010Prop57
140
1.0
102
RTVSPost2010PropOp57
 70
     1
  0
XRECORD
  5
891
102
{ACAD_REACTORS
330
809
102
}
330
809
100
AcDbXrecord
280
     1
102
RTVSPropertyOp0
 70
     1
102
RTVSPropertyOp1
 70
     1
102
RTVSPropertyOp2
 70
     1
102
RTVSPropertyOp3
 70
     1
102
RTVSPropertyOp4
 70
     1
102
RTVSPropertyOp5
 70
     1
102
RTVSPropertyOp6
 70
     1
102
RTVSPropertyOp7
 70
     1
102
RTVSPropertyOp8
 70
     1
102
RTVSPropertyOp9
 70
     1
102
RTVSPropertyOp10
 70
     1
102
RTVSPropertyOp11
 70
     1
102
RTVSPropertyOp12
 70
     1
102
RTVSPropertyOp13
 70
     1
102
RTVSPropertyOp14
 70
     1
102
RTVSPropertyOp15
 70
     1
102
RTVSPropertyOp16
 70
     1
102
RTVSPropertyOp17
 70
     1
102
RTVSPropertyOp18
 70
     1
102
RTVSPropertyOp19
 70
     1
102
RTVSPropertyOp20
 70
     1
102
RTVSPropertyOp21
 70
     1
102
RTVSPropertyOp22
 70
     1
102
RTVSPropertyOp23
 70
     1
102
RTVSPropertyOp24
 70
     1
102
RTVSPropertyOp25
 70
     1
102
RTVSPropertyOp26
 70
     1
102
RTVSPropertyOp27
 70
     1
102
RTVSPropertyOp28
 70
     1
102
RTVSPropertyOp29
 70
     1
102
RTVSPropertyOp30
 70
     1
102
RTVSPropertyOp31
 70
     1
102
RTVSPropertyOp32
 70
     1
102
RTVSPropertyOp33
 70
     1
102
RTVSPropertyOp34
 70
     1
102
RTVSPropertyOp35
 70
     1
102
RTVSPropertyOp36
 70
     1
102
RTVSPropertyOp37
 70
     1
102
RTVSPropertyOp38
 70
     1
102
RTVSPropertyOp39
 70
     1
102
RTVSPropertyOp40
 70
     1
102
RTVSPropertyOp41
 70
     1
102
RTVSPropertyOp42
 70
     1
102
RTVSPropertyOp43
 70
     1
102
RTVSPropertyOp44
 70
     1
102
RTVSPropertyOp45
 70
     1
102
RTVSPropertyOp46
 70
     1
102
RTVSPropertyOp47
 70
     1
102
RTVSPropertyOp48
 70
     1
102
RTVSPropertyOp49
 70
     1
102
RTVSPropertyOp50
 70
     1
102
RTVSPropertyOp51
 70
     0
102
RTVSPropertyOp52
 70
     0
102
RTVSPropertyOp53
 70
     1
102
RTVSPropertyOp54
 70
     1
102
RTVSPropertyOp55
 70
     1
102
RTVSPropertyOp56
 70
     1
102
RTVSPropertyOp57
 70
     1
102
RTVSPost2010Prop28
280
     0
102
RTVSPost2010PropOp28
 70
     1
102
RTVSPost2010Prop29
280
     1
102
RTVSPost2010PropOp29
 70
     1
102
RTVSPost2010Prop30
280
     1
102
RTVSPost2010PropOp30
 70
     1
102
RTVSPost2010Prop31
280
     0
102
RTVSPost2010PropOp31
 70
     1
102
RTVSPost2010Prop32
280
     0
102
RTVSPost2010PropOp32
 70
     1
102
RTVSPost2010Prop33
280
     0
102
RTVSPost2010PropOp33
 70
     1
102
RTVSPost2010Prop34
280
     0
102
RTVSPost2010PropOp34
 70
     1
102
RTVSPost2010Prop35
280
     0
102
RTVSPost2010PropOp35
 70
     1
102
RTVSPost2010Prop36
280
     0
102
RTVSPost2010PropOp36
 70
     1
102
RTVSPost2010Prop37
 90
       50
102
RTVSPost2010PropOp37
 70
     1
102
RTVSPost2010Prop38
140
0.0
102
RTVSPost2010PropOp38
 70
     1
102
RTVSPost2010Prop39
140
1.0
102
RTVSPost2010PropOp39
 70
     1
102
RTVSPost2010Prop40
 90
        0
102
RTVSPost2010PropOp40
 70
     1
102
RTVSPost2010Prop41ColorIndex
 90
       18
102
RTVSPost2010Prop41ColorRGB
 90
        0
102
RTVSPost2010PropOp41
 70
     1
102
RTVSPost2010Prop42
 90
       50
102
RTVSPost2010PropOp42
 70
     1
102
RTVSPost2010Prop43
 90
        3
102
RTVSPost2010PropOp43
 70
     1
102
RTVSPost2010Prop44ColorIndex
 90
        5
102
RTVSPost2010Prop44ColorRGB
 90
      255
102
RTVSPost2010PropOp44
 70
     1
102
RTVSPost2010Prop45
280
     0
102
RTVSPost2010PropOp45
 70
     1
102
RTVSPost2010Prop46
 90
       50
102
RTVSPost2010PropOp46
 70
     1
102
RTVSPost2010Prop47
 90
       50
102
RTVSPost2010PropOp47
 70
     1
102
RTVSPost2010Prop48
 90
       50
102
RTVSPost2010PropOp48
 70
     1
102
RTVSPost2010Prop49
280
     0
102
RTVSPost2010PropOp49
 70
     1
102
RTVSPost2010Prop50
 90
       50
102
RTVSPost2010PropOp50
 70
     1
102
RTVSPost2010Prop51ColorIndex
 90
      256
102
RTVSPost2010Prop51ColorRGB
 90
-16777216
102
RTVSPost2010PropOp51
 70
     0
102
RTVSPost2010Prop52
140
1.0
102
RTVSPost2010PropOp52
 70
     0
102
RTVSPost2010Prop53
 90
        2
102
RTVSPost2010PropOp53
 70
     1
102
RTVSPost2010Prop54
  1
strokes_ogs.tif
102
RTVSPost2010PropOp54
 70
     1
102
RTVSPost2010Prop55
280
     0
102
RTVSPost2010PropOp55
 70
     1
102
RTVSPost2010Prop56
140
1.0
102
RTVSPost2010PropOp56
 70
     1
102
RTVSPost2010Prop57
140
1.0
102
RTVSPost2010PropOp57
 70
     1
  0
XRECORD
  5
892
102
{ACAD_REACTORS
330
80B
102
}
330
80B
100
AcDbXrecord
280
     1
102
RTVSPropertyOp0
 70
     1
102
RTVSPropertyOp1
 70
     1
102
RTVSPropertyOp2
 70
     1
102
RTVSPropertyOp3
 70
     1
102
RTVSPropertyOp4
 70
     1
102
RTVSPropertyOp5
 70
     1
102
RTVSPropertyOp6
 70
     1
102
RTVSPropertyOp7
 70
     1
102
RTVSPropertyOp8
 70
     1
102
RTVSPropertyOp9
 70
     1
102
RTVSPropertyOp10
 70
     1
102
RTVSPropertyOp11
 70
     1
102
RTVSPropertyOp12
 70
     1
102
RTVSPropertyOp13
 70
     1
102
RTVSPropertyOp14
 70
     1
102
RTVSPropertyOp15
 70
     1
102
RTVSPropertyOp16
 70
     1
102
RTVSPropertyOp17
 70
     1
102
RTVSPropertyOp18
 70
     1
102
RTVSPropertyOp19
 70
     1
102
RTVSPropertyOp20
 70
     1
102
RTVSPropertyOp21
 70
     1
102
RTVSPropertyOp22
 70
     1
102
RTVSPropertyOp23
 70
     1
102
RTVSPropertyOp24
 70
     1
102
RTVSPropertyOp25
 70
     1
102
RTVSPropertyOp26
 70
     1
102
RTVSPropertyOp27
 70
     1
102
RTVSPropertyOp28
 70
     1
102
RTVSPropertyOp29
 70
     1
102
RTVSPropertyOp30
 70
     1
102
RTVSPropertyOp31
 70
     1
102
RTVSPropertyOp32
 70
     1
102
RTVSPropertyOp33
 70
     1
102
RTVSPropertyOp34
 70
     1
102
RTVSPropertyOp35
 70
     1
102
RTVSPropertyOp36
 70
     1
102
RTVSPropertyOp37
 70
     1
102
RTVSPropertyOp38
 70
     1
102
RTVSPropertyOp39
 70
     1
102
RTVSPropertyOp40
 70
     1
102
RTVSPropertyOp41
 70
     1
102
RTVSPropertyOp42
 70
     1
102
RTVSPropertyOp43
 70
     1
102
RTVSPropertyOp44
 70
     1
102
RTVSPropertyOp45
 70
     1
102
RTVSPropertyOp46
 70
     1
102
RTVSPropertyOp47
 70
     1
102
RTVSPropertyOp48
 70
     1
102
RTVSPropertyOp49
 70
     1
102
RTVSPropertyOp50
 70
     1
102
RTVSPropertyOp51
 70
     0
102
RTVSPropertyOp52
 70
     0
102
RTVSPropertyOp53
 70
     1
102
RTVSPropertyOp54
 70
     1
102
RTVSPropertyOp55
 70
     1
102
RTVSPropertyOp56
 70
     1
102
RTVSPropertyOp57
 70
     1
102
RTVSPost2010Prop28
280
     0
102
RTVSPost2010PropOp28
 70
     1
102
RTVSPost2010Prop29
280
     1
102
RTVSPost2010PropOp29
 70
     1
102
RTVSPost2010Prop30
280
     1
102
RTVSPost2010PropOp30
 70
     1
102
RTVSPost2010Prop31
280
     0
102
RTVSPost2010PropOp31
 70
     1
102
RTVSPost2010Prop32
280
     0
102
RTVSPost2010PropOp32
 70
     1
102
RTVSPost2010Prop33
280
     0
102
RTVSPost2010PropOp33
 70
     1
102
RTVSPost2010Prop34
280
     0
102
RTVSPost2010PropOp34
 70
     1
102
RTVSPost2010Prop35
280
     0
102
RTVSPost2010PropOp35
 70
     1
102
RTVSPost2010Prop36
280
     0
102
RTVSPost2010PropOp36
 70
     1
102
RTVSPost2010Prop37
 90
       50
102
RTVSPost2010PropOp37
 70
     1
102
RTVSPost2010Prop38
140
0.0
102
RTVSPost2010PropOp38
 70
     1
102
RTVSPost2010Prop39
140
1.0
102
RTVSPost2010PropOp39
 70
     1
102
RTVSPost2010Prop40
 90
        0
102
RTVSPost2010PropOp40
 70
     1
102
RTVSPost2010Prop41ColorIndex
 90
       18
102
RTVSPost2010Prop41ColorRGB
 90
        0
102
RTVSPost2010PropOp41
 70
     1
102
RTVSPost2010Prop42
 90
       50
102
RTVSPost2010PropOp42
 70
     1
102
RTVSPost2010Prop43
 90
        3
102
RTVSPost2010PropOp43
 70
     1
102
RTVSPost2010Prop44ColorIndex
 90
        5
102
RTVSPost2010Prop44ColorRGB
 90
      255
102
RTVSPost2010PropOp44
 70
     1
102
RTVSPost2010Prop45
280
     0
102
RTVSPost2010PropOp45
 70
     1
102
RTVSPost2010Prop46
 90
       50
102
RTVSPost2010PropOp46
 70
     1
102
RTVSPost2010Prop47
 90
       50
102
RTVSPost2010PropOp47
 70
     1
102
RTVSPost2010Prop48
 90
       50
102
RTVSPost2010PropOp48
 70
     1
102
RTVSPost2010Prop49
280
     0
102
RTVSPost2010PropOp49
 70
     1
102
RTVSPost2010Prop50
 90
       50
102
RTVSPost2010PropOp50
 70
     1
102
RTVSPost2010Prop51ColorIndex
 90
      256
102
RTVSPost2010Prop51ColorRGB
 90
-16777216
102
RTVSPost2010PropOp51
 70
     0
102
RTVSPost2010Prop52
140
1.0
102
RTVSPost2010PropOp52
 70
     0
102
RTVSPost2010Prop53
 90
        2
102
RTVSPost2010PropOp53
 70
     1
102
RTVSPost2010Prop54
  1
strokes_ogs.tif
102
RTVSPost2010PropOp54
 70
     1
102
RTVSPost2010Prop55
280
     0
102
RTVSPost2010PropOp55
 70
     1
102
RTVSPost2010Prop56
140
1.0
102
RTVSPost2010PropOp56
 70
     1
102
RTVSPost2010Prop57
140
1.0
102
RTVSPost2010PropOp57
 70
     1
  0
XRECORD
  5
893
102
{ACAD_REACTORS
330
80D
102
}
330
80D
100
AcDbXrecord
280
     1
102
RTVSPropertyOp0
 70
     1
102
RTVSPropertyOp1
 70
     1
102
RTVSPropertyOp2
 70
     1
102
RTVSPropertyOp3
 70
     1
102
RTVSPropertyOp4
 70
     1
102
RTVSPropertyOp5
 70
     1
102
RTVSPropertyOp6
 70
     1
102
RTVSPropertyOp7
 70
     1
102
RTVSPropertyOp8
 70
     1
102
RTVSPropertyOp9
 70
     1
102
RTVSPropertyOp10
 70
     1
102
RTVSPropertyOp11
 70
     1
102
RTVSPropertyOp12
 70
     1
102
RTVSPropertyOp13
 70
     1
102
RTVSPropertyOp14
 70
     1
102
RTVSPropertyOp15
 70
     1
102
RTVSPropertyOp16
 70
     1
102
RTVSPropertyOp17
 70
     1
102
RTVSPropertyOp18
 70
     1
102
RTVSPropertyOp19
 70
     1
102
RTVSPropertyOp20
 70
     1
102
RTVSPropertyOp21
 70
     1
102
RTVSPropertyOp22
 70
     1
102
RTVSPropertyOp23
 70
     1
102
RTVSPropertyOp24
 70
     1
102
RTVSPropertyOp25
 70
     1
102
RTVSPropertyOp26
 70
     1
102
RTVSPropertyOp27
 70
     1
102
RTVSPropertyOp28
 70
     1
102
RTVSPropertyOp29
 70
     1
102
RTVSPropertyOp30
 70
     1
102
RTVSPropertyOp31
 70
     1
102
RTVSPropertyOp32
 70
     1
102
RTVSPropertyOp33
 70
     1
102
RTVSPropertyOp34
 70
     1
102
RTVSPropertyOp35
 70
     1
102
RTVSPropertyOp36
 70
     1
102
RTVSPropertyOp37
 70
     1
102
RTVSPropertyOp38
 70
     1
102
RTVSPropertyOp39
 70
     1
102
RTVSPropertyOp40
 70
     1
102
RTVSPropertyOp41
 70
     1
102
RTVSPropertyOp42
 70
     1
102
RTVSPropertyOp43
 70
     1
102
RTVSPropertyOp44
 70
     1
102
RTVSPropertyOp45
 70
     1
102
RTVSPropertyOp46
 70
     1
102
RTVSPropertyOp47
 70
     1
102
RTVSPropertyOp48
 70
     1
102
RTVSPropertyOp49
 70
     1
102
RTVSPropertyOp50
 70
     1
102
RTVSPropertyOp51
 70
     0
102
RTVSPropertyOp52
 70
     0
102
RTVSPropertyOp53
 70
     1
102
RTVSPropertyOp54
 70
     1
102
RTVSPropertyOp55
 70
     1
102
RTVSPropertyOp56
 70
     1
102
RTVSPropertyOp57
 70
     1
102
RTVSPost2010Prop28
280
     0
102
RTVSPost2010PropOp28
 70
     1
102
RTVSPost2010Prop29
280
     1
102
RTVSPost2010PropOp29
 70
     1
102
RTVSPost2010Prop30
280
     1
102
RTVSPost2010PropOp30
 70
     1
102
RTVSPost2010Prop31
280
     0
102
RTVSPost2010PropOp31
 70
     1
102
RTVSPost2010Prop32
280
     0
102
RTVSPost2010PropOp32
 70
     1
102
RTVSPost2010Prop33
280
     0
102
RTVSPost2010PropOp33
 70
     1
102
RTVSPost2010Prop34
280
     0
102
RTVSPost2010PropOp34
 70
     1
102
RTVSPost2010Prop35
280
     0
102
RTVSPost2010PropOp35
 70
     1
102
RTVSPost2010Prop36
280
     0
102
RTVSPost2010PropOp36
 70
     1
102
RTVSPost2010Prop37
 90
       50
102
RTVSPost2010PropOp37
 70
     1
102
RTVSPost2010Prop38
140
0.0
102
RTVSPost2010PropOp38
 70
     1
102
RTVSPost2010Prop39
140
1.0
102
RTVSPost2010PropOp39
 70
     1
102
RTVSPost2010Prop40
 90
        0
102
RTVSPost2010PropOp40
 70
     1
102
RTVSPost2010Prop41ColorIndex
 90
       18
102
RTVSPost2010Prop41ColorRGB
 90
        0
102
RTVSPost2010PropOp41
 70
     1
102
RTVSPost2010Prop42
 90
       50
102
RTVSPost2010PropOp42
 70
     1
102
RTVSPost2010Prop43
 90
        3
102
RTVSPost2010PropOp43
 70
     1
102
RTVSPost2010Prop44ColorIndex
 90
        5
102
RTVSPost2010Prop44ColorRGB
 90
      255
102
RTVSPost2010PropOp44
 70
     1
102
RTVSPost2010Prop45
280
     0
102
RTVSPost2010PropOp45
 70
     1
102
RTVSPost2010Prop46
 90
       50
102
RTVSPost2010PropOp46
 70
     1
102
RTVSPost2010Prop47
 90
       50
102
RTVSPost2010PropOp47
 70
     1
102
RTVSPost2010Prop48
 90
       50
102
RTVSPost2010PropOp48
 70
     1
102
RTVSPost2010Prop49
280
     0
102
RTVSPost2010PropOp49
 70
     1
102
RTVSPost2010Prop50
 90
       50
102
RTVSPost2010PropOp50
 70
     1
102
RTVSPost2010Prop51ColorIndex
 90
      256
102
RTVSPost2010Prop51ColorRGB
 90
-16777216
102
RTVSPost2010PropOp51
 70
     0
102
RTVSPost2010Prop52
140
1.0
102
RTVSPost2010PropOp52
 70
     0
102
RTVSPost2010Prop53
 90
        2
102
RTVSPost2010PropOp53
 70
     1
102
RTVSPost2010Prop54
  1
strokes_ogs.tif
102
RTVSPost2010PropOp54
 70
     1
102
RTVSPost2010Prop55
280
     0
102
RTVSPost2010PropOp55
 70
     1
102
RTVSPost2010Prop56
140
1.0
102
RTVSPost2010PropOp56
 70
     1
102
RTVSPost2010Prop57
140
1.0
102
RTVSPost2010PropOp57
 70
     1
  0
XRECORD
  5
894
102
{ACAD_REACTORS
330
80F
102
}
330
80F
100
AcDbXrecord
280
     1
102
RTVSPropertyOp0
 70
     1
102
RTVSPropertyOp1
 70
     1
102
RTVSPropertyOp2
 70
     1
102
RTVSPropertyOp3
 70
     1
102
RTVSPropertyOp4
 70
     1
102
RTVSPropertyOp5
 70
     1
102
RTVSPropertyOp6
 70
     1
102
RTVSPropertyOp7
 70
     1
102
RTVSPropertyOp8
 70
     1
102
RTVSPropertyOp9
 70
     1
102
RTVSPropertyOp10
 70
     1
102
RTVSPropertyOp11
 70
     1
102
RTVSPropertyOp12
 70
     1
102
RTVSPropertyOp13
 70
     1
102
RTVSPropertyOp14
 70
     1
102
RTVSPropertyOp15
 70
     1
102
RTVSPropertyOp16
 70
     1
102
RTVSPropertyOp17
 70
     1
102
RTVSPropertyOp18
 70
     1
102
RTVSPropertyOp19
 70
     1
102
RTVSPropertyOp20
 70
     1
102
RTVSPropertyOp21
 70
     1
102
RTVSPropertyOp22
 70
     1
102
RTVSPropertyOp23
 70
     1
102
RTVSPropertyOp24
 70
     1
102
RTVSPropertyOp25
 70
     1
102
RTVSPropertyOp26
 70
     1
102
RTVSPropertyOp27
 70
     1
102
RTVSPropertyOp28
 70
     1
102
RTVSPropertyOp29
 70
     1
102
RTVSPropertyOp30
 70
     1
102
RTVSPropertyOp31
 70
     1
102
RTVSPropertyOp32
 70
     1
102
RTVSPropertyOp33
 70
     1
102
RTVSPropertyOp34
 70
     1
102
RTVSPropertyOp35
 70
     1
102
RTVSPropertyOp36
 70
     1
102
RTVSPropertyOp37
 70
     1
102
RTVSPropertyOp38
 70
     1
102
RTVSPropertyOp39
 70
     1
102
RTVSPropertyOp40
 70
     1
102
RTVSPropertyOp41
 70
     1
102
RTVSPropertyOp42
 70
     1
102
RTVSPropertyOp43
 70
     1
102
RTVSPropertyOp44
 70
     1
102
RTVSPropertyOp45
 70
     1
102
RTVSPropertyOp46
 70
     1
102
RTVSPropertyOp47
 70
     1
102
RTVSPropertyOp48
 70
     1
102
RTVSPropertyOp49
 70
     1
102
RTVSPropertyOp50
 70
     1
102
RTVSPropertyOp51
 70
     0
102
RTVSPropertyOp52
 70
     0
102
RTVSPropertyOp53
 70
     1
102
RTVSPropertyOp54
 70
     1
102
RTVSPropertyOp55
 70
     1
102
RTVSPropertyOp56
 70
     1
102
RTVSPropertyOp57
 70
     1
102
RTVSPost2010Prop28
280
     0
102
RTVSPost2010PropOp28
 70
     1
102
RTVSPost2010Prop29
280
     1
102
RTVSPost2010PropOp29
 70
     1
102
RTVSPost2010Prop30
280
     1
102
RTVSPost2010PropOp30
 70
     1
102
RTVSPost2010Prop31
280
     0
102
RTVSPost2010PropOp31
 70
     1
102
RTVSPost2010Prop32
280
     0
102
RTVSPost2010PropOp32
 70
     1
102
RTVSPost2010Prop33
280
     0
102
RTVSPost2010PropOp33
 70
     1
102
RTVSPost2010Prop34
280
     0
102
RTVSPost2010PropOp34
 70
     1
102
RTVSPost2010Prop35
280
     0
102
RTVSPost2010PropOp35
 70
     1
102
RTVSPost2010Prop36
280
     0
102
RTVSPost2010PropOp36
 70
     1
102
RTVSPost2010Prop37
 90
       50
102
RTVSPost2010PropOp37
 70
     1
102
RTVSPost2010Prop38
140
0.0
102
RTVSPost2010PropOp38
 70
     1
102
RTVSPost2010Prop39
140
1.0
102
RTVSPost2010PropOp39
 70
     1
102
RTVSPost2010Prop40
 90
        0
102
RTVSPost2010PropOp40
 70
     1
102
RTVSPost2010Prop41ColorIndex
 90
       18
102
RTVSPost2010Prop41ColorRGB
 90
        0
102
RTVSPost2010PropOp41
 70
     1
102
RTVSPost2010Prop42
 90
       50
102
RTVSPost2010PropOp42
 70
     1
102
RTVSPost2010Prop43
 90
        3
102
RTVSPost2010PropOp43
 70
     1
102
RTVSPost2010Prop44ColorIndex
 90
        5
102
RTVSPost2010Prop44ColorRGB
 90
      255
102
RTVSPost2010PropOp44
 70
     1
102
RTVSPost2010Prop45
280
     0
102
RTVSPost2010PropOp45
 70
     1
102
RTVSPost2010Prop46
 90
       50
102
RTVSPost2010PropOp46
 70
     1
102
RTVSPost2010Prop47
 90
       50
102
RTVSPost2010PropOp47
 70
     1
102
RTVSPost2010Prop48
 90
       50
102
RTVSPost2010PropOp48
 70
     1
102
RTVSPost2010Prop49
280
     0
102
RTVSPost2010PropOp49
 70
     1
102
RTVSPost2010Prop50
 90
       50
102
RTVSPost2010PropOp50
 70
     1
102
RTVSPost2010Prop51ColorIndex
 90
      256
102
RTVSPost2010Prop51ColorRGB
 90
-16777216
102
RTVSPost2010PropOp51
 70
     0
102
RTVSPost2010Prop52
140
1.0
102
RTVSPost2010PropOp52
 70
     0
102
RTVSPost2010Prop53
 90
        2
102
RTVSPost2010PropOp53
 70
     1
102
RTVSPost2010Prop54
  1
strokes_ogs.tif
102
RTVSPost2010PropOp54
 70
     1
102
RTVSPost2010Prop55
280
     0
102
RTVSPost2010PropOp55
 70
     1
102
RTVSPost2010Prop56
140
1.0
102
RTVSPost2010PropOp56
 70
     1
102
RTVSPost2010Prop57
140
1.0
102
RTVSPost2010PropOp57
 70
     1
  0
XRECORD
  5
895
102
{ACAD_REACTORS
330
811
102
}
330
811
100
AcDbXrecord
280
     1
102
RTVSPropertyOp0
 70
     1
102
RTVSPropertyOp1
 70
     1
102
RTVSPropertyOp2
 70
     1
102
RTVSPropertyOp3
 70
     1
102
RTVSPropertyOp4
 70
     1
102
RTVSPropertyOp5
 70
     1
102
RTVSPropertyOp6
 70
     1
102
RTVSPropertyOp7
 70
     1
102
RTVSPropertyOp8
 70
     1
102
RTVSPropertyOp9
 70
     1
102
RTVSPropertyOp10
 70
     1
102
RTVSPropertyOp11
 70
     1
102
RTVSPropertyOp12
 70
     1
102
RTVSPropertyOp13
 70
     1
102
RTVSPropertyOp14
 70
     1
102
RTVSPropertyOp15
 70
     1
102
RTVSPropertyOp16
 70
     1
102
RTVSPropertyOp17
 70
     1
102
RTVSPropertyOp18
 70
     1
102
RTVSPropertyOp19
 70
     1
102
RTVSPropertyOp20
 70
     1
102
RTVSPropertyOp21
 70
     1
102
RTVSPropertyOp22
 70
     1
102
RTVSPropertyOp23
 70
     1
102
RTVSPropertyOp24
 70
     1
102
RTVSPropertyOp25
 70
     1
102
RTVSPropertyOp26
 70
     1
102
RTVSPropertyOp27
 70
     1
102
RTVSPropertyOp28
 70
     1
102
RTVSPropertyOp29
 70
     1
102
RTVSPropertyOp30
 70
     1
102
RTVSPropertyOp31
 70
     1
102
RTVSPropertyOp32
 70
     1
102
RTVSPropertyOp33
 70
     1
102
RTVSPropertyOp34
 70
     1
102
RTVSPropertyOp35
 70
     1
102
RTVSPropertyOp36
 70
     1
102
RTVSPropertyOp37
 70
     1
102
RTVSPropertyOp38
 70
     1
102
RTVSPropertyOp39
 70
     1
102
RTVSPropertyOp40
 70
     1
102
RTVSPropertyOp41
 70
     1
102
RTVSPropertyOp42
 70
     1
102
RTVSPropertyOp43
 70
     1
102
RTVSPropertyOp44
 70
     1
102
RTVSPropertyOp45
 70
     1
102
RTVSPropertyOp46
 70
     1
102
RTVSPropertyOp47
 70
     1
102
RTVSPropertyOp48
 70
     1
102
RTVSPropertyOp49
 70
     1
102
RTVSPropertyOp50
 70
     1
102
RTVSPropertyOp51
 70
     0
102
RTVSPropertyOp52
 70
     0
102
RTVSPropertyOp53
 70
     1
102
RTVSPropertyOp54
 70
     1
102
RTVSPropertyOp55
 70
     1
102
RTVSPropertyOp56
 70
     1
102
RTVSPropertyOp57
 70
     1
102
RTVSPost2010Prop28
280
     0
102
RTVSPost2010PropOp28
 70
     1
102
RTVSPost2010Prop29
280
     1
102
RTVSPost2010PropOp29
 70
     1
102
RTVSPost2010Prop30
280
     1
102
RTVSPost2010PropOp30
 70
     1
102
RTVSPost2010Prop31
280
     0
102
RTVSPost2010PropOp31
 70
     1
102
RTVSPost2010Prop32
280
     0
102
RTVSPost2010PropOp32
 70
     1
102
RTVSPost2010Prop33
280
     0
102
RTVSPost2010PropOp33
 70
     1
102
RTVSPost2010Prop34
280
     0
102
RTVSPost2010PropOp34
 70
     1
102
RTVSPost2010Prop35
280
     0
102
RTVSPost2010PropOp35
 70
     1
102
RTVSPost2010Prop36
280
     0
102
RTVSPost2010PropOp36
 70
     1
102
RTVSPost2010Prop37
 90
       50
102
RTVSPost2010PropOp37
 70
     1
102
RTVSPost2010Prop38
140
0.0
102
RTVSPost2010PropOp38
 70
     1
102
RTVSPost2010Prop39
140
1.0
102
RTVSPost2010PropOp39
 70
     1
102
RTVSPost2010Prop40
 90
        0
102
RTVSPost2010PropOp40
 70
     1
102
RTVSPost2010Prop41ColorIndex
 90
       18
102
RTVSPost2010Prop41ColorRGB
 90
        0
102
RTVSPost2010PropOp41
 70
     1
102
RTVSPost2010Prop42
 90
       50
102
RTVSPost2010PropOp42
 70
     1
102
RTVSPost2010Prop43
 90
        3
102
RTVSPost2010PropOp43
 70
     1
102
RTVSPost2010Prop44ColorIndex
 90
        5
102
RTVSPost2010Prop44ColorRGB
 90
      255
102
RTVSPost2010PropOp44
 70
     1
102
RTVSPost2010Prop45
280
     0
102
RTVSPost2010PropOp45
 70
     1
102
RTVSPost2010Prop46
 90
       50
102
RTVSPost2010PropOp46
 70
     1
102
RTVSPost2010Prop47
 90
       50
102
RTVSPost2010PropOp47
 70
     1
102
RTVSPost2010Prop48
 90
       50
102
RTVSPost2010PropOp48
 70
     1
102
RTVSPost2010Prop49
280
     0
102
RTVSPost2010PropOp49
 70
     1
102
RTVSPost2010Prop50
 90
       50
102
RTVSPost2010PropOp50
 70
     1
102
RTVSPost2010Prop51ColorIndex
 90
      256
102
RTVSPost2010Prop51ColorRGB
 90
-16777216
102
RTVSPost2010PropOp51
 70
     0
102
RTVSPost2010Prop52
140
1.0
102
RTVSPost2010PropOp52
 70
     0
102
RTVSPost2010Prop53
 90
        2
102
RTVSPost2010PropOp53
 70
     1
102
RTVSPost2010Prop54
  1
strokes_ogs.tif
102
RTVSPost2010PropOp54
 70
     1
102
RTVSPost2010Prop55
280
     0
102
RTVSPost2010PropOp55
 70
     1
102
RTVSPost2010Prop56
140
1.0
102
RTVSPost2010PropOp56
 70
     1
102
RTVSPost2010Prop57
140
1.0
102
RTVSPost2010PropOp57
 70
     1
  0
XRECORD
  5
896
102
{ACAD_REACTORS
330
813
102
}
330
813
100
AcDbXrecord
280
     1
102
RTVSPropertyOp0
 70
     1
102
RTVSPropertyOp1
 70
     1
102
RTVSPropertyOp2
 70
     1
102
RTVSPropertyOp3
 70
     1
102
RTVSPropertyOp4
 70
     1
102
RTVSPropertyOp5
 70
     1
102
RTVSPropertyOp6
 70
     1
102
RTVSPropertyOp7
 70
     1
102
RTVSPropertyOp8
 70
     1
102
RTVSPropertyOp9
 70
     1
102
RTVSPropertyOp10
 70
     1
102
RTVSPropertyOp11
 70
     1
102
RTVSPropertyOp12
 70
     1
102
RTVSPropertyOp13
 70
     1
102
RTVSPropertyOp14
 70
     1
102
RTVSPropertyOp15
 70
     1
102
RTVSPropertyOp16
 70
     1
102
RTVSPropertyOp17
 70
     1
102
RTVSPropertyOp18
 70
     1
102
RTVSPropertyOp19
 70
     1
102
RTVSPropertyOp20
 70
     1
102
RTVSPropertyOp21
 70
     1
102
RTVSPropertyOp22
 70
     1
102
RTVSPropertyOp23
 70
     1
102
RTVSPropertyOp24
 70
     1
102
RTVSPropertyOp25
 70
     1
102
RTVSPropertyOp26
 70
     1
102
RTVSPropertyOp27
 70
     1
102
RTVSPropertyOp28
 70
     1
102
RTVSPropertyOp29
 70
     1
102
RTVSPropertyOp30
 70
     1
102
RTVSPropertyOp31
 70
     1
102
RTVSPropertyOp32
 70
     1
102
RTVSPropertyOp33
 70
     1
102
RTVSPropertyOp34
 70
     1
102
RTVSPropertyOp35
 70
     1
102
RTVSPropertyOp36
 70
     1
102
RTVSPropertyOp37
 70
     1
102
RTVSPropertyOp38
 70
     1
102
RTVSPropertyOp39
 70
     1
102
RTVSPropertyOp40
 70
     1
102
RTVSPropertyOp41
 70
     1
102
RTVSPropertyOp42
 70
     1
102
RTVSPropertyOp43
 70
     1
102
RTVSPropertyOp44
 70
     1
102
RTVSPropertyOp45
 70
     1
102
RTVSPropertyOp46
 70
     1
102
RTVSPropertyOp47
 70
     1
102
RTVSPropertyOp48
 70
     1
102
RTVSPropertyOp49
 70
     1
102
RTVSPropertyOp50
 70
     1
102
RTVSPropertyOp51
 70
     0
102
RTVSPropertyOp52
 70
     0
102
RTVSPropertyOp53
 70
     1
102
RTVSPropertyOp54
 70
     1
102
RTVSPropertyOp55
 70
     1
102
RTVSPropertyOp56
 70
     1
102
RTVSPropertyOp57
 70
     1
102
RTVSPost2010Prop28
280
     0
102
RTVSPost2010PropOp28
 70
     1
102
RTVSPost2010Prop29
280
     1
102
RTVSPost2010PropOp29
 70
     1
102
RTVSPost2010Prop30
280
     1
102
RTVSPost2010PropOp30
 70
     1
102
RTVSPost2010Prop31
280
     0
102
RTVSPost2010PropOp31
 70
     1
102
RTVSPost2010Prop32
280
     0
102
RTVSPost2010PropOp32
 70
     1
102
RTVSPost2010Prop33
280
     0
102
RTVSPost2010PropOp33
 70
     1
102
RTVSPost2010Prop34
280
     0
102
RTVSPost2010PropOp34
 70
     1
102
RTVSPost2010Prop35
280
     0
102
RTVSPost2010PropOp35
 70
     1
102
RTVSPost2010Prop36
280
     0
102
RTVSPost2010PropOp36
 70
     1
102
RTVSPost2010Prop37
 90
       50
102
RTVSPost2010PropOp37
 70
     1
102
RTVSPost2010Prop38
140
0.0
102
RTVSPost2010PropOp38
 70
     1
102
RTVSPost2010Prop39
140
1.0
102
RTVSPost2010PropOp39
 70
     1
102
RTVSPost2010Prop40
 90
        0
102
RTVSPost2010PropOp40
 70
     1
102
RTVSPost2010Prop41ColorIndex
 90
       18
102
RTVSPost2010Prop41ColorRGB
 90
        0
102
RTVSPost2010PropOp41
 70
     1
102
RTVSPost2010Prop42
 90
       50
102
RTVSPost2010PropOp42
 70
     1
102
RTVSPost2010Prop43
 90
        3
102
RTVSPost2010PropOp43
 70
     1
102
RTVSPost2010Prop44ColorIndex
 90
        5
102
RTVSPost2010Prop44ColorRGB
 90
      255
102
RTVSPost2010PropOp44
 70
     1
102
RTVSPost2010Prop45
280
     0
102
RTVSPost2010PropOp45
 70
     1
102
RTVSPost2010Prop46
 90
       50
102
RTVSPost2010PropOp46
 70
     1
102
RTVSPost2010Prop47
 90
       50
102
RTVSPost2010PropOp47
 70
     1
102
RTVSPost2010Prop48
 90
       50
102
RTVSPost2010PropOp48
 70
     1
102
RTVSPost2010Prop49
280
     0
102
RTVSPost2010PropOp49
 70
     1
102
RTVSPost2010Prop50
 90
       50
102
RTVSPost2010PropOp50
 70
     1
102
RTVSPost2010Prop51ColorIndex
 90
      256
102
RTVSPost2010Prop51ColorRGB
 90
-16777216
102
RTVSPost2010PropOp51
 70
     0
102
RTVSPost2010Prop52
140
1.0
102
RTVSPost2010PropOp52
 70
     0
102
RTVSPost2010Prop53
 90
        2
102
RTVSPost2010PropOp53
 70
     1
102
RTVSPost2010Prop54
  1
strokes_ogs.tif
102
RTVSPost2010PropOp54
 70
     1
102
RTVSPost2010Prop55
280
     0
102
RTVSPost2010PropOp55
 70
     1
102
RTVSPost2010Prop56
140
1.0
102
RTVSPost2010PropOp56
 70
     1
102
RTVSPost2010Prop57
140
1.0
102
RTVSPost2010PropOp57
 70
     1
  0
ENDSEC
  0
EOF
